pixel#,intensity1,depth1,reflection1,absorption1,intensity2,depth2,reflection2,absorption2,D,iii,aaa
1,1,25.77394213,0.000376197,0.138004958,0.000113055,74.65508251,4.49E-05,0.234893814,1.6924,1.000113055,0.372898772
2,0.962623027,26.158833,0.000365212,0.138004958,0.001102287,74.27019164,4.53E-05,0.112257248,1.6924,0.963725314,0.250262206
3,0.929163001,26.54372387,0.000354701,0.138004958,0,73.88530077,4.58E-05,0.470565296,1.6924,0.929163001,0.608570254
4,0.894590961,26.92861474,0.000344637,0.138004958,0.001837144,73.5004099,4.63E-05,0.159762629,1.6924,0.896428105,0.297767587
5,0.859471212,27.3135056,0.000334996,0.138004958,0.000819649,73.11551903,4.68E-05,0.49203127,1.6924,0.860290861,0.630036228
6,0.828533966,27.69839647,0.000325754,0.138004958,0.002430683,72.73062816,4.73E-05,0.245358067,1.6924,0.830964649,0.383363025
7,0.796916234,28.08328734,0.000316888,0.138004958,0.001667562,72.34573729,4.78E-05,0.517878379,1.6924,0.798583796,0.655883337
8,0.768103434,28.46817821,0.00030838,0.138004958,0.002798112,71.96084642,4.83E-05,0.384606913,1.6924,0.770901546,0.522611871
9,0.737564522,28.85306908,0.00030021,0.138004958,0.00180888,71.57595555,4.88E-05,0.707644743,1.6924,0.739373402,0.845649701
10,0.71104214,29.23795995,0.000292361,0.138004958,0.003674288,71.19106468,4.93E-05,0.425496903,1.6924,0.714716428,0.563501861
11,0.683274966,29.62285082,0.000284815,0.138004958,0.004069981,70.80617382,4.99E-05,0.458044631,1.6924,0.687344947,0.596049589
12,0.65552439,30.00774169,0.000277557,0.138004958,0.005398378,70.42128295,5.04E-05,0.314295063,1.6924,0.660922768,0.452300021
13,0.628321522,30.39263256,0.000270574,0.138004958,0.003250332,70.03639208,5.10E-05,0.8532055,1.6924,0.631571854,0.991210458
14,0.604985809,30.77752343,0.000263851,0.138004958,0.004776575,69.65150121,5.15E-05,0.661079224,1.6924,0.609762384,0.799084182
15,0.583326418,31.1624143,0.000257375,0.138004958,0.006641983,69.26661034,5.21E-05,0.427727335,1.6924,0.589968401,0.565732293
16,0.55750112,31.54730517,0.000251135,0.138004958,0.006528928,68.88171947,5.27E-05,0.56444503,1.6924,0.564030048,0.702449988
17,0.536024298,31.93219603,0.000245118,0.138004958,0.006331082,68.4968286,5.33E-05,0.718658,1.6924,0.54235538,0.856662958
18,0.516788103,32.3170869,0.000239316,0.138004958,0.006952884,68.11193773,5.39E-05,0.724689075,1.6924,0.523740987,0.862694033
19,0.496174337,32.70197777,0.000233717,0.138004958,0.007829061,67.72704686,5.45E-05,0.689448751,1.6924,0.504003398,0.827453709
20,0.477884184,33.08686864,0.000228312,0.138004958,0.008394336,67.34215599,5.51E-05,0.712758841,1.6924,0.48627852,0.850763799
21,0.461386533,33.47175951,0.000223093,0.138004958,0.008931347,66.95726512,5.58E-05,0.743647103,1.6924,0.47031788,0.881652061
22,0.442349505,33.85665038,0.000218051,0.138004958,0.010514118,66.57237425,5.64E-05,0.606789267,1.6924,0.452863623,0.744794225
23,0.423959768,34.24154125,0.000213177,0.138004958,0.010061898,66.18748339,5.71E-05,0.803961056,1.6924,0.434021666,0.941966014
24,0.408540937,34.62643212,0.000208465,0.138004958,0.010485854,65.80259252,5.77E-05,0.860944152,1.6924,0.419026791,0.99894911
25,0.392176063,35.01132299,0.000203908,0.138719437,0.012238207,65.41770165,5.84E-05,0.712441346,1.6924,0.40441427,0.851160783
26,0.377919039,35.39621386,0.000199499,0.113225133,0.012322998,65.03281078,5.91E-05,0.827088131,1.6924,0.390242037,0.940313264
27,0.363313472,35.78110473,0.000195231,0.106499109,0.01308612,64.64791991,5.98E-05,0.840595568,1.6924,0.376399592,0.947094677
28,0.348209988,36.16599559,0.000191098,0.122445227,0.014160142,64.26302904,6.05E-05,0.812172513,1.6924,0.36237013,0.93461774
29,0.336293174,36.55088646,0.000187095,0.086496416,0.015827704,63.87813817,6.13E-05,0.706311627,1.6924,0.352120878,0.792808043
30,0.322002954,36.93577733,0.000183217,0.111139239,0.016082078,63.4932473,6.20E-05,0.802951488,1.6924,0.338085032,0.914090727
31,0.30834343,37.3206682,0.000179458,0.13573391,0.015629858,63.10835643,6.28E-05,1,1.6924,0.323973288,1.13573391
32,0.29735606,37.70555907,0.000175814,0.113775176,0.017834431,62.72346556,6.35E-05,0.833450627,1.6924,0.315190491,0.947225803
33,0.286053344,38.09044994,0.000172279,0.109507283,0.018795399,62.33857469,6.43E-05,0.8431029,1.6924,0.304848743,0.952610183
34,0.273920765,38.47534081,0.00016885,0.13602181,0.019191091,61.95368383,6.51E-05,0.929140734,1.6924,0.293111856,1.065162544
35,0.264742494,38.86023168,0.000165523,0.10336667,0.021084763,61.56879296,6.59E-05,0.828575049,1.6924,0.285827257,0.931941719
36,0.252609915,39.24512255,0.000162292,0.153600932,0.021904412,61.18390209,6.68E-05,0.867746382,1.6924,0.274514327,1.021347314
37,0.245074771,39.63001342,0.000159156,0.1,0.023119754,60.79901122,6.76E-05,0.862860549,1.6924,0.268194525,0.962860549
38,0.234103998,40.01490429,0.000156109,0.142922064,0.025041689,60.41412035,6.85E-05,0.781848245,1.6924,0.259145687,0.924770309
39,0.230535593,40.39979515,0.000153149,0.14,0.026483141,60.02922948,6.94E-05,0.763242791,1.6924,0.257018734,0.903242791
40,0.215083567,40.78468602,0.000150273,0.187629607,0.026991888,59.64433861,7.03E-05,0.85155096,1.6924,0.242075455,1.039180567
41,0.207100297,41.16957689,0.000147477,0.182925607,0.027698482,59.25944774,7.12E-05,0.92050685,1.6924,0.234798779,1.103432457
42,0.197739457,41.55446776,0.000144758,0.22854686,0.030355275,58.87455687,7.21E-05,0.78647509,1.6924,0.228094732,1.01502195
43,0.189042506,41.93935863,0.000142113,0.26611847,0.031061869,58.489666,7.31E-05,0.862384968,1.6924,0.220104375,1.128503438
44,0.182387014,42.3242495,0.000139541,0.25065898,0.033718663,58.10477513,7.40E-05,0.746938089,1.6924,0.216105677,0.997597069
45,0.17485187,42.70914037,0.000137037,0.272044654,0.034368729,57.71988427,7.50E-05,0.834878979,1.6924,0.209220599,1.106923633
46,0.168744087,43.09403124,0.000134601,0.256000899,0.038495238,57.3349934,7.60E-05,0.601612154,1.6924,0.207239325,0.857613053
47,0.161673665,43.47892211,0.000132228,0.280851,0.038043017,56.95010253,7.71E-05,0.796043598,1.6924,0.199716682,1.076894598
48,0.153706992,43.86381298,0.000129918,0.347680956,0.040417173,56.56521166,7.81E-05,0.738161721,1.6924,0.194124165,1.085842677
49,0.148694627,44.24870385,0.000127668,0.319094579,0.041943416,56.18032079,7.92E-05,0.761623261,1.6924,0.190638043,1.08071784
50,0.143001776,44.63359472,0.000125476,0.322817345,0.047370057,55.79542992,8.03E-05,0.468941599,1.6924,0.190371833,0.791758944
51,0.138703092,45.01848558,0.00012334,0.281610523,0.048726718,55.41053905,8.14E-05,0.519823448,1.6924,0.18742981,0.801433971
52,0.131566281,45.40337645,0.000121258,0.357844033,0.0488963,55.02564818,8.26E-05,0.666870594,1.6924,0.180462581,1.024714627
53,0.12598961,45.78826732,0.000119228,0.383243703,0.051863995,54.64075731,8.37E-05,0.599661006,1.6924,0.177853605,0.982904709
54,0.120811273,46.17315819,0.000117249,0.401206238,0.053616348,54.25586644,8.49E-05,0.631719093,1.6924,0.174427621,1.032925331
55,0.116844534,46.55804906,0.000115319,0.375629654,0.055396964,53.87097557,8.61E-05,0.666005946,1.6924,0.172241498,1.0416356
56,0.110371612,46.94293993,0.000113436,0.467498107,0.058421187,53.4860847,8.74E-05,0.615937818,1.6924,0.168792799,1.083435925
57,0.107433902,47.3278308,0.000111598,0.410279169,0.063028179,53.10119384,8.87E-05,0.467248146,1.6924,0.170462081,0.877527315
58,0.102272161,47.71272167,0.000109805,0.4617263,0.064667477,52.71630297,9.00E-05,0.527976295,1.6924,0.166939638,0.989702595
59,0.098023269,48.09761254,0.000108055,0.479249764,0.068370029,52.3314121,9.13E-05,0.45926727,1.6924,0.166393298,0.938517034
60,0.094338683,48.48250341,0.000106347,0.476749525,0.072072581,51.94652123,9.26E-05,0.400574775,1.6924,0.166411264,0.8773243
61,0.089957013,48.86739428,0.000104678,0.51683645,0.07484243,51.56163036,9.40E-05,0.407005247,1.6924,0.164799443,0.923841697
62,0.086587774,49.25228514,0.000103049,0.512679832,0.077838388,51.17673949,9.54E-05,0.405998317,1.6924,0.164426162,0.918678149
63,0.08313555,49.63717601,0.000101457,0.519586328,0.081060456,50.79184862,9.69E-05,0.398335766,1.6924,0.164196006,0.917922094
64,0.079998672,50.02206688,9.99E-05,0.516027387,0.085582657,50.40695775,9.84E-05,0.325457462,1.6924,0.165581329,0.841484849
65,0.075633599,50.40695775,9.84E-05,0.589307581,0.087278483,50.02206688,9.99E-05,0.415126911,1.6924,0.162912082,1.004434492
66,0.073027834,50.79184862,9.69E-05,0.569301773,0.09199853,49.63717601,0.000101457,0.347407718,1.6924,0.165026364,0.916709491
67,0.068148247,51.17673949,9.54E-05,0.693817567,0.096266358,49.25228514,0.000103049,0.313205953,1.6924,0.164414605,1.00702352
68,0.066372342,51.56163036,9.40E-05,0.635718788,0.102088692,48.86739428,0.000104678,0.211212176,1.6924,0.168461034,0.846930964
69,0.061940881,51.94652123,9.26E-05,0.75385711,0.103332297,48.48250341,0.000106347,0.340921517,1.6924,0.165273178,1.094778627
70,0.059750046,52.3314121,9.13E-05,0.734111607,0.109324214,48.09761254,0.000108055,0.248168554,1.6924,0.16907426,0.982280161
71,0.057542613,52.71630297,9.00E-05,0.720653957,0.112489754,47.71272167,0.000109805,0.296458961,1.6924,0.170032367,1.017112918
72,0.055019834,53.10119384,8.87E-05,0.734875977,0.117294593,47.3278308,0.000111598,0.276366419,1.6924,0.172314427,1.011242396
73,0.051517817,53.4860847,8.74E-05,0.82797706,0.121477629,46.94293993,0.000113436,0.291573722,1.6924,0.172995446,1.119550782
74,0.049775107,53.87097557,8.61E-05,0.798927558,0.128034821,46.55804906,0.000115319,0.213023569,1.6924,0.177809928,1.011951127
75,0.046538647,54.25586644,8.49E-05,0.8910525,0.131454736,46.17315819,0.000117249,0.274898364,1.6924,0.177993383,1.165950864
76,0.045194271,54.64075731,8.37E-05,0.841416906,0.137164015,45.78826732,0.000119228,0.249455503,1.6924,0.182358286,1.090872409
77,0.043152811,55.02564818,8.26E-05,0.852549922,0.144597383,45.40337645,0.000121258,0.166205177,1.6924,0.187750194,1.018755099
78,0.040679823,55.41053905,8.14E-05,0.906697476,0.150278398,45.01848558,0.00012334,0.161336302,1.6924,0.190958221,1.068033778
79,0.039318849,55.79542992,8.03E-05,0.871988795,0.155337611,44.63359472,0.000125476,0.187496359,1.6924,0.19465646,1.059485154
80,0.036480722,56.18032079,7.92E-05,0.974219802,0.160764252,44.24870385,0.000127668,0.207375972,1.6924,0.197244974,1.181595774
81,0.036331347,56.56521166,7.81E-05,0.83840102,0.16864984,43.86381298,0.000129918,0.148656389,1.6924,0.204981187,0.987057409
82,0.033028497,56.95010253,7.71E-05,1,0.17376558,43.47892211,0.000132228,0.195446624,1.6924,0.206794077,1.195446624
83,0.03223183,57.3349934,7.60E-05,0.930397453,0.180718465,43.09403124,0.000134601,0.187601607,1.6924,0.212950295,1.11799906
84,0.030638496,57.71988427,7.50E-05,0.942704823,0.190130296,42.70914037,0.000137037,0.109867943,1.6924,0.220768792,1.052572766
85,0.029626064,58.10477513,7.40E-05,0.901200444,0.197281027,42.3242495,0.000139541,0.115751743,1.6924,0.226907091,1.016952187
86,0.027833563,58.489666,7.31E-05,0.944571838,0.203583844,41.93935863,0.000142113,0.156242886,1.6924,0.231417407,1.100814724
87,0.026505784,58.87455687,7.21E-05,0.945087519,0.21039541,41.55446776,0.000144758,0.188977003,1.6924,0.236901194,1.134064522
88,0.026389603,59.25944774,7.12E-05,0.817952675,0.221503067,41.16957689,0.000147477,0.104978971,1.6924,0.24789267,0.922931646
89,0.023916615,59.64433861,7.03E-05,0.953645812,0.231367118,40.78468602,0.000150273,0.070285573,1.6924,0.255283733,1.023931385
90,0.023634462,60.02922948,6.94E-05,0.848542636,0.240976795,40.39979515,0.000153149,0.054139183,1.6924,0.264611257,0.902681819
91,0.021858558,60.41412035,6.85E-05,0.91938024,0.249936407,40.01490429,0.000156109,0.065954788,1.6924,0.271794965,0.985335028
92,0.021045294,60.79901122,6.76E-05,0.881990904,0.259998304,39.63001342,0.000159156,0.058974297,1.6924,0.281043598,0.940965201
93,0.020580571,61.18390209,6.68E-05,0.805041719,0.272575676,39.24512255,0.000162292,0,1.6924,0.293156247,0.805041719
94,0.018406334,61.56879296,6.59E-05,0.944739256,0.280856957,38.86023168,0.000165523,0.058997071,1.6924,0.299263291,1.003736327
95,0.018090986,61.95368383,6.51E-05,0.854122675,0.289194766,38.47534081,0.00016885,0.124945481,1.6924,0.307285752,0.979068156
96,0.017211333,62.33857469,6.43E-05,0.839121522,0.301574291,38.09044994,0.000172279,0.104647844,1.6924,0.318785624,0.943769366
97,0.016165707,62.72346556,6.35E-05,0.850225439,0.312286255,37.70555907,0.000175814,0.134593498,1.6924,0.328451962,0.984818937
98,0.016099318,63.10835643,6.28E-05,0.731951443,0.3248071,37.3206682,0.000179458,0.134652862,1.6924,0.340906418,0.866604305
99,0.014771539,63.4932473,6.20E-05,0.788596143,0.340210848,36.93577733,0.000183217,0.084745221,1.6924,0.354982387,0.873341364
100,0.013709316,63.87813817,6.13E-05,0.814615057,0.349735734,36.55088646,0.000187095,0.084745221,1.6924,0.36344505,0.899360278
101,0.013593135,64.26302904,6.05E-05,0.707516897,0.363895876,36.16599559,0.000191098,0.084745221,1.6924,0.377489011,0.792262118
102,0.012564107,64.64791991,5.98E-05,0.73565422,0.376755886,35.78110473,0.000195231,0.084745221,1.6924,0.389319993,0.820399441
103,0.011784037,65.03281078,5.91E-05,0.731391483,0.391255193,35.39621386,0.000199499,0.084745221,1.6924,0.40303923,0.816136704
104,0.011385703,65.41770165,5.84E-05,0.671841544,0.407195953,35.01132299,0.000203908,0.084745221,1.6924,0.418581656,0.756586765
105,0.010738411,65.80259252,5.77E-05,0.652993611,0.424210735,34.62643212,0.000208465,0.084745221,1.6924,0.434949146,0.737738832
106,0.009991535,66.18748339,5.71E-05,0.653132973,0.439727537,34.24154125,0.000213177,0.084745221,1.6924,0.449719072,0.737878194
107,0.009642993,66.57237425,5.64E-05,0.59216821,0.456035725,33.85665038,0.000218051,0.084745221,1.6924,0.465678718,0.676913431
108,0.00984216,66.95726512,5.58E-05,0.444612872,0.47720528,33.47175951,0.000223093,0.084745221,1.6924,0.48704744,0.529358093
109,0.008414798,67.34215599,5.51E-05,0.563924448,0.491987225,33.08686864,0.000228312,0.084745221,1.6924,0.500402023,0.648669669
110,0.007634728,67.72704686,5.45E-05,0.583079286,0.511347899,32.70197777,0.000233717,0.084745221,1.6924,0.518982627,0.667824507
111,0.007053825,68.11193773,5.39E-05,0.571563754,0.531132529,32.3170869,0.000239316,0.084745221,1.6924,0.538186354,0.656308975
112,0.007651325,68.4968286,5.33E-05,0.355978596,0.553432633,31.93219603,0.000245118,0.084745221,1.6924,0.561083958,0.440723817
113,0.006389935,68.88171947,5.27E-05,0.467044465,0.574884825,31.54730517,0.000251135,0.084745221,1.6924,0.58127476,0.551789686
114,0.005493685,69.26661034,5.21E-05,0.521610842,0.596421808,31.1624143,0.000257375,0.084745221,1.6924,0.601915493,0.606356063
115,0.005244726,69.65150121,5.15E-05,0.459150135,0.618269693,30.77752343,0.000263851,0.084745221,1.6924,0.623514419,0.543895356
116,0.005593268,70.03639208,5.10E-05,0.286439706,0.643254854,30.39263256,0.000270574,0.084745221,1.6924,0.648848122,0.371184927
117,0.004531045,70.42128295,5.04E-05,0.380185622,0.668155225,30.00774169,0.000277557,0.084745221,1.6924,0.67268627,0.464930843
118,0.004348476,70.80617382,4.99E-05,0.309575773,0.691755462,29.62285082,0.000284815,0.084745221,1.6924,0.696103938,0.394320994
119,0.0036016,71.19106468,4.93E-05,0.351947327,0.718464713,29.23795995,0.000292361,0.084745221,1.6924,0.722066313,0.436692548
120,0.003502017,71.57595555,4.88E-05,0.26774171,0.746982844,28.85306908,0.00030021,0.084745221,1.6924,0.750484861,0.352486931
121,0.003170072,71.96084642,4.83E-05,0.231743253,0.776377152,28.46817821,0.00030838,0.084745221,1.6924,0.779547224,0.316488474
122,0.002937711,72.34573729,4.78E-05,0.177096439,0.805771459,28.08328734,0.000316888,0.084745221,1.6924,0.80870917,0.26184166
123,0.002489585,72.73062816,4.73E-05,0.168730945,0.83917922,27.69839647,0.000325754,0.084745221,1.6924,0.841668805,0.253476166
124,0.001775904,73.11551903,4.68E-05,0.220280855,0.871993443,27.3135056,0.000334996,0.084745221,1.6924,0.873769347,0.305026076
125,0.001975071,73.5004099,4.63E-05,0.07778786,0.900992058,26.92861474,0.000344637,0.084745221,1.6924,0.902967129,0.162533081
126,0.001327779,73.88530077,4.58E-05,0.119680321,0.933325796,26.54372387,0.000354701,0.084745221,1.6924,0.934653575,0.204425542
127,0.001145209,74.27019164,4.53E-05,0.062235247,0.971623188,26.158833,0.000365212,0.084745221,1.6924,0.972768397,0.146980468
128,0,74.65508251,4.49E-05,0.228168119,1,25.77394213,0.000376197,0.084745221,1.6924,1,0.31291334
1,1,27.61921006,0.000327624,0.137762483,0.000113055,79.99996259,3.91E-05,1,1.5758,1.000113055,1.137762483
2,0.962623027,28.03165693,0.000318057,0.137762483,0.001102287,79.58751572,3.95E-05,0.734068118,1.5758,0.963725314,0.871830601
3,0.929163001,28.4441038,0.000308902,0.137762483,0,79.17506885,3.99E-05,0.808972619,1.5758,0.929163001,0.946735102
4,0.894590961,28.85655067,0.000300138,0.137762483,0.001837144,78.76262198,4.03E-05,0.658286193,1.5758,0.896428105,0.796048676
5,0.859471212,29.26899754,0.000291741,0.137762483,0.000819649,78.35017511,4.07E-05,0.71374851,1.5758,0.860290861,0.851510993
6,0.828533966,29.68144441,0.000283692,0.137762483,0.002430683,77.93772824,4.12E-05,0.793345243,1.5758,0.830964649,0.931107726
7,0.796916234,30.09389128,0.000275971,0.137762483,0.001667562,77.52528137,4.16E-05,0.680111257,1.5758,0.798583796,0.81787374
8,0.768103434,30.50633815,0.000268561,0.137762483,0.002798112,77.1128345,4.20E-05,0.782183736,1.5758,0.770901546,0.919946219
9,0.737564522,30.91878503,0.000261446,0.140172821,0.00180888,76.70038763,4.25E-05,0.709753279,1.5758,0.739373402,0.8499261
10,0.71104214,31.3312319,0.000254609,0.131177937,0.003674288,76.28794076,4.30E-05,0.650916869,1.5758,0.714716428,0.782094806
11,0.683274966,31.74367877,0.000248038,0.112375236,0.004069981,75.87549388,4.34E-05,0.741628493,1.5758,0.687344947,0.854003729
12,0.65552439,32.15612564,0.000241717,0.120318977,0.005398378,75.46304701,4.39E-05,0.747880714,1.5758,0.660922768,0.868199691
13,0.628321522,32.56857251,0.000235635,0.135697559,0.003250332,75.05060014,4.44E-05,0.785920671,1.5758,0.631571854,0.92161823
14,0.604985809,32.98101938,0.00022978,0.133835164,0.004776575,74.63815327,4.49E-05,0.679290045,1.5758,0.609762384,0.813125209
15,0.583326418,33.39346625,0.00022414,0.136421095,0.006641983,74.2257064,4.54E-05,0.621949263,1.5758,0.589968401,0.758370358
16,0.55750112,33.80591312,0.000218705,0.155371125,0.006528928,73.81325953,4.59E-05,0.578882314,1.5758,0.564030048,0.734253439
17,0.536024298,34.21835999,0.000213466,0.13616877,0.006331082,73.40081266,4.64E-05,0.617122582,1.5758,0.54235538,0.753291352
18,0.516788103,34.63080686,0.000208413,0.160777755,0.006952884,72.98836579,4.69E-05,0.639273808,1.5758,0.523740987,0.800051563
19,0.496174337,35.04325373,0.000203537,0.169447264,0.007829061,72.57591892,4.75E-05,0.415729173,1.5758,0.504003398,0.585176437
20,0.477884184,35.4557006,0.00019883,0.194878711,0.008394336,72.16347205,4.80E-05,0.578918078,1.5758,0.48627852,0.773796789
21,0.461386533,35.86814747,0.000194284,0.180753426,0.008931347,71.75102518,4.86E-05,0.662465214,1.5758,0.47031788,0.84321864
22,0.442349505,36.28059434,0.000189893,0.21944421,0.010514118,71.33857831,4.91E-05,0.528017429,1.5758,0.452863623,0.747461639
23,0.423959768,36.69304121,0.000185649,0.239923242,0.010061898,70.92613144,4.97E-05,0.534669651,1.5758,0.434021666,0.774592893
24,0.408540937,37.10548808,0.000181545,0.250308496,0.010485854,70.51368457,5.03E-05,0.634158947,1.5758,0.419026791,0.884467443
25,0.392176063,37.51793495,0.000177576,0.275341532,0.012238207,70.1012377,5.09E-05,0.410373064,1.5758,0.40441427,0.685714596
26,0.377919039,37.93038182,0.000173736,0.30401606,0.012322998,69.68879083,5.15E-05,0.467702337,1.5758,0.390242037,0.771718397
27,0.363313472,38.34282869,0.000170019,0.300903238,0.01308612,69.27634396,5.21E-05,0.40916111,1.5758,0.376399592,0.710064348
28,0.348209988,38.75527556,0.00016642,0.353306698,0.014160142,68.86389709,5.27E-05,0.48166173,1.5758,0.36237013,0.834968428
29,0.336293174,39.16772243,0.000162934,0.335298127,0.015827704,68.45145022,5.34E-05,0.469440294,1.5758,0.352120878,0.804738421
30,0.322002954,39.5801693,0.000159557,0.366297261,0.016082078,68.03900335,5.40E-05,0.350855656,1.5758,0.338085032,0.717152917
31,0.30834343,39.99261617,0.000156283,0.423439235,0.015629858,67.62655648,5.47E-05,0.287304037,1.5758,0.323973288,0.710743272
32,0.29735606,40.40506304,0.000153109,0.44668096,0.017834431,67.21410961,5.53E-05,0.324665961,1.5758,0.315190491,0.771346921
33,0.286053344,40.81750991,0.000150031,0.497886382,0.018795399,66.80166274,5.60E-05,0.393435633,1.5758,0.304848743,0.891322015
34,0.273920765,41.22995678,0.000147045,0.510231489,0.019191091,66.38921587,5.67E-05,0.295862843,1.5758,0.293111856,0.806094332
35,0.264742494,41.64240365,0.000144147,0.511196644,0.021084763,65.976769,5.74E-05,0.217891795,1.5758,0.285827257,0.729088439
36,0.252609915,42.05485052,0.000141334,0.549458537,0.021904412,65.56432213,5.82E-05,0.257156362,1.5758,0.274514327,0.806614899
37,0.245074771,42.46729739,0.000138602,0.568098352,0.023119754,65.15187526,5.89E-05,0.271051746,1.5758,0.268194525,0.839150098
38,0.234103998,42.87974426,0.000135949,0.591340803,0.025041689,64.73942839,5.96E-05,0.32322601,1.5758,0.259145687,0.914566813
39,0.230535593,43.29219113,0.000133371,0.527287025,0.026483141,64.32698152,6.04E-05,0.090103989,1.5758,0.257018734,0.617391014
40,0.215083567,43.704638,0.000130866,0.693568454,0.026991888,63.91453465,6.12E-05,0.260420128,1.5758,0.242075455,0.953988582
41,0.207100297,44.11708487,0.000128431,0.689805539,0.027698482,63.50208778,6.20E-05,0.239084905,1.5758,0.234798779,0.928890444
42,0.197739457,44.52953174,0.000126063,0.721162704,0.030355275,63.08964091,6.28E-05,0.154496782,1.5758,0.228094732,0.875659486
43,0.189042506,44.94197861,0.00012376,0.763374053,0.031061869,62.67719404,6.36E-05,0.221692525,1.5758,0.220104375,0.985066578
44,0.182387014,45.35442548,0.00012152,0.75429189,0.033718663,62.26474717,6.45E-05,0.202188915,1.5758,0.216105677,0.956480805
45,0.17485187,45.76687235,0.00011934,0.79703976,0.034368729,61.8523003,6.53E-05,0.174128428,1.5758,0.209220599,0.971168188
46,0.168744087,46.17931923,0.000117218,0.831895451,0.038495238,61.43985343,6.62E-05,0.202128238,1.5758,0.207239325,1.034023689
47,0.161673665,46.5917661,0.000115152,0.807659592,0.038043017,61.02740656,6.71E-05,0.178199976,1.5758,0.199716682,0.985859568
48,0.153706992,47.00421297,0.00011314,0.860237849,0.040417173,60.61495968,6.80E-05,0.10678735,1.5758,0.194124165,0.967025199
49,0.148694627,47.41665984,0.000111181,0.862328668,0.041943416,60.20251281,6.90E-05,0.15338833,1.5758,0.190638043,1.015716998
50,0.143001776,47.82910671,0.000109272,0.895775045,0.047370057,59.79006594,6.99E-05,0.12751289,1.5758,0.190371833,1.023287935
51,0.138703092,48.24155358,0.000107412,0.930049885,0.048726718,59.37761907,7.09E-05,0.075656055,1.5758,0.18742981,1.00570594
52,0.131566281,48.65400045,0.000105598,0.925376497,0.0488963,58.9651722,7.19E-05,0.10197667,1.5758,0.180462581,1.027353167
53,0.12598961,49.06644732,0.000103831,0.925826887,0.051863995,58.55272533,7.29E-05,0.134957213,1.5758,0.177853605,1.0607841
54,0.120811273,49.47889419,0.000102107,0.939092151,0.053616348,58.14027846,7.40E-05,0.088470015,1.5758,0.174427621,1.027562166
55,0.116844534,49.89134106,0.000100426,0.945256049,0.055396964,57.72783159,7.50E-05,0.088943736,1.5758,0.172241498,1.034199785
56,0.110371612,50.30378793,9.88E-05,0.933708358,0.058421187,57.31538472,7.61E-05,0.068684257,1.5758,0.168792799,1.002392615
57,0.107433902,50.7162348,9.72E-05,0.933445266,0.063028179,56.90293785,7.72E-05,0.070818942,1.5758,0.170462081,1.004264208
58,0.102272161,51.12868167,9.56E-05,0.97033795,0.064667477,56.49049098,7.83E-05,0.081115337,1.5758,0.166939638,1.051453287
59,0.098023269,51.54112854,9.41E-05,0.983743734,0.068370029,56.07804411,7.95E-05,0.093363652,1.5758,0.166393298,1.077107386
60,0.094338683,51.95357541,9.26E-05,1,0.072072581,55.66559724,8.07E-05,0.112362383,1.5758,0.166411264,1.112362383
61,0.089957013,52.36602228,9.12E-05,0.983104826,0.07484243,55.25315037,8.19E-05,0.073222241,1.5758,0.164799443,1.056327067
62,0.086587774,52.77846915,8.97E-05,0.976496649,0.077838388,54.8407035,8.31E-05,0.052253235,1.5758,0.164426162,1.028749884
63,0.08313555,53.19091602,8.84E-05,0.980029721,0.081060456,54.42825663,8.44E-05,0.027045639,1.5758,0.164196006,1.00707536
64,0.079998672,53.60336289,8.70E-05,0.944407321,0.085582657,54.01580976,8.57E-05,0.0280445,1.5758,0.165581329,0.972451821
65,0.075633599,54.01580976,8.57E-05,0.956244201,0.087278483,53.60336289,8.70E-05,0.07743968,1.5758,0.162912082,1.033683881
66,0.073027834,54.42825663,8.44E-05,0.936618292,0.09199853,53.19091602,8.84E-05,0.040755589,1.5758,0.165026364,0.977373881
67,0.068148247,54.8407035,8.31E-05,0.982148727,0.096266358,52.77846915,8.97E-05,0.030566125,1.5758,0.164414605,1.012714852
68,0.066372342,55.25315037,8.19E-05,0.968972836,0.102088692,52.36602228,9.12E-05,0.084707286,1.5758,0.168461034,1.053680122
69,0.061940881,55.66559724,8.07E-05,0.982562146,0.103332297,51.95357541,9.26E-05,0.101858644,1.5758,0.165273178,1.08442079
70,0.059750046,56.07804411,7.95E-05,0.971764229,0.109324214,51.54112854,9.41E-05,0.072705939,1.5758,0.16907426,1.044470168
71,0.057542613,56.49049098,7.83E-05,0.950029774,0.112489754,51.12868167,9.56E-05,0.056450153,1.5758,0.170032367,1.006479927
72,0.055019834,56.90293785,7.72E-05,0.930346001,0.117294593,50.7162348,9.72E-05,0,1.5758,0.172314427,0.930346001
73,0.051517817,57.31538472,7.61E-05,0.975132825,0.121477629,50.30378793,9.88E-05,0.072963645,1.5758,0.172995446,1.04809647
74,0.049775107,57.72783159,7.50E-05,0.905755168,0.128034821,49.89134106,0.000100426,0.079042133,1.5758,0.177809928,0.984797301
75,0.046538647,58.14027846,7.40E-05,0.94274451,0.131454736,49.47889419,0.000102107,0.055388596,1.5758,0.177993383,0.998133106
76,0.045194271,58.55272533,7.29E-05,0.903265681,0.137164015,49.06644732,0.000103831,0.124076322,1.5758,0.182358286,1.027342003
77,0.043152811,58.9651722,7.19E-05,0.89667918,0.144597383,48.65400045,0.000105598,0.034826941,1.5758,0.187750194,0.931506121
78,0.040679823,59.37761907,7.09E-05,0.845206682,0.150278398,48.24155358,0.000107412,0.061482514,1.5758,0.190958221,0.906689196
79,0.039318849,59.79006594,6.99E-05,0.870861378,0.155337611,47.82910671,0.000109272,0.081267851,1.5758,0.19465646,0.952129229
80,0.036480722,60.20251281,6.90E-05,0.859617384,0.160764252,47.41665984,0.000111181,0.077201201,1.5758,0.197244974,0.936818585
81,0.036331347,60.61495968,6.80E-05,0.849054352,0.16864984,47.00421297,0.00011314,0.101205807,1.5758,0.204981187,0.950260159
82,0.033028497,61.02740656,6.71E-05,0.858638173,0.17376558,46.5917661,0.000115152,0.059924667,1.5758,0.206794077,0.91856284
83,0.03223183,61.43985343,6.62E-05,0.795950357,0.180718465,46.17931923,0.000117218,0.104880883,1.5758,0.212950295,0.90083124
84,0.030638496,61.8523003,6.53E-05,0.732391137,0.190130296,45.76687235,0.00011934,0.10235032,1.5758,0.220768792,0.834741457
85,0.029626064,62.26474717,6.45E-05,0.74217439,0.197281027,45.35442548,0.00012152,0.083151775,1.5758,0.226907091,0.825326165
86,0.027833563,62.67719404,6.36E-05,0.797750496,0.203583844,44.94197861,0.00012376,0.134424788,1.5758,0.231417407,0.932175284
87,0.026505784,63.08964091,6.28E-05,0.757950314,0.21039541,44.52953174,0.000126063,0.113097071,1.5758,0.236901194,0.871047385
88,0.026389603,63.50208778,6.20E-05,0.726193864,0.221503067,44.11708487,0.000128431,0.11901792,1.5758,0.24789267,0.845211784
89,0.023916615,63.91453465,6.12E-05,0.707937443,0.231367118,43.704638,0.000130866,0.088738698,1.5758,0.255283733,0.796676141
90,0.023634462,64.32698152,6.04E-05,0.715831789,0.240976795,43.29219113,0.000133371,0.080094388,1.5758,0.264611257,0.795926177
91,0.021858558,64.73942839,5.96E-05,0.647265069,0.249936407,42.87974426,0.000135949,0.112233227,1.5758,0.271794965,0.759498296
92,0.021045294,65.15187526,5.89E-05,0.652950703,0.259998304,42.46729739,0.000138602,0.121240409,1.5758,0.281043598,0.774191112
93,0.020580571,65.56432213,5.82E-05,0.612987149,0.272575676,42.05485052,0.000141334,0.11911891,1.5758,0.293156247,0.732106059
94,0.018406334,65.976769,5.74E-05,0.618125043,0.280856957,41.64240365,0.000144147,0.130423285,1.5758,0.299263291,0.748548328
95,0.018090986,66.38921587,5.67E-05,0.591576392,0.289194766,41.22995678,0.000147045,0.137088568,1.5758,0.307285752,0.72866496
96,0.017211333,66.80166274,5.60E-05,0.562370482,0.301574291,40.81750991,0.000150031,0.157190917,1.5758,0.318785624,0.719561399
97,0.016165707,67.21410961,5.53E-05,0.576466182,0.312286255,40.40506304,0.000153109,0.147841201,1.5758,0.328451962,0.724307383
98,0.016099318,67.62655648,5.47E-05,0.522317413,0.3248071,39.99261617,0.000156283,0.085042327,1.5758,0.340906418,0.60735974
99,0.014771539,68.03900335,5.40E-05,0.457227628,0.340210848,39.5801693,0.000159557,0.091442533,1.5758,0.354982387,0.548670161
100,0.013709316,68.45145022,5.34E-05,0.541594616,0.349735734,39.16772243,0.000162934,0.091442533,1.5758,0.36344505,0.633037149
101,0.013593135,68.86389709,5.27E-05,0.480162596,0.363895876,38.75527556,0.00016642,0.091442533,1.5758,0.377489011,0.571605129
102,0.012564107,69.27634396,5.21E-05,0.467908356,0.376755886,38.34282869,0.000170019,0.091442533,1.5758,0.389319993,0.559350889
103,0.011784037,69.68879083,5.15E-05,0.402088723,0.391255193,37.93038182,0.000173736,0.091442533,1.5758,0.40303923,0.493531256
104,0.011385703,70.1012377,5.09E-05,0.36485474,0.407195953,37.51793495,0.000177576,0.091442533,1.5758,0.418581656,0.456297273
105,0.010738411,70.51368457,5.03E-05,0.429441357,0.424210735,37.10548808,0.000181545,0.091442533,1.5758,0.434949146,0.52088389
106,0.009991535,70.92613144,4.97E-05,0.425073065,0.439727537,36.69304121,0.000185649,0.091442533,1.5758,0.449719072,0.516515598
107,0.009642993,71.33857831,4.91E-05,0.336858101,0.456035725,36.28059434,0.000189893,0.091442533,1.5758,0.465678718,0.428300634
108,0.00984216,71.75102518,4.86E-05,0.313877481,0.47720528,35.86814747,0.000194284,0.091442533,1.5758,0.48704744,0.405320014
109,0.008414798,72.16347205,4.80E-05,0.31729686,0.491987225,35.4557006,0.00019883,0.091442533,1.5758,0.500402023,0.408739393
110,0.007634728,72.57591892,4.75E-05,0.301185437,0.511347899,35.04325373,0.000203537,0.091442533,1.5758,0.518982627,0.39262797
111,0.007053825,72.98836579,4.69E-05,0.237128141,0.531132529,34.63080686,0.000208413,0.091442533,1.5758,0.538186354,0.328570674
112,0.007651325,73.40081266,4.64E-05,0.238192888,0.553432633,34.21835999,0.000213466,0.091442533,1.5758,0.561083958,0.329635421
113,0.006389935,73.81325953,4.59E-05,0.222517371,0.574884825,33.80591312,0.000218705,0.091442533,1.5758,0.58127476,0.313959904
114,0.005493685,74.2257064,4.54E-05,0.23343685,0.596421808,33.39346625,0.00022414,0.091442533,1.5758,0.601915493,0.324879383
115,0.005244726,74.63815327,4.49E-05,0.231133975,0.618269693,32.98101938,0.00022978,0.091442533,1.5758,0.623514419,0.322576508
116,0.005593268,75.05060014,4.44E-05,0.263422444,0.643254854,32.56857251,0.000235635,0.091442533,1.5758,0.648848122,0.354864977
117,0.004531045,75.46304701,4.39E-05,0.226360201,0.668155225,32.15612564,0.000241717,0.091442533,1.5758,0.67268627,0.317802734
118,0.004348476,75.87549388,4.34E-05,0.227974604,0.691755462,31.74367877,0.000248038,0.091442533,1.5758,0.696103938,0.319417137
119,0.0036016,76.28794076,4.30E-05,0.022475476,0.718464713,31.3312319,0.000254609,0.091442533,1.5758,0.722066313,0.113918009
120,0.003502017,76.70038763,4.25E-05,0.139853382,0.746982844,30.91878503,0.000261446,0.091442533,1.5758,0.750484861,0.231295915
121,0.003170072,77.1128345,4.20E-05,0.156515467,0.776377152,30.50633815,0.000268561,0.091442533,1.5758,0.779547224,0.247958
122,0.002937711,77.52528137,4.16E-05,0.122437948,0.805771459,30.09389128,0.000275971,0.091442533,1.5758,0.80870917,0.213880481
123,0.002489585,77.93772824,4.12E-05,0.078158053,0.83917922,29.68144441,0.000283692,0.091442533,1.5758,0.841668805,0.169600586
124,0.001775904,78.35017511,4.07E-05,0.079477556,0.871993443,29.26899754,0.000291741,0.091442533,1.5758,0.873769347,0.170920089
125,0.001975071,78.76262198,4.03E-05,0.039136491,0.900992058,28.85655067,0.000300138,0.091442533,1.5758,0.902967129,0.130579024
126,0.001327779,79.17506885,3.99E-05,0.027121051,0.933325796,28.4441038,0.000308902,0.091442533,1.5758,0.934653575,0.118563584
127,0.001145209,79.58751572,3.95E-05,0.085589856,0.971623188,28.03165693,0.000318057,0.091442533,1.5758,0.972768397,0.177032389
128,0,79.99996259,3.91E-05,0,1,27.61921006,0.000327624,0.091442533,1.5758,1,0.091442533
1,1,27.61921006,0.000327624,0.181281753,0.000113055,79.99996259,3.91E-05,0.068191029,1.5758,1.000113055,0.249472782
2,0.962623027,28.03165693,0.000318057,0.181281753,0.001102287,79.58751572,3.95E-05,0.038107132,1.5758,0.963725314,0.219388885
3,0.929163001,28.4441038,0.000308902,0.181281753,0,79.17506885,3.99E-05,0,1.5758,0.929163001,0.181281753
4,0.894590961,28.85655067,0.000300138,0.181281753,0.001837144,78.76262198,4.03E-05,0.226784352,1.5758,0.896428105,0.408066105
5,0.859471212,29.26899754,0.000291741,0.181281753,0.000819649,78.35017511,4.07E-05,0.256454962,1.5758,0.860290861,0.437736715
6,0.828533966,29.68144441,0.000283692,0.181281753,0.002430683,77.93772824,4.12E-05,0.158132976,1.5758,0.830964649,0.339414729
7,0.796916234,30.09389128,0.000275971,0.181281753,0.001667562,77.52528137,4.16E-05,0.23221422,1.5758,0.798583796,0.413495973
8,0.768103434,30.50633815,0.000268561,0.181281753,0.002798112,77.1128345,4.20E-05,0.089642376,1.5758,0.770901546,0.270924129
9,0.737564522,30.91878503,0.000261446,0.181281753,0.00180888,76.70038763,4.25E-05,0.339877762,1.5758,0.739373402,0.521159515
10,0.71104214,31.3312319,0.000254609,0.181281753,0.003674288,76.28794076,4.30E-05,0.065933419,1.5758,0.714716428,0.247215172
11,0.683274966,31.74367877,0.000248038,0.181281753,0.004069981,75.87549388,4.34E-05,0.219404192,1.5758,0.687344947,0.400685945
12,0.65552439,32.15612564,0.000241717,0.181281753,0.005398378,75.46304701,4.39E-05,0.185261415,1.5758,0.660922768,0.366543168
13,0.628321522,32.56857251,0.000235635,0.181281753,0.003250332,75.05060014,4.44E-05,0.210983742,1.5758,0.631571854,0.392265495
14,0.604985809,32.98101938,0.00022978,0.181281753,0.004776575,74.63815327,4.49E-05,0.257297327,1.5758,0.609762384,0.43857908
15,0.583326418,33.39346625,0.00022414,0.181281753,0.006641983,74.2257064,4.54E-05,0.202003307,1.5758,0.589968401,0.38328506
16,0.55750112,33.80591312,0.000218705,0.181281753,0.006528928,73.81325953,4.59E-05,0.339354914,1.5758,0.564030048,0.520636667
17,0.536024298,34.21835999,0.000213466,0.181281753,0.006331082,73.40081266,4.64E-05,0.25952441,1.5758,0.54235538,0.440806163
18,0.516788103,34.63080686,0.000208413,0.181281753,0.006952884,72.98836579,4.69E-05,0.322160533,1.5758,0.523740987,0.503442286
19,0.496174337,35.04325373,0.000203537,0.181281753,0.007829061,72.57591892,4.75E-05,0.33156894,1.5758,0.504003398,0.512850693
20,0.477884184,35.4557006,0.00019883,0.181281753,0.008394336,72.16347205,4.80E-05,0.310578579,1.5758,0.48627852,0.491860332
21,0.461386533,35.86814747,0.000194284,0.181281753,0.008931347,71.75102518,4.86E-05,0.34965491,1.5758,0.47031788,0.530936663
22,0.442349505,36.28059434,0.000189893,0.181281753,0.010514118,71.33857831,4.91E-05,0.384980488,1.5758,0.452863623,0.566262241
23,0.423959768,36.69304121,0.000185649,0.181281753,0.010061898,70.92613144,4.97E-05,0.334342667,1.5758,0.434021666,0.51562442
24,0.408540937,37.10548808,0.000181545,0.176589138,0.010485854,70.51368457,5.03E-05,0.471178806,1.5758,0.419026791,0.647767944
25,0.392176063,37.51793495,0.000177576,0.182529546,0.012238207,70.1012377,5.09E-05,0.394812828,1.5758,0.40441427,0.577342374
26,0.377919039,37.93038182,0.000173736,0.150109915,0.012322998,69.68879083,5.15E-05,0.386292639,1.5758,0.390242037,0.536402554
27,0.363313472,38.34282869,0.000170019,0.148003417,0.01308612,69.27634396,5.21E-05,0.387888676,1.5758,0.376399592,0.535892093
28,0.348209988,38.75527556,0.00016642,0.180646798,0.014160142,68.86389709,5.27E-05,0.440423064,1.5758,0.36237013,0.621069862
29,0.336293174,39.16772243,0.000162934,0.156023267,0.015827704,68.45145022,5.34E-05,0.382908961,1.5758,0.352120878,0.538932228
30,0.322002954,39.5801693,0.000159557,0.117819049,0.016082078,68.03900335,5.40E-05,0.333081301,1.5758,0.338085032,0.45090035
31,0.30834343,39.99261617,0.000156283,0.174881879,0.015629858,67.62655648,5.47E-05,0.466703691,1.5758,0.323973288,0.64158557
32,0.29735606,40.40506304,0.000153109,0.134656748,0.017834431,67.21410961,5.53E-05,0.46252532,1.5758,0.315190491,0.597182068
33,0.286053344,40.81750991,0.000150031,0.12688852,0.018795399,66.80166274,5.60E-05,0.509363292,1.5758,0.304848743,0.636251812
34,0.273920765,41.22995678,0.000147045,0.165983478,0.019191091,66.38921587,5.67E-05,0.575436269,1.5758,0.293111856,0.741419747
35,0.264742494,41.64240365,0.000144147,0.131534915,0.021084763,65.976769,5.74E-05,0.517812876,1.5758,0.285827257,0.649347791
36,0.252609915,42.05485052,0.000141334,0.113705786,0.021904412,65.56432213,5.82E-05,0.560281067,1.5758,0.274514327,0.673986853
37,0.245074771,42.46729739,0.000138602,0.119469106,0.023119754,65.15187526,5.89E-05,0.528386801,1.5758,0.268194525,0.647855907
38,0.234103998,42.87974426,0.000135949,0.108997588,0.025041689,64.73942839,5.96E-05,0.539695895,1.5758,0.259145687,0.648693483
39,0.230535593,43.29219113,0.000133371,0,0.026483141,64.32698152,6.04E-05,0.51250954,1.5758,0.257018734,0.51250954
40,0.215083567,43.704638,0.000130866,0.115532055,0.026991888,63.91453465,6.12E-05,0.591203002,1.5758,0.242075455,0.706735057
41,0.207100297,44.11708487,0.000128431,0.118739757,0.027698482,63.50208778,6.20E-05,0.569266052,1.5758,0.234798779,0.688005809
42,0.197739457,44.52953174,0.000126063,0.121715268,0.030355275,63.08964091,6.28E-05,0.649279009,1.5758,0.228094732,0.770994277
43,0.189042506,44.94197861,0.00012376,0.100436486,0.031061869,62.67719404,6.36E-05,0.650757319,1.5758,0.220104375,0.751193805
44,0.182387014,45.35442548,0.00012152,0.121732389,0.033718663,62.26474717,6.45E-05,0.672551139,1.5758,0.216105677,0.794283528
45,0.17485187,45.76687235,0.00011934,0.10091317,0.034368729,61.8523003,6.53E-05,0.709315276,1.5758,0.209220599,0.810228446
46,0.168744087,46.17931923,0.000117218,0.111011812,0.038495238,61.43985343,6.62E-05,0.665300014,1.5758,0.207239325,0.776311826
47,0.161673665,46.5917661,0.000115152,0.100162232,0.038043017,61.02740656,6.71E-05,0.706486822,1.5758,0.199716682,0.806649054
48,0.153706992,47.00421297,0.00011314,0.136408027,0.040417173,60.61495968,6.80E-05,0.765931704,1.5758,0.194124165,0.902339731
49,0.148694627,47.41665984,0.000111181,0.090737641,0.041943416,60.20251281,6.90E-05,0.753235328,1.5758,0.190638043,0.843972969
50,0.143001776,47.82910671,0.000109272,0.065683223,0.047370057,59.79006594,6.99E-05,0.758575411,1.5758,0.190371833,0.824258634
51,0.138703092,48.24155358,0.000107412,0.089759858,0.048726718,59.37761907,7.09E-05,0.767537165,1.5758,0.18742981,0.857297023
52,0.131566281,48.65400045,0.000105598,0.077515976,0.0488963,58.9651722,7.19E-05,0.756694711,1.5758,0.180462581,0.834210687
53,0.12598961,49.06644732,0.000103831,0.106458949,0.051863995,58.55272533,7.29E-05,0.814989399,1.5758,0.177853605,0.921448348
54,0.120811273,49.47889419,0.000102107,0.077783042,0.053616348,58.14027846,7.40E-05,0.72742907,1.5758,0.174427621,0.805212112
55,0.116844534,49.89134106,0.000100426,0.088075517,0.055396964,57.72783159,7.50E-05,0.854347517,1.5758,0.172241498,0.942423034
56,0.110371612,50.30378793,9.88E-05,0.083534953,0.058421187,57.31538472,7.61E-05,0.7999395,1.5758,0.168792799,0.883474453
57,0.107433902,50.7162348,9.72E-05,0.104488576,0.063028179,56.90293785,7.72E-05,0.85019705,1.5758,0.170462081,0.954685626
58,0.102272161,51.12868167,9.56E-05,0.05520974,0.064667477,56.49049098,7.83E-05,0.801887674,1.5758,0.166939638,0.857097414
59,0.098023269,51.54112854,9.41E-05,0.072482925,0.068370029,56.07804411,7.95E-05,0.834101706,1.5758,0.166393298,0.906584631
60,0.094338683,51.95357541,9.26E-05,0.059325899,0.072072581,55.66559724,8.07E-05,0.793437469,1.5758,0.166411264,0.852763368
61,0.089957013,52.36602228,9.12E-05,0.083006873,0.07484243,55.25315037,8.19E-05,0.843687551,1.5758,0.164799443,0.926694424
62,0.086587774,52.77846915,8.97E-05,0.104696963,0.077838388,54.8407035,8.31E-05,0.814576277,1.5758,0.164426162,0.91927324
63,0.08313555,53.19091602,8.84E-05,0.05549407,0.081060456,54.42825663,8.44E-05,0.860101098,1.5758,0.164196006,0.915595168
64,0.079998672,53.60336289,8.70E-05,0.09054581,0.085582657,54.01580976,8.57E-05,0.890225504,1.5758,0.165581329,0.980771314
65,0.075633599,54.01580976,8.57E-05,0.100967247,0.087278483,53.60336289,8.70E-05,0.927263614,1.5758,0.162912082,1.028230861
66,0.073027834,54.42825663,8.44E-05,0.101641331,0.09199853,53.19091602,8.84E-05,0.89129897,1.5758,0.165026364,0.992940301
67,0.068148247,54.8407035,8.31E-05,0.09677338,0.096266358,52.77846915,8.97E-05,0.905886255,1.5758,0.164414605,1.002659635
68,0.066372342,55.25315037,8.19E-05,0.11219616,0.102088692,52.36602228,9.12E-05,0.935886705,1.5758,0.168461034,1.048082865
69,0.061940881,55.66559724,8.07E-05,0.129867594,0.103332297,51.95357541,9.26E-05,0.95910143,1.5758,0.165273178,1.088969024
70,0.059750046,56.07804411,7.95E-05,0.121410402,0.109324214,51.54112854,9.41E-05,0.926405093,1.5758,0.16907426,1.047815495
71,0.057542613,56.49049098,7.83E-05,0.140330766,0.112489754,51.12868167,9.56E-05,0.959725527,1.5758,0.170032367,1.100056293
72,0.055019834,56.90293785,7.72E-05,0.144232263,0.117294593,50.7162348,9.72E-05,0.9661367,1.5758,0.172314427,1.110368963
73,0.051517817,57.31538472,7.61E-05,0.148693224,0.121477629,50.30378793,9.88E-05,0.969404974,1.5758,0.172995446,1.118098198
74,0.049775107,57.72783159,7.50E-05,0.146333902,0.128034821,49.89134106,0.000100426,0.967559064,1.5758,0.177809928,1.113892966
75,0.046538647,58.14027846,7.40E-05,0.154815487,0.131454736,49.47889419,0.000102107,0.986451916,1.5758,0.177993383,1.141267403
76,0.045194271,58.55272533,7.29E-05,0.152611283,0.137164015,49.06644732,0.000103831,0.986525591,1.5758,0.182358286,1.139136874
77,0.043152811,58.9651722,7.19E-05,0.202819141,0.144597383,48.65400045,0.000105598,1,1.5758,0.187750194,1.202819141
78,0.040679823,59.37761907,7.09E-05,0.198222398,0.150278398,48.24155358,0.000107412,0.95446836,1.5758,0.190958221,1.152690758
79,0.039318849,59.79006594,6.99E-05,0.19600383,0.155337611,47.82910671,0.000109272,0.974436898,1.5758,0.19465646,1.170440728
80,0.036480722,60.20251281,6.90E-05,0.216099878,0.160764252,47.41665984,0.000111181,0.98751645,1.5758,0.197244974,1.203616328
81,0.036331347,60.61495968,6.80E-05,0.19963962,0.16864984,47.00421297,0.00011314,0.994980465,1.5758,0.204981187,1.194620085
82,0.033028497,61.02740656,6.71E-05,0.216826459,0.17376558,46.5917661,0.000115152,0.975211151,1.5758,0.206794077,1.19203761
83,0.03223183,61.43985343,6.62E-05,0.258685768,0.180718465,46.17931923,0.000117218,0.991062757,1.5758,0.212950295,1.249748525
84,0.030638496,61.8523003,6.53E-05,0.264280156,0.190130296,45.76687235,0.00011934,0.974514671,1.5758,0.220768792,1.238794827
85,0.029626064,62.26474717,6.45E-05,0.236055246,0.197281027,45.35442548,0.00012152,0.957064982,1.5758,0.226907091,1.193120228
86,0.027833563,62.67719404,6.36E-05,0.303493297,0.203583844,44.94197861,0.00012376,0.986892024,1.5758,0.231417407,1.290385321
87,0.026505784,63.08964091,6.28E-05,0.32090787,0.21039541,44.52953174,0.000126063,0.955001354,1.5758,0.236901194,1.275909224
88,0.026389603,63.50208778,6.20E-05,0.309233661,0.221503067,44.11708487,0.000128431,0.972785698,1.5758,0.24789267,1.282019359
89,0.023916615,63.91453465,6.12E-05,0.300018121,0.231367118,43.704638,0.000130866,0.923815227,1.5758,0.255283733,1.223833348
90,0.023634462,64.32698152,6.04E-05,0.227815054,0.240976795,43.29219113,0.000133371,0.868888277,1.5758,0.264611257,1.096703331
91,0.021858558,64.73942839,5.96E-05,0.357382584,0.249936407,42.87974426,0.000135949,0.932607195,1.5758,0.271794965,1.289989779
92,0.021045294,65.15187526,5.89E-05,0.332585591,0.259998304,42.46729739,0.000138602,0.894818466,1.5758,0.281043598,1.227404057
93,0.020580571,65.56432213,5.82E-05,0.397365959,0.272575676,42.05485052,0.000141334,0.859300568,1.5758,0.293156247,1.256666527
94,0.018406334,65.976769,5.74E-05,0.383135924,0.280856957,41.64240365,0.000144147,0.872942048,1.5758,0.299263291,1.256077972
95,0.018090986,66.38921587,5.67E-05,0.382187765,0.289194766,41.22995678,0.000147045,0.857808967,1.5758,0.307285752,1.239996732
96,0.017211333,66.80166274,5.60E-05,0.399862397,0.301574291,40.81750991,0.000150031,0.848256169,1.5758,0.318785624,1.248118566
97,0.016165707,67.21410961,5.53E-05,0.421108687,0.312286255,40.40506304,0.000153109,0.820750592,1.5758,0.328451962,1.241859279
98,0.016099318,67.62655648,5.47E-05,0.430418856,0.3248071,39.99261617,0.000156283,0.795346521,1.5758,0.340906418,1.225765377
99,0.014771539,68.03900335,5.40E-05,0.388946579,0.340210848,39.5801693,0.000159557,0.726630843,1.5758,0.354982387,1.115577422
100,0.013709316,68.45145022,5.34E-05,0.506921061,0.349735734,39.16772243,0.000162934,0.752140993,1.5758,0.36344505,1.259062054
101,0.013593135,68.86389709,5.27E-05,0.447491955,0.363895876,38.75527556,0.00016642,0.746574381,1.5758,0.377489011,1.194066336
102,0.012564107,69.27634396,5.21E-05,0.485039572,0.376755886,38.34282869,0.000170019,0.741860052,1.5758,0.389319993,1.226899624
103,0.011784037,69.68879083,5.15E-05,0.52588795,0.391255193,37.93038182,0.000173736,0.722113572,1.5758,0.40303923,1.248001522
104,0.011385703,70.1012377,5.09E-05,0.517709437,0.407195953,37.51793495,0.000177576,0.694477548,1.5758,0.418581656,1.212186985
105,0.010738411,70.51368457,5.03E-05,0.584242461,0.424210735,37.10548808,0.000181545,0.676678689,1.5758,0.434949146,1.26092115
106,0.009991535,70.92613144,4.97E-05,0.562439022,0.439727537,36.69304121,0.000185649,0.673119021,1.5758,0.449719072,1.235558043
107,0.009642993,71.33857831,4.91E-05,0.530205944,0.456035725,36.28059434,0.000189893,0.625511191,1.5758,0.465678718,1.155717135
108,0.00984216,71.75102518,4.86E-05,0.647522156,0.47720528,35.86814747,0.000194284,0.583852763,1.5758,0.48704744,1.231374919
109,0.008414798,72.16347205,4.80E-05,0.635910528,0.491987225,35.4557006,0.00019883,0.589271396,1.5758,0.500402023,1.225181924
110,0.007634728,72.57591892,4.75E-05,0.5867008,0.511347899,35.04325373,0.000203537,0.58482087,1.5758,0.518982627,1.17152167
111,0.007053825,72.98836579,4.69E-05,0.662692556,0.531132529,34.63080686,0.000208413,0.532795333,1.5758,0.538186354,1.195487889
112,0.007651325,73.40081266,4.64E-05,0.573392687,0.553432633,34.21835999,0.000213466,0.550508558,1.5758,0.561083958,1.123901245
113,0.006389935,73.81325953,4.59E-05,0.617796208,0.574884825,33.80591312,0.000218705,0.55640915,1.5758,0.58127476,1.174205358
114,0.005493685,74.2257064,4.54E-05,0.59846597,0.596421808,33.39346625,0.00022414,0.519271923,1.5758,0.601915493,1.117737893
115,0.005244726,74.63815327,4.49E-05,0.727623566,0.618269693,32.98101938,0.00022978,0.530860152,1.5758,0.623514419,1.258483718
116,0.005593268,75.05060014,4.44E-05,0.692436983,0.643254854,32.56857251,0.000235635,0.526452054,1.5758,0.648848122,1.218889037
117,0.004531045,75.46304701,4.39E-05,0.757283883,0.668155225,32.15612564,0.000241717,0.528593621,1.5758,0.67268627,1.285877504
118,0.004348476,75.87549388,4.34E-05,0.735484889,0.691755462,31.74367877,0.000248038,0.517233544,1.5758,0.696103938,1.252718433
119,0.0036016,76.28794076,4.30E-05,0.907849414,0.718464713,31.3312319,0.000254609,0.541328753,1.5758,0.722066313,1.449178167
120,0.003502017,76.70038763,4.25E-05,0.740542095,0.746982844,30.91878503,0.000261446,0.517417846,1.5758,0.750484861,1.257959941
121,0.003170072,77.1128345,4.20E-05,0.771711324,0.776377152,30.50633815,0.000268561,0.548341865,1.5758,0.779547224,1.320053189
122,0.002937711,77.52528137,4.16E-05,0.876019492,0.805771459,30.09389128,0.000275971,0.551138448,1.5758,0.80870917,1.42715794
123,0.002489585,77.93772824,4.12E-05,0.908096137,0.83917922,29.68144441,0.000283692,0.558759452,1.5758,0.841668805,1.466855589
124,0.001775904,78.35017511,4.07E-05,0.949146711,0.871993443,29.26899754,0.000291741,0.558759452,1.5758,0.873769347,1.507906163
125,0.001975071,78.76262198,4.03E-05,0.796530209,0.900992058,28.85655067,0.000300138,0.558759452,1.5758,0.902967129,1.355289661
126,0.001327779,79.17506885,3.99E-05,0.897756025,0.933325796,28.4441038,0.000308902,0.558759452,1.5758,0.934653575,1.456515477
127,0.001145209,79.58751572,3.95E-05,0.963702484,0.971623188,28.03165693,0.000318057,0.558759452,1.5758,0.972768397,1.522461936
128,0,79.99996259,3.91E-05,1,1,27.61921006,0.000327624,0.558759452,1.5758,1,1.558759452
1,1,25.77394213,0.000376197,0.029894305,0,74.65508251,4.48541E-05,0.758944387,1.6924,1,0.788838692
2,0.96085929,26.158833,0.000365212,0.029894305,0.001086194,74.27019164,4.53201E-05,0.655366575,1.6924,0.961945484,0.685260879
3,0.927807136,26.54372387,0.000354701,0.029894305,0.001119615,73.88530077,4.57935E-05,0.711011372,1.6924,0.928926751,0.740905677
4,0.899842452,26.92861474,0.000344637,0.029894305,0.001804753,73.5004099,4.62744E-05,0.673779353,1.6924,0.901647205,0.703673657
5,0.86354088,27.3135056,0.000334996,0.029894305,0.001671067,73.11551903,4.67628E-05,0.754279933,1.6924,0.865211947,0.784174237
6,0.830258969,27.69839647,0.000325754,0.029894305,0.002807393,72.73062816,4.7259E-05,0.659346339,1.6924,0.833066362,0.689240643
7,0.799274625,28.08328734,0.000316888,0.029894305,0.00274055,72.34573729,4.77632E-05,0.730703509,1.6924,0.802015175,0.760597813
8,0.768913907,28.46817821,0.00030838,0.029894305,0.003074764,71.96084642,4.82755E-05,0.748974026,1.6924,0.77198867,0.778868331
9,0.739734795,28.85306908,0.00030021,0.029894305,0.003342134,71.57595555,4.8796E-05,0.777231204,1.6924,0.743076929,0.807125508
10,0.710178226,29.23795995,0.000292361,0.029894305,0.004110825,71.19106468,4.93251E-05,0.741942095,1.6924,0.714289051,0.771836399
11,0.683526438,29.62285082,0.000284815,0.029894305,0.003810033,70.80617382,4.98627E-05,0.845344234,1.6924,0.687336472,0.875238539
12,0.656152559,30.00774169,0.000277557,0.029894305,0.004846095,70.42128295,5.04093E-05,0.77966039,1.6924,0.660998653,0.809554695
13,0.627695539,30.39263256,0.000270574,0.042838912,0.004712409,70.03639208,5.09648E-05,0.862194828,1.6924,0.632407949,0.90503374
14,0.60347261,30.77752343,0.000263851,0.033349691,0.005247151,69.65150121,5.15296E-05,0.862806557,1.6924,0.608719761,0.896156248
15,0.581842649,31.1624143,0.000257375,0.012167376,0.006149527,69.26661034,5.21038E-05,0.82182229,1.6924,0.587992177,0.833989666
16,0.557045328,31.54730517,0.000251135,0.025156069,0.006082684,68.88171947,5.26877E-05,0.897398484,1.6924,0.563128012,0.922554553
17,0.535218433,31.93219603,0.000245118,0.022804653,0.006985061,68.4968286,5.32814E-05,0.860864408,1.6924,0.542203494,0.88366906
18,0.516542489,32.3170869,0.000239316,0.001765663,0.00770362,68.11193773,5.38853E-05,0.848786429,1.6924,0.524246108,0.850552092
19,0.494748416,32.70197777,0.000233717,0.015871511,0.008656128,67.72704686,5.44994E-05,0.81421865,1.6924,0.503404544,0.830090161
20,0.475235501,33.08686864,0.000228312,0.018186012,0.009157448,67.34215599,5.51242E-05,0.830701384,1.6924,0.484392949,0.848887397
21,0.458775068,33.47175951,0.000223093,0,0.009374687,66.95726512,5.57597E-05,0.878278272,1.6924,0.468149755,0.878278272
22,0.440673516,33.85665038,0.000218051,0.004512495,0.010143378,66.57237425,5.64063E-05,0.869821462,1.6924,0.450816893,0.874333957
23,0.42226015,34.24154125,0.000213177,0.020036059,0.0109622,66.18748339,5.70642E-05,0.858940878,1.6924,0.433222351,0.878976938
24,0.405996652,34.62643212,0.000208465,0.021958095,0.011881287,65.80259252,5.77336E-05,0.841080526,1.6924,0.41787794,0.863038621
25,0.38912594,35.01132299,0.000203908,0.03765134,0.012081815,65.41770165,5.8415E-05,0.894561927,1.6924,0.401207755,0.932213267
26,0.374716907,35.39621386,0.000199499,0.034737082,0.012516293,65.03281078,5.91084E-05,0.926618969,1.6924,0.3872332,0.96135605
27,0.359306791,35.78110473,0.000195231,0.049709218,0.013418669,64.64791991,5.98143E-05,0.916174629,1.6924,0.37272546,0.965883847
28,0.346079365,36.16599559,0.000191098,0.047364768,0.014287624,64.26302904,6.05329E-05,0.911557301,1.6924,0.360366989,0.958922069
29,0.333787377,36.55088646,0.000187095,0.040548243,0.015240132,63.87813817,6.12645E-05,0.902118263,1.6924,0.349027509,0.942666506
30,0.320477894,36.93577733,0.000183217,0.05203177,0.016760803,63.4932473,6.20095E-05,0.847207731,1.6924,0.337238698,0.899239501
31,0.30605245,37.3206682,0.000179458,0.084339166,0.015875138,63.10835643,6.27681E-05,1,1.6924,0.321927588,1.084339166
32,0.294794368,37.70555907,0.000175814,0.084223202,0.018214632,62.72346556,6.35407E-05,0.880637109,1.6924,0.313009,0.964860311
33,0.282190567,38.09044994,0.000172279,0.107829949,0.018365028,62.33857469,6.43277E-05,0.946581781,1.6924,0.300555595,1.054411731
34,0.270834017,38.47534081,0.00016885,0.121824702,0.019752014,61.95368383,6.51295E-05,0.914498264,1.6924,0.290586031,1.036322966
35,0.262562773,38.86023168,0.000165523,0.099481461,0.02115571,61.56879296,6.59462E-05,0.885439318,1.6924,0.283718483,0.98492078
36,0.250845177,39.24512255,0.000162292,0.1307366,0.022358878,61.18390209,6.67785E-05,0.875288735,1.6924,0.273204055,1.006025334
37,0.241950307,39.63001342,0.000159156,0.127856884,0.023511915,60.79901122,6.76266E-05,0.871790667,1.6924,0.265462222,0.999647551
38,0.231283028,40.01490429,0.000156109,0.157030684,0.025567327,60.41412035,6.8491E-05,0.80815253,1.6924,0.256850355,0.965183215
39,0.225736042,40.39979515,0.000153149,0.113784887,0.027221684,60.02922948,6.9372E-05,0.777861653,1.6924,0.252957726,0.89164654
40,0.211573178,40.78468602,0.000150273,0.210832863,0.026937602,59.64433861,7.02702E-05,0.879599597,1.6924,0.23851078,1.090432459
41,0.203433223,41.16957689,0.000147477,0.219440229,0.028942883,59.25944774,7.11859E-05,0.830749503,1.6924,0.232376106,1.050189732
42,0.193832671,41.55446776,0.000144758,0.258682214,0.030847899,58.87455687,7.21196E-05,0.793826507,1.6924,0.224680571,1.05250872
43,0.187481537,41.93935863,0.000142113,0.247669897,0.031783697,58.489666,7.30718E-05,0.82074401,1.6924,0.219265234,1.068413907
44,0.179210293,42.3242495,0.000139541,0.275803529,0.03410648,58.10477513,7.4043E-05,0.766465895,1.6924,0.213316774,1.042269423
45,0.172251945,42.70914037,0.000137037,0.285753896,0.03484175,57.71988427,7.50337E-05,0.809698751,1.6924,0.207093695,1.095452647
46,0.165835166,43.09403124,0.000134601,0.290515416,0.037849671,57.3349934,7.60444E-05,0.725546116,1.6924,0.203684837,1.016061532
47,0.159746611,43.47892211,0.000132228,0.293652497,0.039888373,56.95010253,7.70757E-05,0.701852527,1.6924,0.199634984,0.995505024
48,0.152542095,43.86381298,0.000129918,0.324202891,0.04082417,56.56521166,7.81281E-05,0.740329506,1.6924,0.193366265,1.064532397
49,0.146371484,44.24870385,0.000127668,0.339284981,0.043197086,56.18032079,7.92022E-05,0.705758744,1.6924,0.18956857,1.045043725
50,0.140726031,44.63359472,0.000125476,0.348232302,0.045386184,55.79542992,8.02986E-05,0.685199782,1.6924,0.186112215,1.033432085
51,0.135359569,45.01848558,0.00012334,0.3557716,0.04804318,55.41053905,8.14179E-05,0.646135304,1.6924,0.18340275,1.001906904
52,0.129271015,45.40337645,0.000121258,0.384502402,0.049864644,55.02564818,8.25608E-05,0.651273886,1.6924,0.179135658,1.035776288
53,0.123379394,45.78826732,0.000119228,0.414490536,0.051886635,54.64075731,8.37279E-05,0.650025697,1.6924,0.175266029,1.064516233
54,0.118521679,46.17315819,0.000117249,0.425079449,0.054877845,54.25586644,8.49199E-05,0.608815635,1.6924,0.173399524,1.033895083
55,0.114008599,46.55804906,0.000115319,0.431636933,0.056314963,53.87097557,8.61376E-05,0.640066446,1.6924,0.170323562,1.071703379
56,0.109101651,46.94293993,0.000113436,0.452716563,0.059924468,53.4860847,8.73817E-05,0.581325133,1.6924,0.169026119,1.034041696
57,0.105212197,47.3278308,0.000111598,0.451834658,0.062330804,53.10119384,8.86529E-05,0.578073385,1.6924,0.167543001,1.029908043
58,0.099747268,47.71272167,0.000109805,0.497965731,0.065255172,52.71630297,8.9952E-05,0.557672894,1.6924,0.165002439,1.055638625
59,0.095923458,48.09761254,0.000108055,0.504155549,0.067979011,52.3314121,9.128E-05,0.549304304,1.6924,0.16390247,1.053459852
60,0.091722191,48.48250341,0.000106347,0.525459802,0.071655359,51.94652123,9.26375E-05,0.509113024,1.6924,0.16337755,1.034572826
61,0.087914793,48.86739428,0.000104678,0.539835434,0.074228803,51.56163036,9.40256E-05,0.514351789,1.6924,0.162143596,1.054187223
62,0.084468441,49.25228514,0.000103049,0.547476148,0.078072257,51.17673949,9.5445E-05,0.477947974,1.6924,0.162540698,1.025424121
63,0.080743099,49.63717601,0.000101457,0.568026675,0.082584138,50.79184862,9.68969E-05,0.424436371,1.6924,0.163327237,0.992463046
64,0.076689533,50.02206688,9.99018E-05,0.60419567,0.085257846,50.40695775,9.83821E-05,0.437758227,1.6924,0.161947379,1.041953897
65,0.073029836,50.40695775,9.83821E-05,0.632681702,0.087647472,50.02206688,9.99018E-05,0.463278835,1.6924,0.160677307,1.095960538
66,0.070650212,50.79184862,9.68969E-05,0.621240632,0.092443434,49.63717601,0.000101457,0.41532626,1.6924,0.163093646,1.036566892
67,0.066957692,51.17673949,9.5445E-05,0.660020141,0.096270178,49.25228514,0.000103049,0.403185707,1.6924,0.16322787,1.063205849
68,0.064528834,51.56163036,9.40256E-05,0.657306664,0.10079877,48.86739428,0.000104678,0.374599988,1.6924,0.165327605,1.031906652
69,0.060705025,51.94652123,9.26375E-05,0.711508079,0.104324722,48.48250341,0.000106347,0.380038705,1.6924,0.165029747,1.091546784
70,0.058341812,52.3314121,9.128E-05,0.714076226,0.108602654,48.09761254,0.000108055,0.367908237,1.6924,0.166944466,1.081984463
71,0.055354974,52.71630297,8.9952E-05,0.745689059,0.112763611,47.71272167,0.000109805,0.363432738,1.6924,0.168118585,1.109121796
72,0.052860472,53.10119384,8.86529E-05,0.761484762,0.117676548,47.3278308,0.000111598,0.343099382,1.6924,0.17053702,1.104584144
73,0.050497259,53.4860847,8.73817E-05,0.775603094,0.123057384,46.94293993,0.000113436,0.315755772,1.6924,0.173554644,1.091358866
74,0.048692027,53.87097557,8.61376E-05,0.768527236,0.128104007,46.55804906,0.000115319,0.302244554,1.6924,0.176796035,1.07077179
75,0.045508255,54.25586644,8.49199E-05,0.82819354,0.133050366,46.17315819,0.000117249,0.295948733,1.6924,0.178558621,1.124142273
76,0.043899957,54.64075731,8.37279E-05,0.818799784,0.138815548,45.78826732,0.000119228,0.274735169,1.6924,0.182715505,1.093534952
77,0.041717268,55.02564818,8.25608E-05,0.840297791,0.143895592,45.40337645,0.000121258,0.274618946,1.6924,0.18561286,1.114916738
78,0.039567401,55.41053905,8.14179E-05,0.864398989,0.150997627,45.01848558,0.00012334,0.233549295,1.6924,0.190565028,1.097948285
79,0.037581646,55.79542992,8.02986E-05,0.884244218,0.155893854,44.63359472,0.000125476,0.246952898,1.6924,0.1934755,1.131197116
80,0.035169199,56.18032079,7.92022E-05,0.931646652,0.162611544,44.24870385,0.000127668,0.225513138,1.6924,0.197780743,1.15715979
81,0.034266584,56.56521166,7.81281E-05,0.899599466,0.169897396,43.86381298,0.000129918,0.198055309,1.6924,0.20416398,1.097654775
82,0.031788492,56.95010253,7.70757E-05,0.959901033,0.175929949,43.47892211,0.000132228,0.201674982,1.6924,0.207718441,1.161576015
83,0.031115633,57.3349934,7.60444E-05,0.918751328,0.182798035,43.09403124,0.000134601,0.193505003,1.6924,0.213913668,1.112256331
84,0.030360718,57.71988427,7.50337E-05,0.88388697,0.191587848,42.70914037,0.000137037,0.15415961,1.6924,0.221948566,1.03804658
85,0.02847343,58.10477513,7.4043E-05,0.9198313,0.200561479,42.3242495,0.000139541,0.118525847,1.6924,0.229034909,1.038357147
86,0.027275413,58.489666,7.30718E-05,0.916721197,0.206677584,41.93935863,0.000142113,0.14051517,1.6924,0.233952997,1.057236368
87,0.025224013,58.87455687,7.21196E-05,0.972284402,0.214581732,41.55446776,0.000144758,0.135386013,1.6924,0.239805745,1.107670415
88,0.024452687,59.25944774,7.11859E-05,0.946815112,0.22398984,41.16957689,0.000147477,0.110187046,1.6924,0.248442526,1.057002158
89,0.023615715,59.64433861,7.02702E-05,0.927460038,0.233932689,40.78468602,0.000150273,0.082802584,1.6924,0.257548405,1.010262622
90,0.022384875,60.02922948,6.9372E-05,0.937509808,0.244009224,40.39979515,0.000153149,0.060087473,1.6924,0.2663941,0.99759728
91,0.020891456,60.41412035,6.8491E-05,0.969827423,0.252732195,40.01490429,0.000156109,0.064911189,1.6924,0.273623651,1.034738612
92,0.020054485,60.79901122,6.76266E-05,0.957298158,0.261655693,39.63001342,0.000159156,0.072026302,1.6924,0.281710179,1.02932446
93,0.01929957,61.18390209,6.67785E-05,0.940476269,0.274539621,39.24512255,0.000162292,0.026244145,1.6924,0.293839191,0.966720414
94,0.018101552,61.56879296,6.59462E-05,0.9598932,0.283312724,38.86023168,0.000165523,0.047310325,1.6924,0.301414276,1.007203525
95,0.01778974,61.95368383,6.51295E-05,0.912115468,0.295778884,38.47534081,0.00016885,0.021824896,1.6924,0.313568624,0.933940364
96,0.016575311,62.33857469,6.43277E-05,0.937793105,0.305688313,38.09044994,0.000172279,0.038318909,1.6924,0.322263624,0.976112014
97,0.015541405,62.72346556,6.35407E-05,0.952232931,0.317435915,37.70555907,0.000175814,0.035861745,1.6924,0.33297732,0.988094677
98,0.014704434,63.10835643,6.27681E-05,0.95284986,0.331990909,37.3206682,0.000179458,0.003735172,1.6924,0.346695344,0.956585032
99,0.014031575,63.4932473,6.20095E-05,0.941400768,0.344924969,36.93577733,0.000183217,0,1.6924,0.358956544,0.941400768
100,0.013227426,63.87813817,6.12645E-05,0.943509848,0.356438622,36.55088646,0.000187095,0.020367343,1.6924,0.369666048,0.96387719
101,0.012833558,64.26302904,6.05329E-05,0.9104886,0.368904783,36.16599559,0.000191098,0.035208369,1.6924,0.38173834,0.945696969
102,0.012209932,64.64791991,5.98143E-05,0.899712546,0.383142275,35.78110473,0.000195231,0.035649064,1.6924,0.395352207,0.93536161
103,0.01122526,65.03281078,5.91084E-05,0.924954009,0.398850306,35.39621386,0.000199499,0.026511067,1.6924,0.410075566,0.951465075
104,0.009781075,65.41770165,5.8415E-05,1,0.414508205,35.01132299,0.000203908,0.025684118,1.6924,0.42428928,1.025684118
105,0.009748252,65.80259252,5.77336E-05,0.936744208,0.428428194,34.62643212,0.000208465,0.051105118,1.6924,0.438176446,0.987849326
106,0.009764663,66.18748339,5.70642E-05,0.869445045,0.444771231,34.24154125,0.000213177,0.057488075,1.6924,0.454535894,0.92693312
107,0.009354383,66.57237425,5.64063E-05,0.845946845,0.465091407,33.85665038,0.000218051,0.030717972,1.6924,0.474445791,0.876664817
108,0.009075393,66.95726512,5.57597E-05,0.810187289,0.483473146,33.47175951,0.000223093,0.032728578,1.6924,0.492548539,0.842915867
109,0.008254833,67.34215599,5.51242E-05,0.831799379,0.501153036,33.08686864,0.000228312,0.049745098,1.6924,0.509407869,0.881544477
110,0.00753274,67.72704686,5.44994E-05,0.845972358,0.520955182,32.70197777,0.000233717,0.054380005,1.6924,0.528487922,0.900352363
111,0.006498835,68.11193773,5.38853E-05,0.898198572,0.540924434,32.3170869,0.000239316,0.054380005,1.6924,0.547423269,0.952578576
112,0.006548068,68.4968286,5.32814E-05,0.830250996,0.561495271,31.93219603,0.000245118,0.054380005,1.6924,0.568043339,0.884631001
113,0.006269078,68.88171947,5.26877E-05,0.800346261,0.584104809,31.54730517,0.000251135,0.054380005,1.6924,0.590373887,0.854726265
114,0.005661864,69.26661034,5.21038E-05,0.80952379,0.604709067,31.1624143,0.000257375,0.054380005,1.6924,0.610370931,0.863903795
115,0.004857715,69.65150121,5.15296E-05,0.844984907,0.628237693,30.77752343,0.000263851,0.054380005,1.6924,0.633095407,0.899364911
116,0.005021827,70.03639208,5.09648E-05,0.764981153,0.652702116,30.39263256,0.000270574,0.054380005,1.6924,0.657723942,0.819361157
117,0.004562313,70.42128295,5.04093E-05,0.761352873,0.678369707,30.00774169,0.000277557,0.054380005,1.6924,0.68293202,0.815732878
118,0.003708931,70.80617382,4.98627E-05,0.809401621,0.705491127,29.62285082,0.000284815,0.054380005,1.6924,0.709200058,0.863781626
119,0.003446352,71.19106468,4.93251E-05,0.784589026,0.728518432,29.23795995,0.000292361,0.054380005,1.6924,0.731964784,0.838969031
120,0.002658614,71.57595555,4.8796E-05,0.830878767,0.758029478,28.85306908,0.00030021,0.054380005,1.6924,0.760688092,0.885258771
121,0.002789904,71.96084642,4.82755E-05,0.755317836,0.787523813,28.46817821,0.00030838,0.054380005,1.6924,0.790313717,0.809697841
122,0.003758165,72.34573729,4.77632E-05,0.573101389,0.817151833,28.08328734,0.000316888,0.054380005,1.6924,0.820909998,0.627481393
123,0.002478091,72.73062816,4.7259E-05,0.683674472,0.850238963,27.69839647,0.000325754,0.054380005,1.6924,0.852717054,0.738054477
124,0.002182689,73.11551903,4.67628E-05,0.667978965,0.877443936,27.3135056,0.000334996,0.054380005,1.6924,0.879626625,0.722358969
125,0.002199101,73.5004099,4.62744E-05,0.610365487,0.908141439,26.92861474,0.000344637,0.054380005,1.6924,0.91034054,0.664745491
126,0.001247251,73.88530077,4.57935E-05,0.689250583,0.936449317,26.54372387,0.000354701,0.054380005,1.6924,0.937696568,0.743630587
127,0.001394952,74.27019164,4.53201E-05,0.613351572,0.968249724,26.158833,0.000365212,0.054380005,1.6924,0.969644676,0.667731577
128,0,74.65508251,4.48541E-05,0.768264207,1,25.77394213,0.000376197,0.054380005,1.6924,1,0.822644212
