690i,750i,800i,850i,690ii,750ii,800ii,850ii,label,d690,d750,d800,d850,ai690,
1,1,1,1,0.00011306,0,0,0,1,1.00011306,1,1,1,0.61192,
0.96262,0.96086,0.96294,0.96889,0.0011023,0.0010862,0.0013055,0.00072467,1,0.9637223,0.9619462,0.9642455,0.96961467,0.45262,
0.92916,0.92781,0.92598,0.93643,0,0.0011196,0.0008477,0.00031402,1,0.92916,0.9289296,0.9268277,0.93674402,0.51234,
0.89459,0.89984,0.89443,0.90767,0.0018371,0.0018048,0.0020006,0.00057974,1,0.8964271,0.9016448,0.8964306,0.90824974,0.36889,
0.85947,0.86354,0.86185,0.87038,0.00081965,0.0016711,0.0011868,0.00053143,1,0.86028965,0.8652111,0.8630368,0.87091143,0.53217,
0.82853,0.83026,0.8281,0.83772,0.0024307,0.0028074,0.0017293,0.0011595,1,0.8309607,0.8330674,0.8298293,0.8388795,0.38878,
0.79692,0.79927,0.79921,0.80595,0.0016676,0.0027406,0.0020175,0.0010387,1,0.7985876,0.8020106,0.8012275,0.8069887,0.55337,
0.7681,0.76891,0.76571,0.77393,0.0027981,0.0030748,0.0030009,0.0020049,1,0.7708981,0.7719848,0.7687109,0.7759349,0.42388,
0.73756,0.73973,0.73758,0.74206,0.0018089,0.0033421,0.0035264,0.0026571,1,0.7393689,0.7430721,0.7411064,0.7447171,0.53739,
0.71104,0.71018,0.70934,0.71542,0.0036743,0.0041108,0.0037299,0.0033335,1,0.7147143,0.7142908,0.7130699,0.7187535,0.418,
0.68327,0.68353,0.68138,0.68937,0.00407,0.00381,0.0042385,0.0040582,1,0.68734,0.68734,0.6856185,0.6934282,0.53392,
0.65552,0.65615,0.65498,0.66008,0.0053984,0.0048461,0.0053405,0.004034,1,0.6609184,0.6609961,0.6603205,0.664114,0.47226,
0.62832,0.6277,0.63019,0.6344,0.0032503,0.0047124,0.0051201,0.0036717,1,0.6315703,0.6324124,0.6353101,0.6380717,0.50282,
0.60499,0.60347,0.60429,0.6066,0.0047766,0.0052472,0.0053575,0.0048312,1,0.6097666,0.6087172,0.6096475,0.6114312,0.41617,
0.58333,0.58184,0.58232,0.584,0.006642,0.0061495,0.0056457,0.0059665,1,0.589972,0.5879895,0.5879657,0.5899665,0.51576,
0.5575,0.55705,0.55693,0.56186,0.0065289,0.0060827,0.0063408,0.0060389,1,0.5640289,0.5631327,0.5632708,0.5678989,0.50619,
0.53602,0.53522,0.53405,0.53978,0.0063311,0.0069851,0.0078497,0.0060148,1,0.5423511,0.5422051,0.5418997,0.5457948,0.52246,
0.51679,0.51654,0.51497,0.51997,0.0069529,0.0077036,0.0084092,0.0074158,1,0.5237429,0.5242436,0.5233792,0.5273858,0.44038,
0.49617,0.49475,0.49237,0.49952,0.0078291,0.0086561,0.0080532,0.0077782,1,0.5039991,0.5034061,0.5004232,0.5072982,0.59262,
0.47788,0.47524,0.47559,0.47769,0.0083943,0.0091574,0.0086805,0.0080197,1,0.4862743,0.4843974,0.4842705,0.4857097,0.52575,
0.46139,0.45878,0.45655,0.46058,0.0089313,0.0093747,0.0095282,0.0074883,1,0.4703213,0.4681547,0.4660782,0.4680683,0.59665,
0.44235,0.44067,0.43909,0.44164,0.010514,0.010143,0.01002,0.0089135,1,0.452864,0.450813,0.44911,0.4505535,0.57617,
0.42396,0.42226,0.41977,0.42322,0.010062,0.010962,0.01063,0.0095898,1,0.434022,0.433222,0.4304,0.4328098,0.63852,
0.40854,0.406,0.40509,0.40767,0.010486,0.011881,0.011495,0.010315,1,0.419026,0.417881,0.416585,0.417985,0.57944,
0.39218,0.38913,0.38853,0.39116,0.012238,0.012082,0.01241,0.01244,1,0.404418,0.401212,0.40094,0.4036,0.63261,
0.37792,0.37472,0.37273,0.37656,0.012323,0.012516,0.013529,0.012947,1,0.390243,0.387236,0.386259,0.389507,0.57917,
0.36331,0.35931,0.35774,0.36194,0.013086,0.013419,0.014038,0.0136,1,0.376396,0.372729,0.371778,0.37554,0.54837,
0.34821,0.34608,0.34283,0.34717,0.01416,0.014288,0.01492,0.013431,1,0.36237,0.360368,0.35775,0.360601,0.54423,
0.33629,0.33379,0.33181,0.3367,0.015828,0.01524,0.016344,0.015894,1,0.352118,0.34903,0.348154,0.352594,0.59409,
0.322,0.32048,0.31765,0.32211,0.016082,0.016761,0.016734,0.016136,1,0.338082,0.337241,0.334384,0.338246,0.60066,
0.30834,0.30605,0.30404,0.30894,0.01563,0.015875,0.016361,0.015484,1,0.32397,0.321925,0.320401,0.324424,0.60776,
0.29736,0.29479,0.29424,0.29689,0.017834,0.018215,0.01887,0.018503,1,0.315194,0.313005,0.31311,0.315393,0.56269,
0.28605,0.28219,0.2819,0.28413,0.018795,0.018365,0.019345,0.018189,1,0.304845,0.300555,0.301245,0.302319,0.53852,
0.27392,0.27083,0.27035,0.27233,0.019191,0.019752,0.020311,0.017827,1,0.293111,0.290582,0.290661,0.290157,0.54962,
0.26474,0.26256,0.25971,0.26452,0.021085,0.021156,0.02182,0.022006,1,0.285825,0.283716,0.28153,0.286526,0.4951,
0.25261,0.25085,0.24964,0.25118,0.021904,0.022359,0.022396,0.021499,1,0.274514,0.273209,0.272036,0.272679,0.53371,
0.24507,0.24195,0.24266,0.24349,0.02312,0.023512,0.024583,0.023286,1,0.26819,0.265462,0.267243,0.266776,0.45668,
0.2341,0.23128,0.22952,0.23419,0.025042,0.025567,0.025092,0.024156,1,0.259142,0.256847,0.254612,0.258346,0.48879,
0.23054,0.22574,0.22329,0.22922,0.026483,0.027222,0.027499,0.026354,1,0.257023,0.252962,0.250789,0.255574,0.31696,
0.21508,0.21157,0.21108,0.2137,0.026992,0.026938,0.027652,0.02633,1,0.242072,0.238508,0.238732,0.24003,0.50717,
0.2071,0.20343,0.20414,0.20373,0.027698,0.028943,0.029602,0.029204,1,0.234798,0.232373,0.233742,0.232934,0.48731,
0.19774,0.19383,0.19538,0.19557,0.030355,0.030848,0.031551,0.028818,1,0.228095,0.224678,0.226931,0.224388,0.52298,
0.18904,0.18748,0.18684,0.18866,0.031062,0.031784,0.031874,0.031789,1,0.220102,0.219264,0.218714,0.220449,0.55016,
0.18239,0.17921,0.18034,0.18053,0.033719,0.034106,0.033637,0.031717,1,0.216109,0.213316,0.213977,0.212247,0.51981,
0.17485,0.17225,0.17232,0.17313,0.034369,0.034842,0.035688,0.034229,1,0.209219,0.207092,0.208008,0.207359,0.53004,
0.16874,0.16584,0.16752,0.16694,0.038495,0.03785,0.038401,0.036499,1,0.207235,0.20369,0.205921,0.203439,0.50008,
0.16167,0.15975,0.16073,0.15979,0.038043,0.039888,0.0403,0.038166,1,0.199713,0.199638,0.20103,0.197956,0.51477,
0.15371,0.15254,0.15222,0.15315,0.040417,0.040824,0.041826,0.03877,1,0.194127,0.193364,0.194046,0.19192,0.57506,
0.14869,0.14637,0.14684,0.14689,0.041943,0.043197,0.043572,0.041379,1,0.190633,0.189567,0.190412,0.188269,0.53267,
0.143,0.14073,0.14156,0.14213,0.04737,0.045386,0.046488,0.044012,1,0.19037,0.186116,0.188048,0.186142,0.52554,
0.1387,0.13536,0.13672,0.1367,0.048727,0.048043,0.048624,0.045968,1,0.187427,0.183403,0.185344,0.182668,0.47085,
0.13157,0.12927,0.13076,0.13008,0.048896,0.049865,0.050099,0.048336,1,0.180466,0.179135,0.180859,0.178416,0.54177,
0.12599,0.12338,0.12504,0.12575,0.051864,0.051887,0.052914,0.050099,1,0.177854,0.175267,0.177954,0.175849,0.55869,
0.12081,0.11852,0.11978,0.12007,0.053616,0.054878,0.054643,0.052587,1,0.174426,0.173398,0.174423,0.172657,0.56792,
0.11684,0.11401,0.11358,0.11501,0.055397,0.056315,0.057813,0.0558,1,0.172237,0.170325,0.171393,0.17081,0.53119,
0.11037,0.1091,0.11075,0.10993,0.058421,0.059924,0.059848,0.058457,1,0.168791,0.169024,0.170598,0.168387,0.61938,
0.10743,0.10521,0.10608,0.10581,0.063028,0.062331,0.063662,0.06138,1,0.170458,0.167541,0.169742,0.16719,0.54963,
0.10227,0.099747,0.10088,0.1012,0.064667,0.065255,0.065443,0.063288,1,0.166937,0.165002,0.166323,0.164488,0.59521,
0.098023,0.095923,0.096229,0.097078,0.06837,0.067979,0.069376,0.065945,1,0.166393,0.163902,0.165605,0.163023,0.60513,
0.094339,0.091722,0.092732,0.093536,0.072073,0.071655,0.073208,0.069037,1,0.166412,0.163377,0.16594,0.162573,0.59415,
0.089957,0.087915,0.089099,0.088496,0.074842,0.074229,0.075089,0.072733,1,0.164799,0.162144,0.164188,0.161229,0.62824,
0.086588,0.084468,0.085007,0.085567,0.077838,0.078072,0.078972,0.075173,1,0.164426,0.16254,0.163979,0.16074,0.61597,
0.083136,0.080743,0.081527,0.081872,0.08106,0.082584,0.081651,0.078772,1,0.164196,0.163327,0.163178,0.160644,0.61556,
0.079999,0.07669,0.079455,0.077955,0.085583,0.085258,0.085787,0.083531,1,0.165582,0.161948,0.165242,0.161486,0.60443,
0.075634,0.07303,0.075092,0.074379,0.087278,0.087647,0.088568,0.084835,1,0.162912,0.160677,0.16366,0.159214,0.67384,
0.073028,0.07065,0.072291,0.070923,0.091999,0.092443,0.09418,0.089956,1,0.165027,0.163093,0.166471,0.160879,0.64582,
0.068148,0.066958,0.06842,0.068181,0.096266,0.09627,0.096977,0.092758,1,0.164414,0.163228,0.165397,0.160939,0.76925,
0.066372,0.064529,0.065754,0.064077,0.10209,0.1008,0.10147,0.095536,1,0.168462,0.165329,0.167224,0.159613,0.7015,
0.061941,0.060705,0.061221,0.061591,0.10333,0.10432,0.10539,0.10085,1,0.165271,0.165025,0.166611,0.162441,0.81854,
0.05975,0.058342,0.058946,0.058884,0.10932,0.1086,0.11039,0.10416,1,0.16907,0.166942,0.169336,0.163044,0.79117,
0.057543,0.055355,0.056553,0.055802,0.11249,0.11276,0.11441,0.10918,1,0.170033,0.168115,0.170963,0.164982,0.7707,
0.05502,0.05286,0.054872,0.053809,0.11729,0.11768,0.11929,0.11387,1,0.17231,0.17054,0.174162,0.167679,0.77932,
0.051518,0.050497,0.051476,0.051527,0.12148,0.12306,0.12409,0.11776,1,0.172998,0.173557,0.175566,0.169287,0.87047,
0.049775,0.048692,0.049201,0.048973,0.12803,0.1281,0.12968,0.12431,1,0.177805,0.176792,0.178881,0.173283,0.83407,
0.046539,0.045508,0.046315,0.046351,0.13145,0.13305,0.13473,0.12716,1,0.177989,0.178558,0.181045,0.173511,0.92446,
0.045194,0.0439,0.045194,0.044205,0.13716,0.13882,0.13945,0.13162,1,0.182354,0.18272,0.184644,0.175825,0.86681,
0.043153,0.041717,0.042325,0.043047,0.1446,0.1439,0.14525,0.14027,1,0.187753,0.185617,0.187575,0.183317,0.87282,
0.04068,0.039567,0.040661,0.039999,0.15028,0.151,0.15096,0.14341,1,0.19096,0.190567,0.191621,0.183409,0.92374,
0.039319,0.037582,0.039116,0.038756,0.15534,0.15589,0.15696,0.1503,1,0.194659,0.193472,0.196076,0.189056,0.8823,
0.036481,0.035169,0.036672,0.035402,0.16076,0.16261,0.16337,0.15634,1,0.197241,0.197779,0.200042,0.191742,0.98343,
0.036331,0.034267,0.03533,0.034669,0.16865,0.1699,0.16996,0.16423,1,0.204981,0.204167,0.20529,0.198899,0.83753,
0.033028,0.031788,0.032801,0.032592,0.17377,0.17593,0.17688,0.17044,1,0.206798,0.207718,0.209681,0.203032,1,
0.032232,0.031116,0.031782,0.031162,0.18072,0.1828,0.18461,0.17655,1,0.212952,0.213916,0.216392,0.207712,0.92289,
0.030638,0.030361,0.030967,0.030583,0.19013,0.19159,0.19192,0.18438,1,0.220768,0.221951,0.222887,0.214963,0.93093,
0.029626,0.028473,0.029507,0.02934,0.19728,0.20056,0.19992,0.19216,1,0.226906,0.229033,0.229427,0.2215,0.88367,
0.027834,0.027275,0.027826,0.027211,0.20358,0.20668,0.20818,0.19919,1,0.231414,0.233955,0.236006,0.226401,0.92387,
0.026506,0.025224,0.025585,0.026121,0.2104,0.21458,0.2151,0.20837,1,0.236906,0.239804,0.240685,0.234491,0.92011,
0.02639,0.024453,0.025399,0.025134,0.2215,0.22399,0.22369,0.2159,1,0.24789,0.248443,0.249089,0.241034,0.78632,
0.023917,0.023616,0.023344,0.023346,0.23137,0.23393,0.23434,0.22617,1,0.255287,0.257546,0.257684,0.249516,0.92065,
0.023634,0.022385,0.023412,0.022937,0.24098,0.24401,0.24239,0.23537,1,0.264614,0.266395,0.265802,0.258307,0.80978,
0.021859,0.020891,0.021731,0.021251,0.24994,0.25273,0.25245,0.24373,1,0.271799,0.273621,0.274181,0.264981,0.87799,
0.021045,0.020054,0.020424,0.020672,0.26,0.26166,0.26091,0.25351,1,0.281045,0.281714,0.281334,0.274182,0.83644,
0.020581,0.0193,0.020407,0.019123,0.27258,0.27454,0.27308,0.26608,1,0.293161,0.29384,0.293487,0.285203,0.75546,
0.018406,0.018102,0.018319,0.01788,0.28086,0.28331,0.28257,0.27412,1,0.299266,0.301412,0.300889,0.292,0.89304,
0.018091,0.01779,0.017725,0.01725,0.28919,0.29578,0.29434,0.2855,1,0.307281,0.31357,0.312065,0.30275,0.7983,
0.017211,0.016575,0.016146,0.016279,0.30157,0.30569,0.30599,0.29745,1,0.318781,0.322265,0.322136,0.313729,0.78015,
0.016166,0.015541,0.016078,0.016381,0.31229,0.31744,0.31706,0.30709,1,0.328456,0.332981,0.333138,0.323471,0.78825,
0.016099,0.014704,0.014567,0.014985,0.32481,0.33199,0.33155,0.32398,1,0.340909,0.346694,0.346117,0.338965,0.66774,
0.014772,0.014032,0.014906,0.014457,0.34021,0.34492,0.34423,0.33608,1,0.354982,0.358952,0.359136,0.350537,0.72117,
0.013709,0.013227,0.012869,0.012635,0.34974,0.35644,0.35541,0.34572,1,0.363449,0.369667,0.368279,0.358355,0.74433,
0.013593,0.012834,0.012801,0.012601,0.3639,0.3689,0.36953,0.35891,1,0.377493,0.381734,0.382331,0.371511,0.63603,
0.012564,0.01221,0.011715,0.011494,0.37676,0.38314,0.38297,0.37164,1,0.389324,0.39535,0.394685,0.383134,0.6613,
0.011784,0.011225,0.011901,0.010915,0.39126,0.39885,0.39708,0.38869,1,0.403044,0.410075,0.408981,0.399605,0.65479,
0.011386,0.0097811,0.011732,0.010881,0.4072,0.41451,0.41173,0.40289,1,0.418586,0.4242911,0.423462,0.413771,0.59435,
0.010738,0.0097483,0.0097282,0.0099275,0.42421,0.42843,0.43009,0.42009,1,0.434948,0.4381783,0.4398182,0.4300175,0.57393,
0.0099915,0.0097647,0.0089642,0.0086844,0.43973,0.44477,0.44545,0.437,1,0.4497215,0.4545347,0.4544142,0.4456844,0.57208,
0.009643,0.0093544,0.0092358,0.0089398,0.45604,0.46509,0.46305,0.45695,1,0.465683,0.4744444,0.4722858,0.4658898,0.51125,
0.0098422,0.0090754,0.0087944,0.0088036,0.47721,0.48347,0.48139,0.47432,1,0.4870522,0.4925454,0.4901844,0.4831236,0.36834,
0.0084148,0.0082548,0.0073174,0.0077649,0.49199,0.50115,0.49916,0.49227,1,0.5004048,0.5094048,0.5064774,0.5000349,0.48067,
0.0076347,0.0075327,0.007623,0.0067262,0.51135,0.52096,0.51956,0.51085,1,0.5189847,0.5284927,0.527183,0.5175762,0.49742,
0.0070538,0.0064988,0.0067062,0.0063515,0.53113,0.54092,0.54007,0.53213,1,0.5381838,0.5474188,0.5467762,0.5384815,0.48483,
0.0076513,0.0065481,0.0069608,0.0064367,0.55343,0.5615,0.56006,0.55309,1,0.5610813,0.5680481,0.5670208,0.5595267,0.27927,
0.0063899,0.0062691,0.0067741,0.0061131,0.57488,0.5841,0.58417,0.57413,1,0.5812699,0.5903691,0.5909441,0.5802431,0.38263,
0.0054937,0.0056619,0.005348,0.004819,0.59642,0.60471,0.60244,0.5936,1,0.6019137,0.6103719,0.607788,0.598419,0.43303,
0.0052447,0.0048577,0.0048386,0.0044784,0.61827,0.62824,0.62642,0.61989,1,0.6235147,0.6330977,0.6312586,0.6243684,0.37275,
0.0055933,0.0050218,0.0051612,0.0044784,0.64325,0.6527,0.65173,0.64317,1,0.6488433,0.6577218,0.6568912,0.6476484,0.2103,
0.004531,0.0045623,0.0036502,0.0034738,0.66816,0.67837,0.67245,0.66989,1,0.672691,0.6829323,0.6761002,0.6733638,0.29657,
0.0043485,0.0037089,0.003786,0.0034567,0.69176,0.70549,0.69846,0.6967,1,0.6961085,0.7091989,0.702246,0.7001567,0.23001,
0.0036016,0.0034464,0.0035144,0.0033205,0.71846,0.72852,0.72429,0.7226,1,0.7220616,0.7319664,0.7278044,0.7259205,0.26847,
0.003502,0.0026586,0.0028353,0.0023158,0.74698,0.75803,0.75447,0.75045,1,0.750482,0.7606886,0.7573053,0.7527658,0.18984,
0.0031701,0.0027899,0.0024618,0.001839,0.77638,0.78752,0.78207,0.77856,1,0.7795501,0.7903099,0.7845318,0.780399,0.15612,
0.0029377,0.0037582,0.0027674,0.0019923,0.80577,0.81715,0.81128,0.81192,1,0.8087077,0.8209082,0.8140474,0.8139123,0.10562,
0.0024896,0.0024781,0.0020543,0.0010728,0.83918,0.85024,0.84065,0.84301,1,0.8416696,0.8527181,0.8427043,0.8440828,0.097508,
0.0017759,0.0021827,0.0021392,0.0019072,0.87199,0.87744,0.8732,0.87574,1,0.8737659,0.8796227,0.8753392,0.8776472,0.14396,
0.0019751,0.0021991,0.0014261,0.0011409,0.90099,0.90814,0.90446,0.9056,1,0.9029651,0.9103391,0.9058861,0.9067409,0.014495,
0.0013278,0.0012473,0.0011375,0.0001192,0.93333,0.93645,0.93713,0.93488,1,0.9346578,0.9376973,0.9382675,0.9349992,0.051908,
0.0011452,0.001395,0.00035653,0,0.97162,0.96825,0.9687,0.96952,1,0.9727652,0.969645,0.96905653,0.96952,0,
0,0,0,0.00020434,1,1,1,1,1,1,1,1,1.00020434,0.14939,
1,1,1,1,0,0,0,0,1,1,1,1,1,0.57264,
0.96067,0.96504,0.9627,0.9671,0.0020812,0.0017817,0.001396,0.00082192,1,0.9627512,0.9668217,0.964096,0.96792192,0.59407,
0.92627,0.9352,0.92719,0.93475,0.0020257,0.0026317,0.0019709,0.00096283,1,0.9282957,0.9378317,0.9291609,0.93571283,0.58422,
0.8907,0.90146,0.8924,0.90301,0.0035242,0.0022884,0.0026607,0.0026536,1,0.8942242,0.9037484,0.8950607,0.9056636,0.57186,
0.85538,0.86511,0.85936,0.86612,0.0036074,0.003122,0.0032355,0.0022075,1,0.8589874,0.868232,0.8625955,0.8683275,0.61751,
0.82036,0.82951,0.8244,0.83323,0.0035242,0.0032691,0.0031534,0.0032172,1,0.8238842,0.8327791,0.8275534,0.8364472,0.64482,
0.78695,0.7978,0.79143,0.79944,0.0048561,0.0046258,0.0039582,0.0030998,1,0.7918061,0.8024258,0.7953882,0.8025398,0.63689,
0.7552,0.76406,0.75678,0.76698,0.0046064,0.003547,0.0045001,0.0033816,1,0.7598064,0.767607,0.7612801,0.7703616,0.55503,
0.72228,0.73188,0.72958,0.73509,0.0056886,0.004822,0.0051735,0.004955,1,0.7279686,0.736702,0.7347535,0.740045,0.62427,
0.69237,0.70344,0.69866,0.70629,0.0067153,0.0058681,0.0059126,0.0055421,1,0.6990853,0.7093081,0.7045726,0.7118321,0.56321,
0.66507,0.67504,0.66999,0.67836,0.0065488,0.0056393,0.0060933,0.0054717,1,0.6716188,0.6806793,0.6760833,0.6838317,0.59868,
0.63607,0.64435,0.64137,0.64777,0.0070761,0.005721,0.0068159,0.0048141,1,0.6431461,0.650071,0.6481859,0.6525841,0.56808,
0.60768,0.61677,0.61555,0.62081,0.0073536,0.0077806,0.0072101,0.0068337,1,0.6150336,0.6245506,0.6227601,0.6276437,0.66165,
0.5825,0.59065,0.5885,0.59405,0.0088798,0.0076335,0.0083105,0.007139,1,0.5913798,0.5982835,0.5968105,0.601189,0.61663,
0.55806,0.56709,0.56505,0.57338,0.010045,0.0091863,0.008836,0.0081253,1,0.568105,0.5762763,0.573886,0.5815053,0.61701,
0.53314,0.54219,0.53978,0.54666,0.011127,0.010069,0.010347,0.0094169,1,0.544267,0.552259,0.550127,0.5560769,0.60901,
0.51312,0.52054,0.51854,0.52244,0.01146,0.010527,0.011316,0.01038,1,0.52458,0.531067,0.529856,0.53282,0.64778,
0.48987,0.49798,0.49592,0.50251,0.01196,0.011344,0.011727,0.010356,1,0.50183,0.509324,0.507647,0.512866,0.65086,
0.46919,0.47791,0.47452,0.48247,0.015012,0.013518,0.012893,0.012235,1,0.484202,0.491428,0.487413,0.494705,0.62888,
0.44796,0.45635,0.45394,0.46094,0.014069,0.013011,0.013008,0.012986,1,0.462029,0.469361,0.466948,0.473926,0.63551,
0.43115,0.43858,0.43674,0.44156,0.013986,0.01342,0.014125,0.012963,1,0.445136,0.452,0.450865,0.454523,0.57888,
0.41065,0.41673,0.41463,0.41973,0.016233,0.01373,0.014962,0.013409,1,0.426883,0.43046,0.429592,0.433139,0.60905,
0.3926,0.4005,0.39727,0.403,0.01701,0.015757,0.01575,0.01456,1,0.40961,0.416257,0.41302,0.41756,0.61062,
0.37616,0.38067,0.37938,0.38604,0.016761,0.016509,0.015833,0.015405,1,0.392921,0.397179,0.395213,0.401445,0.5969,
0.35935,0.36394,0.36401,0.37013,0.020285,0.017948,0.018772,0.01712,1,0.379635,0.381888,0.382782,0.38725,0.60758,
0.34303,0.34988,0.34766,0.35605,0.020534,0.019026,0.018937,0.018176,1,0.363564,0.368906,0.366597,0.374226,0.62485,
0.32973,0.33244,0.33333,0.33633,0.022255,0.020089,0.021138,0.019045,1,0.351985,0.352529,0.354468,0.355375,0.5923,
0.31316,0.31772,0.31674,0.32103,0.022338,0.020596,0.021187,0.018998,1,0.335498,0.338316,0.337927,0.340028,0.64874,
0.30207,0.30633,0.30294,0.31008,0.023531,0.022492,0.022714,0.021206,1,0.325601,0.328822,0.325654,0.331286,0.6275,
0.28825,0.29431,0.28998,0.29676,0.026223,0.024486,0.024964,0.024493,1,0.314473,0.318796,0.314944,0.321253,0.65122,
0.27342,0.27846,0.27671,0.28254,0.028276,0.025303,0.025736,0.02454,1,0.301696,0.303763,0.302446,0.30708,0.71694,
0.26134,0.26605,0.26433,0.26992,0.028915,0.026562,0.026689,0.025339,1,0.290255,0.292612,0.291019,0.295259,0.72952,
0.24815,0.25304,0.25343,0.25866,0.029109,0.027395,0.028101,0.026325,1,0.277259,0.280435,0.281531,0.284985,0.78693,
0.23778,0.2422,0.24121,0.24468,0.031828,0.028818,0.029317,0.027828,1,0.269608,0.271018,0.270527,0.272508,0.78339,
0.22847,0.23324,0.23184,0.23642,0.034381,0.031662,0.031994,0.030012,1,0.262851,0.264902,0.263834,0.266432,0.7626,
0.21755,0.22147,0.21986,0.22494,0.035103,0.031842,0.032815,0.03121,1,0.252653,0.253312,0.252675,0.25615,0.80106,
0.20814,0.21192,0.21106,0.2157,0.036268,0.034784,0.034934,0.032454,1,0.244408,0.246704,0.245994,0.248154,0.80919,
0.1989,0.20189,0.2013,0.20633,0.036823,0.035732,0.036527,0.033746,1,0.235723,0.237622,0.237827,0.240076,0.82506,
0.1943,0.19606,0.19456,0.20071,0.042429,0.038494,0.038892,0.037574,1,0.236729,0.234554,0.233452,0.238284,0.86749,
0.179,0.18332,0.18304,0.18637,0.040902,0.037988,0.039861,0.036916,1,0.219902,0.221308,0.222901,0.223286,0.81629,
0.17219,0.17565,0.17502,0.17785,0.042873,0.040407,0.040994,0.038654,1,0.215063,0.216057,0.216014,0.216504,0.7923,
0.16412,0.16668,0.1683,0.17024,0.046119,0.042368,0.04308,0.040838,1,0.210239,0.209048,0.21138,0.211078,0.82268,
0.15594,0.15891,0.16072,0.1636,0.046536,0.0433,0.044591,0.04227,1,0.202476,0.20221,0.205311,0.20587,0.87008,
0.15021,0.15146,0.15343,0.15469,0.048672,0.04634,0.047235,0.044266,1,0.198882,0.1978,0.200665,0.198956,0.83932,
0.14266,0.14563,0.14654,0.1489,0.051059,0.047272,0.048779,0.045417,1,0.193719,0.192902,0.195319,0.194317,0.8882,
0.13574,0.13905,0.13906,0.14168,0.052363,0.049904,0.05144,0.047108,1,0.188103,0.188954,0.1905,0.188788,0.92538,
0.1313,0.13284,0.13411,0.13512,0.054805,0.051489,0.052836,0.049691,1,0.186105,0.184329,0.186946,0.184811,0.87284,
0.12426,0.12705,0.1279,0.12978,0.058384,0.05399,0.055825,0.052486,1,0.182644,0.18104,0.183725,0.182266,0.93759,
0.11928,0.12137,0.12165,0.12405,0.059439,0.055984,0.057631,0.054294,1,0.178719,0.177354,0.179281,0.178344,0.92591,
0.11345,0.11599,0.11658,0.11918,0.062186,0.058845,0.060193,0.056337,1,0.175636,0.174835,0.176773,0.175517,0.96218,
0.10784,0.11109,0.11254,0.11438,0.065655,0.061901,0.063593,0.059108,1,0.173495,0.172991,0.176133,0.173488,1,
0.10369,0.1052,0.10595,0.10729,0.067347,0.062539,0.064299,0.060188,1,0.171037,0.167739,0.170249,0.167478,0.97906,
0.099544,0.10012,0.10217,0.10351,0.068929,0.065955,0.067568,0.062842,1,0.168473,0.166075,0.169738,0.166352,0.96632,
0.095173,0.097469,0.098235,0.099171,0.072564,0.068668,0.069982,0.066764,1,0.167737,0.166137,0.168217,0.165935,0.97326,
0.09118,0.091939,0.093181,0.095577,0.075117,0.070826,0.073021,0.06923,1,0.166297,0.162765,0.166202,0.164807,0.96983,
0.087841,0.088665,0.090414,0.091864,0.078308,0.074978,0.075747,0.072165,1,0.166149,0.163643,0.166161,0.164029,0.94023,
0.084313,0.084526,0.086374,0.087164,0.081,0.077838,0.07803,0.074302,1,0.165313,0.162364,0.164404,0.161466,0.92793,
0.079924,0.080998,0.081716,0.083383,0.083553,0.078885,0.08143,0.076979,1,0.163477,0.159883,0.163146,0.160362,0.9713,
0.076327,0.076859,0.078811,0.079636,0.086134,0.082889,0.084402,0.079515,1,0.162461,0.159748,0.163213,0.159151,0.97988,
0.072799,0.074858,0.076095,0.076349,0.088603,0.085603,0.088147,0.083155,1,0.161402,0.160461,0.164242,0.159504,0.99295,
0.070218,0.07138,0.072658,0.072824,0.092877,0.088414,0.091809,0.086161,1,0.163095,0.159794,0.164467,0.158985,0.95707,
0.067481,0.068547,0.06934,0.070048,0.096762,0.091553,0.095176,0.088369,1,0.164243,0.1601,0.164516,0.158417,0.93687,
0.064607,0.066325,0.067123,0.068719,0.10092,0.096718,0.098231,0.094005,1,0.165527,0.163043,0.165354,0.162724,0.93195,
0.062731,0.063458,0.063719,0.065364,0.10439,0.099987,0.10225,0.096541,1,0.167121,0.163445,0.165969,0.161905,0.86996,
0.059857,0.06066,0.061175,0.061618,0.10639,0.10242,0.10574,0.098983,1,0.166247,0.16308,0.166915,0.160601,0.8778,
0.057775,0.057827,0.059078,0.058995,0.11133,0.10656,0.1097,0.1038,1,0.169105,0.164387,0.168778,0.162795,0.8401,
0.054384,0.055672,0.056294,0.056389,0.11555,0.11151,0.11357,0.10608,1,0.169934,0.167182,0.169864,0.162469,0.89734,
0.052336,0.052449,0.053372,0.053324,0.11766,0.11463,0.11694,0.11145,1,0.169996,0.167079,0.170312,0.164774,0.86946,
0.049824,0.049939,0.050759,0.051433,0.12115,0.11815,0.12007,0.11411,1,0.170974,0.168089,0.170829,0.165543,0.88065,
0.047879,0.047971,0.049006,0.049219,0.12645,0.12266,0.12502,0.1177,1,0.174329,0.170631,0.174026,0.166919,0.85679,
0.046209,0.046462,0.047768,0.048044,0.13148,0.12782,0.1322,0.12439,1,0.177689,0.174282,0.179968,0.172434,0.81756,
0.044557,0.044646,0.046444,0.045898,0.13825,0.13243,0.13474,0.12958,1,0.182807,0.177076,0.181184,0.175478,0.78173,
0.041786,0.042492,0.043883,0.044297,0.14016,0.13678,0.14069,0.13177,1,0.181946,0.179272,0.184573,0.176067,0.83826,
0.04115,0.04027,0.042147,0.042202,0.14482,0.14154,0.14476,0.13721,1,0.18597,0.18181,0.186907,0.179412,0.73222,
0.038671,0.038421,0.040703,0.040176,0.15087,0.146,0.14939,0.14311,1,0.189541,0.184421,0.190093,0.183286,0.75059,
0.037587,0.037132,0.037609,0.037417,0.15329,0.15135,0.15499,0.14611,1,0.190877,0.188482,0.192599,0.183527,0.68837,
0.035987,0.036233,0.037592,0.036412,0.16253,0.15746,0.16097,0.15297,1,0.198517,0.193693,0.198562,0.189382,0.67275,
0.035178,0.034672,0.035839,0.035152,0.16705,0.16305,0.16585,0.15807,1,0.202228,0.197722,0.201689,0.193222,0.59498,
0.033147,0.032365,0.033347,0.033397,0.17205,0.16803,0.1713,0.16291,1,0.205197,0.200395,0.204647,0.196307,0.62464,
0.03177,0.031297,0.032711,0.032052,0.17832,0.17423,0.17762,0.1688,1,0.21009,0.205527,0.210331,0.200852,0.60331,
0.030428,0.030635,0.030803,0.031132,0.18351,0.18023,0.18405,0.17584,1,0.213938,0.210865,0.214853,0.206972,0.58317,
0.028827,0.028854,0.029926,0.029702,0.19202,0.1866,0.19063,0.18153,1,0.220847,0.215454,0.220556,0.211232,0.59095,
0.028345,0.027378,0.029324,0.028578,0.19663,0.19358,0.19709,0.18921,1,0.224975,0.220958,0.226414,0.217788,0.62777,
0.027898,0.025835,0.026798,0.02696,0.20379,0.20097,0.20459,0.19623,1,0.231688,0.226805,0.231388,0.22319,0.53419,
0.0264,0.02631,0.026694,0.026619,0.21209,0.21114,0.21272,0.20438,1,0.23849,0.23745,0.239414,0.230999,0.54255,
0.024318,0.024461,0.024735,0.024814,0.217,0.2155,0.21901,0.21246,1,0.241318,0.239961,0.243745,0.237274,0.6143,
0.023612,0.022629,0.023996,0.023434,0.22599,0.2231,0.22745,0.21769,1,0.249602,0.245729,0.251446,0.241124,0.55435,
0.022821,0.022663,0.023377,0.023605,0.23384,0.23263,0.23555,0.22558,1,0.256661,0.255293,0.258927,0.249185,0.50603,
0.021874,0.022086,0.023239,0.022447,0.24405,0.24148,0.2437,0.23815,1,0.265924,0.263566,0.266939,0.260597,0.47657,
0.020618,0.020729,0.021452,0.020778,0.25343,0.25154,0.25401,0.24709,1,0.274048,0.272269,0.275462,0.267868,0.48291,
0.020377,0.019355,0.020781,0.020437,0.26076,0.2596,0.26155,0.25461,1,0.281137,0.278955,0.282331,0.275047,0.50927,
0.019207,0.018218,0.0192,0.018938,0.26978,0.26854,0.26988,0.26135,1,0.288987,0.286758,0.28908,0.280288,0.51264,
0.018639,0.018167,0.019045,0.018632,0.27985,0.27848,0.28223,0.27215,1,0.298489,0.296647,0.301275,0.290782,0.45352,
0.017537,0.016692,0.016553,0.016639,0.28948,0.2869,0.29067,0.28345,1,0.307017,0.303592,0.307223,0.300089,0.45641,
0.016849,0.015928,0.016759,0.015992,0.2998,0.29723,0.30118,0.29237,1,0.316649,0.313158,0.317939,0.308362,0.41627,
0.016212,0.015351,0.015229,0.015328,0.30965,0.31106,0.31225,0.30435,1,0.325862,0.326411,0.327479,0.319678,0.37291,
0.015093,0.014317,0.014937,0.014527,0.32192,0.32065,0.32383,0.31555,1,0.337013,0.334967,0.338767,0.330077,0.38826,
0.014784,0.014181,0.015659,0.015021,0.33849,0.33548,0.33853,0.32915,1,0.353274,0.349661,0.354189,0.344171,0.31193,
0.014611,0.013859,0.014576,0.013642,0.35078,0.34962,0.35137,0.34366,1,0.365391,0.363479,0.365946,0.357302,0.33993,
0.012787,0.012773,0.013132,0.012518,0.3606,0.35689,0.3607,0.35254,1,0.373387,0.369663,0.373832,0.365058,0.45125,
0.012598,0.011484,0.012548,0.011785,0.37303,0.37165,0.37563,0.36428,1,0.385628,0.383134,0.388178,0.376065,0.36401,
0.011892,0.011246,0.011843,0.011223,0.38474,0.38265,0.38964,0.37757,1,0.396632,0.393896,0.401483,0.388793,0.34405,
0.011772,0.01067,0.011052,0.010695,0.39934,0.39905,0.40278,0.39401,1,0.411112,0.40972,0.413832,0.404705,0.29938,
0.011359,0.0092787,0.010777,0.010236,0.41621,0.41564,0.41738,0.40918,1,0.427569,0.4249187,0.428157,0.419416,0.24616,
0.0099131,0.009635,0.009918,0.0095713,0.43014,0.42872,0.4332,0.42235,1,0.4400531,0.438355,0.443118,0.4319213,0.32995,
0.0092075,0.008685,0.0096946,0.0085325,0.44693,0.44599,0.45047,0.44109,1,0.4561375,0.454675,0.4601646,0.4496225,0.34464,
0.0093452,0.0094314,0.0089382,0.0085665,0.4656,0.46767,0.46737,0.45997,1,0.4749452,0.4771014,0.4763082,0.4685365,0.22311,
0.0088461,0.0087868,0.0088523,0.0080045,0.48153,0.48467,0.48454,0.4777,1,0.4903761,0.4934568,0.4933923,0.4857045,0.18975,
0.008106,0.0074807,0.0082335,0.0074254,0.49857,0.50092,0.5016,0.49466,1,0.506676,0.5084007,0.5098335,0.5020854,0.19164,
0.0075725,0.0076842,0.0080788,0.0074765,0.51919,0.52117,0.52078,0.51405,1,0.5267625,0.5288542,0.5288588,0.5215265,0.16773,
0.0075037,0.0075824,0.0073053,0.0076979,0.54044,0.54202,0.54393,0.53493,1,0.5479437,0.5496024,0.5512353,0.5426279,0.2402,
0.0068325,0.0066834,0.0069443,0.0065398,0.55729,0.56084,0.56017,0.55419,1,0.5641225,0.5675234,0.5671143,0.5607298,0.23888,
0.0063334,0.0062933,0.0062052,0.0055691,0.57918,0.58176,0.58257,0.57312,1,0.5855134,0.5880533,0.5887752,0.5786891,0.21507,
0.0056105,0.0057674,0.0055005,0.0053647,0.59814,0.60311,0.60583,0.59815,1,0.6037505,0.6088774,0.6113305,0.6035147,0.22717,
0.0050254,0.0047836,0.0053801,0.0046665,0.6205,0.62488,0.6268,0.62001,1,0.6255254,0.6296636,0.6321801,0.6246765,0.22154,
0.0041649,0.0044952,0.0046582,0.0042066,0.64647,0.64791,0.64958,0.6434,1,0.6506349,0.6524052,0.6542382,0.6476066,0.26247,
0.0039067,0.0040033,0.0040394,0.0032188,0.66992,0.6705,0.67267,0.66726,1,0.6738267,0.6745033,0.6767094,0.6704788,0.21028,
0.0033388,0.0035961,0.0041425,0.0026227,0.69248,0.69706,0.69875,0.69525,1,0.6958188,0.7006561,0.7028925,0.6978727,0.21011,
0.0045091,0.0038845,0.004091,0.0036276,0.72079,0.72297,0.72451,0.72109,1,0.7252991,0.7268545,0.728601,0.7247176,0.1592,
0.0029774,0.0033078,0.0030768,0.0027249,0.7487,0.74824,0.75054,0.74758,1,0.7516774,0.7515478,0.7536168,0.7503049,0.20125,
0.0023234,0.0022221,0.0029221,0.0020607,0.77204,0.77649,0.77879,0.77655,1,0.7743634,0.7787121,0.7817121,0.7786107,0.22142,
0.0020824,0.0026293,0.0022517,0.0021118,0.80248,0.80838,0.80664,0.80931,1,0.8045624,0.8110093,0.8088917,0.8114218,0.17335,
0.0019275,0.0016793,0.001822,0.001635,0.83439,0.83899,0.83369,0.8421,1,0.8363175,0.8406693,0.835512,0.843735,0.11212,
0.0014284,0.0012892,0.0015642,0.0010219,0.86578,0.86753,0.86523,0.87258,1,0.8672084,0.8688192,0.8667942,0.8736019,0.11188,
0.0012563,0.0016115,0.0019939,0.00095373,0.89719,0.89634,0.89518,0.90146,1,0.8984463,0.8979515,0.8971739,0.90241373,0.056558,
0.00087772,0.00015267,0.0011001,0.00074936,0.92954,0.92533,0.92939,0.93258,1,0.93041772,0.92548267,0.9304901,0.93332936,0.03893,
0,0,0,0.00025546,0.96318,0.9577,0.96201,0.96849,1,0.96318,0.9577,0.96201,0.96874546,0.11431,
0.0001721,0.00011874,0.0004641,0,1,1,1,1,1,1.0001721,1.00011874,1.0004641,1,0,
0.00018061,1,1,1,0.15618,0.00011441,0,0,1,0.15636061,1.00011441,1,1,0.29425,
0.00096325,0.95505,0.98519,0.97753,0.11672,0.00031053,0.00032472,0.00075026,1,0.11768325,0.95536053,0.98551472,0.97828026,0.26087,
0.0018663,0.91506,0.91306,0.91738,0.066607,0,0.00016236,0.00065023,1,0.0684733,0.91506,0.91322236,0.91803023,0.22784,
0,0.88492,0.88149,0.88751,0.20555,0.00075182,0.0008605,0.00052518,1,0.20555,0.88567182,0.8823505,0.88803518,0.25603,
0.00018061,0.85218,0.84942,0.85687,0.24687,0.0004086,0.00090921,0.0012254,1,0.24705061,0.8525886,0.85032921,0.8580954,0.22842,
0.0016857,0.82141,0.82289,0.82526,0.11658,0.0018305,0.0015099,0.0023258,1,0.1182657,0.8232405,0.8243999,0.8275858,0.23758,
0.0014148,0.79297,0.79257,0.79465,0.21709,0.00070279,0.001104,0.00080028,1,0.2185048,0.79367279,0.793674,0.79545028,0.258,
0.0035219,0.7656,0.76179,0.76808,0.028623,0.00152,0.0021594,0.0018506,1,0.0321449,0.76712,0.7639494,0.7699306,0.25095,
0.0013245,0.73598,0.73555,0.737,0.27946,0.0017488,0.002614,0.0013755,1,0.2807845,0.7377288,0.738164,0.7383755,0.22267,
0.0049667,0.711,0.70816,0.71186,0,0.003612,0.003718,0.0036013,1,0.0049667,0.714612,0.711878,0.7154613,0.2013,
0.0037326,0.6831,0.68158,0.6871,0.20601,0.0034322,0.003718,0.0035763,1,0.2097426,0.6865322,0.685298,0.6906763,0.19077,
0.0047259,0.65544,0.65643,0.6592,0.16154,0.0034649,0.0043187,0.0037513,1,0.1662659,0.6589049,0.6607487,0.6629513,0.18962,
0.0050269,0.62901,0.63422,0.63334,0.19794,0.0041023,0.0046435,0.0043015,1,0.2029669,0.6331123,0.6388635,0.6376415,0.16756,
0.0050871,0.60832,0.61021,0.61093,0.26278,0.004135,0.0041726,0.0053019,1,0.2678671,0.612455,0.6143826,0.6162319,0.15729,
0.0064116,0.58738,0.58808,0.59023,0.18925,0.0057694,0.0055202,0.005702,1,0.1956616,0.5931494,0.5936002,0.595932,0.21451,
0.0053581,0.56184,0.56457,0.56364,0.29067,0.0053608,0.0059586,0.0050518,1,0.2960281,0.5672008,0.5705286,0.5686918,0.21159,
0.0070136,0.53982,0.54298,0.54319,0.18456,0.0062597,0.0064294,0.0070275,1,0.1915736,0.5460797,0.5494094,0.5502175,0.20809,
0.0068932,0.52153,0.52496,0.52304,0.27108,0.0068808,0.0074198,0.0068524,1,0.2779732,0.5284108,0.5323798,0.5298924,0.18489,
0.0074652,0.50415,0.50392,0.50316,0.28588,0.0070442,0.0068515,0.0074276,1,0.2933452,0.5111942,0.5107715,0.5105876,0.21844,
0.0084585,0.48255,0.48666,0.48562,0.18985,0.0083681,0.0079881,0.0082779,1,0.1983085,0.4909181,0.4946481,0.4938979,0.15814,
0.0086692,0.46649,0.46677,0.46813,0.24419,0.0080248,0.0080855,0.0082779,1,0.2528592,0.4745148,0.4748555,0.4764079,0.08124,
0.0089401,0.44694,0.44851,0.44765,0.29402,0.0091689,0.0091408,0.0091032,1,0.3029601,0.4561089,0.4576508,0.4567532,0.21044,
0.010415,0.43137,0.43298,0.43117,0.22752,0.0090709,0.0099851,0.0097534,1,0.237935,0.4404409,0.4429651,0.4409234,0.13393,
0.0093013,0.41385,0.41706,0.4162,0.34426,0.0097246,0.010456,0.010104,1,0.3535613,0.4235746,0.427516,0.426304,0.082698,
0.011168,0.39747,0.40046,0.39942,0.24324,0.0098063,0.010911,0.010779,1,0.254408,0.4072763,0.411371,0.410199,0.093955,
0.012131,0.38523,0.38524,0.38686,0.23389,0.011571,0.010975,0.010879,1,0.246021,0.396801,0.396215,0.397739,0.16514,
0.012974,0.37043,0.3721,0.372,0.23818,0.012748,0.012534,0.01303,1,0.251154,0.383178,0.384634,0.38503,0.12089,
0.013064,0.35576,0.357,0.35553,0.31152,0.012291,0.012339,0.011479,1,0.324584,0.368051,0.369339,0.367009,0.13972,
0.01487,0.34502,0.34341,0.34434,0.23593,0.013222,0.013151,0.01438,1,0.2508,0.358242,0.356561,0.35872,0.14175,
0.016646,0.33275,0.33127,0.33364,0.27747,0.014088,0.013654,0.01448,1,0.294116,0.346838,0.344924,0.34812,0.16207,
0.015442,0.31962,0.31899,0.32024,0.31868,0.01484,0.015473,0.015455,1,0.334122,0.33446,0.334463,0.335695,0.22695,
0.016496,0.30817,0.30866,0.30768,0.31553,0.01569,0.015798,0.015756,1,0.332026,0.32386,0.324458,0.323436,0.2027,
0.016736,0.29631,0.29703,0.29684,0.38235,0.016442,0.017275,0.017106,1,0.399086,0.312752,0.314305,0.313946,0.15341,
0.016676,0.28353,0.28622,0.28458,0.43922,0.016605,0.017064,0.01553,1,0.455896,0.300135,0.303284,0.30011,0.18862,
0.018693,0.27589,0.27716,0.27744,0.36279,0.018583,0.018103,0.019182,1,0.381483,0.294473,0.295263,0.296622,0.17646,
0.019054,0.26547,0.26622,0.26554,0.42417,0.019286,0.019288,0.018406,1,0.443224,0.284756,0.285508,0.283946,0.19428,
0.02074,0.25736,0.25801,0.25711,0.38315,0.019498,0.020116,0.019782,1,0.40389,0.276858,0.278126,0.276892,0.2134,
0.021703,0.24837,0.24828,0.24857,0.40184,0.02074,0.020961,0.021483,1,0.423543,0.26911,0.269241,0.270053,0.16311,
0.023419,0.24176,0.24059,0.24409,0.36741,0.022391,0.022503,0.022858,1,0.390829,0.264151,0.263093,0.266948,0.18317,
0.023178,0.22734,0.23067,0.22769,0.48014,0.022489,0.022763,0.023083,1,0.503318,0.249829,0.253433,0.250773,0.15483,
0.024864,0.22007,0.2214,0.2196,0.45291,0.023355,0.024321,0.023258,1,0.477774,0.243425,0.245721,0.242858,0.17171,
0.024623,0.21179,0.21475,0.2127,0.41597,0.024908,0.025328,0.025184,1,0.440593,0.236698,0.240078,0.237884,0.14855,
0.025917,0.2039,0.20779,0.20451,0.42128,0.026461,0.02674,0.026284,1,0.447197,0.230361,0.23453,0.230794,0.1233,
0.02685,0.19772,0.20171,0.19815,0.45466,0.026412,0.027893,0.025609,1,0.48151,0.224132,0.229603,0.223759,0.13386,
0.027513,0.19036,0.19391,0.19081,0.50918,0.027539,0.029062,0.026584,1,0.536693,0.217899,0.222972,0.217394,0.18977,
0.029861,0.18305,0.18776,0.18355,0.45181,0.029435,0.030345,0.02896,1,0.481671,0.212485,0.218105,0.21251,0.18143,
0.030493,0.17797,0.1803,0.1776,0.51284,0.031151,0.031627,0.030761,1,0.543333,0.209121,0.211927,0.208361,0.13694,
0.030764,0.17103,0.17336,0.17055,0.5609,0.031838,0.032342,0.032111,1,0.591664,0.202868,0.205702,0.202661,0.17592,
0.0326,0.16504,0.16808,0.16666,0.54721,0.033064,0.033706,0.032436,1,0.57981,0.198104,0.201786,0.199096,0.18897,
0.034105,0.15944,0.16168,0.16025,0.55889,0.035041,0.035719,0.034912,1,0.592995,0.194481,0.197399,0.195162,0.15997,
0.03558,0.15329,0.15776,0.15447,0.49745,0.03563,0.036628,0.036188,1,0.53303,0.18892,0.194388,0.190658,0.17896,
0.037567,0.14897,0.1518,0.1497,0.48657,0.03728,0.038609,0.037338,1,0.524137,0.18625,0.190409,0.187038,0.13469,
0.037988,0.14271,0.14673,0.143,0.57203,0.038506,0.039616,0.038764,1,0.610018,0.181216,0.186346,0.181764,0.16324,
0.041961,0.13973,0.14058,0.13889,0.45455,0.040941,0.042165,0.041139,1,0.496511,0.180671,0.182745,0.180029,0.091782,
0.040757,0.13358,0.13683,0.13337,0.63679,0.042707,0.043285,0.04219,1,0.677547,0.176287,0.180115,0.17556,0.088892,
0.044069,0.12897,0.13272,0.13073,0.56487,0.044341,0.045347,0.045366,1,0.608939,0.173311,0.178067,0.176096,0.060912,
0.044821,0.12435,0.1267,0.12427,0.64093,0.045027,0.046467,0.045666,1,0.685751,0.169377,0.173167,0.169936,0.077428,
0.048192,0.1201,0.1234,0.12103,0.57759,0.048214,0.049308,0.048567,1,0.625782,0.168314,0.172708,0.169597,0.1227,
0.049517,0.11702,0.11993,0.11628,0.62858,0.049963,0.051354,0.050093,1,0.678097,0.166983,0.171284,0.166373,0.1334,
0.052918,0.11248,0.11453,0.11297,0.57618,0.052562,0.053091,0.052843,1,0.629098,0.165042,0.167621,0.165813,0.10667,
0.053851,0.10847,0.11143,0.10931,0.65347,0.054082,0.055364,0.055444,1,0.707321,0.162552,0.166794,0.164754,0.12929,
0.057133,0.10429,0.10604,0.10369,0.61756,0.055912,0.056858,0.055494,1,0.674693,0.160202,0.162898,0.159184,0.14882,
0.058306,0.10114,0.10364,0.10276,0.68906,0.058952,0.060316,0.058771,1,0.747366,0.160092,0.163956,0.161531,0.046654,
0.059992,0.096646,0.098925,0.097422,0.73912,0.060636,0.06233,0.060696,1,0.799112,0.157282,0.161255,0.158118,0.089867,
0.061527,0.092822,0.09657,0.093516,0.71412,0.063349,0.06483,0.063097,1,0.775647,0.156171,0.1614,0.156613,0.091184,
0.06541,0.090448,0.092444,0.090182,0.66877,0.065686,0.066859,0.066648,1,0.73418,0.156134,0.159303,0.15683,0.076231,
0.067819,0.086545,0.0905,0.087641,0.69637,0.069903,0.070253,0.069649,1,0.764189,0.156448,0.160753,0.15729,0.052305,
0.069805,0.083677,0.086642,0.083609,0.74674,0.071766,0.071795,0.07105,1,0.816545,0.155443,0.158437,0.154659,0.063256,
0.072093,0.079901,0.082548,0.080322,0.78783,0.075002,0.075773,0.074976,1,0.859923,0.154903,0.158321,0.155298,0.078319,
0.076397,0.077432,0.081426,0.078639,0.74738,0.078679,0.078403,0.077452,1,0.823777,0.156111,0.159829,0.156091,0.049506,
0.078535,0.074564,0.077379,0.074495,0.8039,0.08118,0.082543,0.080378,1,0.882435,0.155744,0.159922,0.154873,0.067276,
0.081725,0.07125,0.074297,0.072225,0.82132,0.084122,0.085596,0.08558,1,0.903045,0.155372,0.159893,0.157805,0.060031,
0.085157,0.069625,0.072036,0.069256,0.83439,0.086819,0.090694,0.089081,1,0.919547,0.156444,0.16273,0.158337,0.054062,
0.08892,0.066757,0.068764,0.067604,0.84012,0.092163,0.092934,0.091907,1,0.92904,0.15892,0.161698,0.159511,0.037012,
0.09202,0.063921,0.066045,0.064223,0.87712,0.094631,0.096474,0.094683,1,0.96914,0.158552,0.162519,0.158906,0.038412,
0.095993,0.061675,0.063863,0.061857,0.88634,0.10051,0.10073,0.099535,1,0.982333,0.162185,0.164593,0.161392,0.022307,
0.099576,0.05895,0.060449,0.058316,0.91607,0.1032,0.10524,0.10306,1,1.015646,0.16215,0.165689,0.161376,0.09371,
0.10581,0.057325,0.059516,0.057602,0.85708,0.10813,0.11037,0.11011,1,0.96289,0.165455,0.169886,0.167712,0.074048,
0.10945,0.054728,0.05705,0.054871,0.89712,0.11356,0.11479,0.11346,1,1.00657,0.168288,0.17184,0.168331,0.058692,
0.11354,0.05331,0.0546,0.052982,0.92728,0.11889,0.12092,0.11909,1,1.04082,0.1722,0.17552,0.172072,0.080584,
0.11806,0.050426,0.052988,0.051426,0.94936,0.12331,0.12443,0.12387,1,1.06742,0.173736,0.177418,0.175296,0.042259,
0.12405,0.048849,0.050364,0.0486,0.93011,0.12928,0.1301,0.1305,1,1.05416,0.178129,0.180464,0.1791,0.059757,
0.12856,0.046443,0.048356,0.047012,0.96579,0.13497,0.13692,0.13497,1,1.09435,0.181413,0.185276,0.181982,0.11814,
0.13488,0.044898,0.046522,0.044345,0.95202,0.14147,0.14161,0.1414,1,1.0869,0.186368,0.188132,0.185745,0.11686,
0.14154,0.042763,0.044325,0.042709,0.93712,0.14812,0.14802,0.14878,1,1.07866,0.190883,0.192345,0.191489,0.06027,
0.14596,0.040596,0.041669,0.040153,0.99576,0.15383,0.15575,0.1535,1,1.14172,0.194426,0.197419,0.193653,0.16109,
0.15394,0.038939,0.040563,0.040201,0.95904,0.16148,0.16169,0.16043,1,1.11298,0.200419,0.202253,0.200631,0.17985,
0.15948,0.036326,0.037638,0.037168,1,0.16839,0.16999,0.16903,1,1.15948,0.204716,0.207628,0.206198,0.15094,
0.16914,0.035848,0.037449,0.036184,0.93713,0.17795,0.17785,0.17686,1,1.10627,0.213798,0.215299,0.213044,0.12641,
0.17968,0.033936,0.036611,0.035104,0.86543,0.18572,0.1864,0.18827,1,1.04511,0.219656,0.223011,0.223374,0,
0.18326,0.032168,0.032928,0.032373,0.97923,0.19315,0.19382,0.19234,1,1.16249,0.225318,0.226748,0.224713,0.20199,
0.19349,0.031976,0.032453,0.031675,0.93463,0.20201,0.20357,0.20155,1,1.12812,0.233986,0.236023,0.233225,0.15255,
0.20409,0.029889,0.030873,0.030103,0.89395,0.21257,0.21287,0.21377,1,1.09804,0.242459,0.243743,0.243873,0.2497,
0.21179,0.027786,0.029703,0.027451,0.93096,0.22074,0.22295,0.22168,1,1.14275,0.248526,0.252653,0.249131,0.21777,
0.22188,0.026416,0.028154,0.027372,0.92312,0.23385,0.23245,0.23173,1,1.145,0.260266,0.260604,0.259102,0.20782,
0.23202,0.026225,0.026936,0.025689,0.92454,0.24498,0.24438,0.24176,1,1.15656,0.271205,0.271316,0.267449,0.22837,
0.244,0.024409,0.02613,0.024244,0.8979,0.25577,0.25656,0.25381,1,1.1419,0.280179,0.28269,0.278054,0.25487,
0.2564,0.023277,0.023696,0.023498,0.87499,0.27005,0.27031,0.26847,1,1.13139,0.293327,0.294006,0.291968,0.26206,
0.27299,0.022544,0.023143,0.023038,0.78382,0.28169,0.28143,0.28135,1,1.05681,0.304234,0.304573,0.304388,0.18706,
0.28241,0.02084,0.022494,0.020926,0.84254,0.29334,0.29447,0.29295,1,1.12495,0.31418,0.316964,0.313876,0.37123,
0.29496,0.020107,0.02142,0.020561,0.85263,0.30882,0.30824,0.30671,1,1.14759,0.328927,0.32966,0.327271,0.26683,
0.30803,0.018673,0.019776,0.018259,0.86473,0.32075,0.32274,0.31869,1,1.17276,0.339423,0.342516,0.336949,0.32038,
0.32311,0.017335,0.0178,0.017115,0.85325,0.33825,0.33727,0.33684,1,1.17636,0.355585,0.35507,0.353955,0.37951,
0.33969,0.015948,0.01761,0.016195,0.82957,0.35123,0.35248,0.3499,1,1.16926,0.367178,0.37009,0.366095,0.35895,
0.35613,0.014897,0.015918,0.014988,0.8223,0.36877,0.37026,0.36693,1,1.17843,0.383667,0.386178,0.381918,0.46024,
0.3719,0.014801,0.015697,0.014782,0.83875,0.38856,0.3875,0.38716,1,1.21065,0.403361,0.403197,0.401942,0.41758,
0.39315,0.014244,0.015191,0.013861,0.7843,0.40703,0.40635,0.40642,1,1.17745,0.421274,0.421541,0.420281,0.35844,
0.41489,0.013049,0.013437,0.011908,0.74007,0.42589,0.42489,0.42732,1,1.15496,0.438939,0.438327,0.439228,0.54261,
0.43232,0.011949,0.012172,0.012082,0.77299,0.44599,0.44426,0.44578,1,1.20531,0.457939,0.456432,0.457862,0.51678,
0.45176,0.012141,0.011903,0.01159,0.79079,0.46758,0.46485,0.46316,1,1.24255,0.479721,0.476753,0.47475,0.43016,
0.47804,0.01077,0.010623,0.01032,0.73131,0.49066,0.48842,0.48925,1,1.20935,0.50143,0.499043,0.49957,0.54722,
0.49682,0.0097825,0.010765,0.010368,0.65152,0.51276,0.50935,0.50993,1,1.14834,0.5225425,0.520115,0.520298,0.39609,
0.51808,0.0084123,0.0097692,0.00878,0.68727,0.535,0.53372,0.53269,1,1.20535,0.5434123,0.5434892,0.54147,0.46163,
0.54622,0.0091771,0.0094372,0.0087959,0.6541,0.55925,0.55709,0.55725,1,1.20032,0.5684271,0.5665272,0.5660459,0.42441,
0.56904,0.0079822,0.0082991,0.0073352,0.59283,0.58259,0.57998,0.5824,1,1.16187,0.5905722,0.5882791,0.5897352,0.62779,
0.59532,0.0073608,0.0077458,0.0073193,0.61367,0.61085,0.60777,0.60996,1,1.20899,0.6182108,0.6155158,0.6172793,0.56444,
0.62199,0.0057197,0.0059595,0.0057475,0.619,0.63594,0.6343,0.63667,1,1.24099,0.6416597,0.6402595,0.6424175,0.66404,
0.65212,0.0052099,0.0053588,0.0050013,0.57603,0.66544,0.66197,0.66546,1,1.22815,0.6706499,0.6673288,0.6704613,0.6226,
0.67825,0.004254,0.0045052,0.0037946,0.5908,0.69198,0.6915,0.69269,1,1.26905,0.696234,0.6960052,0.6964846,0.89956,
0.71355,0.0044611,0.0049004,0.0042868,0.58334,0.72416,0.72118,0.72355,1,1.29689,0.7286211,0.7260804,0.7278368,0.6194,
0.74158,0.0033617,0.0032564,0.0029373,0.55567,0.75491,0.75242,0.75604,1,1.29725,0.7582717,0.7556764,0.7589773,0.66441,
0.77595,0.0031546,0.0033196,0.0031754,0.53787,0.78933,0.78163,0.79195,1,1.31382,0.7924846,0.7849496,0.7951254,0.82918,
0.81135,0.0026607,0.0023237,0.0023657,0.50122,0.82347,0.81506,0.82446,1,1.31257,0.8261307,0.8173837,0.8268257,0.87621,
0.84368,0.0020075,0.0016124,0.0010638,0.50877,0.85547,0.84855,0.8603,1,1.35245,0.8574775,0.8501624,0.8613638,0.9382,
0.88083,0.0014339,0.0024502,0.0012067,0.51843,0.88662,0.88336,0.89364,1,1.39926,0.8880539,0.8858102,0.8948467,0.68316,
0.92122,0.0012427,0.0013279,0.0011114,0.49185,0.92094,0.91794,0.92667,1,1.41307,0.9221827,0.9192679,0.9277814,0.84267,
0.9624,0.00025492,0.00011065,0.00012702,0.47791,0.95533,0.95425,0.96526,1,1.44031,0.95558492,0.95436065,0.96538702,0.94555,
1,0,0,0,0.48303,1,1,1,1,1.48303,1,1,1,1,0.9588837
1,1,1,1,0,0,0,0,0,1,1,1,1,0.52816,
0.96612,0.96176,0.95739,0.95739,0.0017289,0.00023423,0.0013243,0.0014937,0,0.9678489,0.96199423,0.9587143,0.9588837,0.47654,
0.93219,0.9316,0.92234,0.92234,0.00032017,0.0012046,0.0010627,0.0017381,0,0.93251017,0.9328046,0.9234027,0.9240781,0.36105,
0.90068,0.9002,0.89384,0.89384,0.00096052,0.0010206,0.0019455,0.0011678,0,0.90164052,0.9012206,0.8957855,0.8950078,0.6319,
0.86676,0.86834,0.86051,0.86051,0.0015048,0.0020411,0.0022562,0.0019554,0,0.8682648,0.8703811,0.8627662,0.8624654,0.51327,
0.83743,0.8366,0.82945,0.82945,0.0033618,0.0031788,0.0032371,0.0029874,0,0.8407918,0.8397788,0.8326871,0.8324374,0.40165,
0.80611,0.80647,0.79944,0.79944,0.0032017,0.0028107,0.0036131,0.0022813,0,0.8093117,0.8092807,0.8030531,0.8017213,0.26109,
0.77772,0.77717,0.77039,0.77039,0.0030096,0.0039149,0.0036295,0.0043182,0,0.7807296,0.7810849,0.7740195,0.7747082,0.22572,
0.74855,0.74882,0.74354,0.74354,0.0040022,0.0038982,0.0042998,0.0043453,0,0.7525522,0.7527182,0.7478398,0.7478853,0.47314,
0.71867,0.72101,0.71537,0.71537,0.005507,0.0053705,0.0057712,0.0045355,0,0.724177,0.7263805,0.7211412,0.7199055,0.34994,
0.69461,0.6935,0.689,0.689,0.0078763,0.0055713,0.0059674,0.0068711,0,0.7024863,0.6990713,0.6949674,0.6958711,0.36526,
0.6682,0.6675,0.66321,0.66321,0.0071399,0.0065751,0.0065559,0.0058391,0,0.6753399,0.6740751,0.6697659,0.6690491,0.39867,
0.64342,0.64082,0.63834,0.63834,0.0078122,0.0076291,0.0074715,0.00755,0,0.6512322,0.6484491,0.6458115,0.64589,0.50353,
0.61842,0.61832,0.61522,0.61522,0.0087087,0.0089006,0.0075042,0.0077401,0,0.6271287,0.6272206,0.6227242,0.6229601,0.57371,
0.59596,0.5937,0.59032,0.59032,0.0089329,0.0085828,0.0095314,0.0077945,0,0.6048929,0.6022828,0.5998514,0.5981145,0.6966,
0.57502,0.57219,0.5703,0.5703,0.0099894,0.0096368,0.010496,0.010836,0,0.5850094,0.5818268,0.580796,0.581136,0.28996,
0.55389,0.55213,0.54816,0.54816,0.01127,0.010825,0.01151,0.010375,0,0.56516,0.562955,0.55967,0.558535,0.35758,
0.5329,0.53159,0.52602,0.52602,0.012551,0.011996,0.011264,0.012058,0,0.545451,0.543586,0.537284,0.538078,0.52567,
0.51425,0.51372,0.5069,0.5069,0.01428,0.013853,0.01267,0.013443,0,0.52853,0.527573,0.51957,0.520343,0.54591,
0.4939,0.49102,0.48886,0.48886,0.013383,0.013953,0.01424,0.012547,0,0.507283,0.504973,0.5031,0.501407,0.28891,
0.47768,0.47359,0.46975,0.46975,0.014952,0.014187,0.014583,0.013443,0,0.492632,0.487777,0.484333,0.483193,0.86987,
0.45982,0.45601,0.45257,0.45257,0.016617,0.015392,0.014878,0.015127,0,0.476437,0.471402,0.467448,0.467697,0.67849,
0.44165,0.43819,0.43515,0.43515,0.016617,0.015844,0.01697,0.016485,0,0.458267,0.454034,0.45212,0.451635,0.28192,
0.42589,0.4209,0.41853,0.41853,0.017898,0.017099,0.017314,0.015372,0,0.443788,0.437999,0.435844,0.433902,0.8459,
0.41237,0.40633,0.40389,0.40389,0.020907,0.019541,0.019946,0.018169,0,0.433277,0.425871,0.423836,0.422059,0.2994,
0.39498,0.39062,0.38717,0.38717,0.02126,0.019106,0.019014,0.019174,0,0.41624,0.409726,0.406184,0.406344,0.87339,
0.38223,0.37787,0.37278,0.37278,0.020907,0.020846,0.021074,0.020477,0,0.403137,0.398716,0.393854,0.393257,0.2573,
0.36534,0.36015,0.35852,0.35852,0.023469,0.020896,0.021025,0.019961,0,0.388809,0.381046,0.379545,0.378481,0.17733,
0.3532,0.35043,0.34441,0.34441,0.023501,0.022168,0.022741,0.02064,0,0.376701,0.372598,0.367151,0.36505,0.57604,
0.3425,0.33728,0.33154,0.33154,0.024461,0.024226,0.023461,0.023112,0,0.366961,0.361506,0.355001,0.354652,0.43097,
0.32794,0.32294,0.32032,0.32032,0.026831,0.025129,0.025946,0.023981,0,0.354771,0.348069,0.346266,0.344301,0.67911,
0.31688,0.31182,0.30765,0.30765,0.027183,0.026836,0.02624,0.025203,0,0.344063,0.338656,0.33389,0.332853,0.26137,
0.3045,0.30079,0.29695,0.29695,0.029712,0.028074,0.02933,0.027213,0,0.334212,0.328864,0.32628,0.324163,0.59717,
0.29227,0.28769,0.28653,0.28653,0.030737,0.028877,0.029706,0.028299,0,0.323007,0.316567,0.316236,0.314829,0.5913,
0.28363,0.2796,0.27708,0.27708,0.031025,0.030851,0.030197,0.029005,0,0.314655,0.310451,0.307277,0.306085,0.30862,
0.27206,0.26621,0.26495,0.26495,0.031505,0.031487,0.03121,0.030146,0,0.303565,0.297697,0.29616,0.295096,0.58434,
0.26318,0.25863,0.25626,0.25626,0.03349,0.033411,0.03363,0.031341,0,0.29667,0.292041,0.28989,0.287601,0.50647,
0.25495,0.25045,0.24539,0.24539,0.035763,0.034599,0.034365,0.033812,0,0.290713,0.285049,0.279755,0.279202,0.43472,
0.25179,0.24375,0.23927,0.23927,0.039958,0.039133,0.037668,0.036229,0,0.291748,0.282883,0.276938,0.275499,0.44511,
0.23483,0.22935,0.22954,0.22954,0.040086,0.037493,0.038387,0.035822,0,0.274916,0.266843,0.267927,0.265362,0.30061,
0.22798,0.2213,0.22171,0.22171,0.042359,0.040421,0.039875,0.038701,0,0.270339,0.261721,0.261585,0.260411,0.61487,
0.21735,0.21214,0.21293,0.21293,0.041975,0.041542,0.041445,0.039108,0,0.259325,0.253682,0.254375,0.252038,0.51662,
0.21154,0.20544,0.20628,0.20628,0.04492,0.043633,0.043521,0.042041,0,0.25646,0.249073,0.249801,0.248321,0.60738,
0.20392,0.19815,0.19833,0.19833,0.047994,0.045356,0.04599,0.042449,0,0.251914,0.243506,0.24432,0.240779,0.3723,
0.19583,0.19043,0.19041,0.19041,0.049819,0.046996,0.047232,0.045192,0,0.245649,0.237426,0.237642,0.235602,0.48383,
0.18982,0.18551,0.1848,0.1848,0.052092,0.04882,0.050453,0.046278,0,0.241912,0.23433,0.235253,0.231078,0.36549,
0.18256,0.17644,0.17764,0.17764,0.052477,0.051379,0.05163,0.048804,0,0.235037,0.227819,0.22927,0.226444,0.64341,
0.17438,0.16913,0.17077,0.17077,0.053821,0.053069,0.052954,0.048994,0,0.228201,0.222199,0.223724,0.219764,0.28731,
0.16949,0.16479,0.16564,0.16564,0.05808,0.05501,0.055537,0.052606,0,0.22757,0.2198,0.221177,0.218246,0.46064,
0.16308,0.15839,0.15834,0.15834,0.058816,0.056482,0.057516,0.053366,0,0.221896,0.214872,0.215856,0.211706,0.41084,
0.15879,0.15225,0.15372,0.15372,0.062562,0.059795,0.059118,0.057766,0,0.221352,0.212045,0.212838,0.211486,0.37401,
0.15409,0.14816,0.1479,0.1479,0.064707,0.061669,0.062535,0.060346,0,0.218797,0.209829,0.210435,0.208246,0.31685,
0.14878,0.14207,0.14274,0.14274,0.066724,0.065065,0.064693,0.061459,0,0.215504,0.207135,0.207433,0.204199,0.43307,
0.14299,0.13717,0.13716,0.13716,0.068581,0.067056,0.067652,0.06404,0,0.211571,0.204226,0.204812,0.2012,0.54441,
0.1369,0.13222,0.13258,0.13258,0.071687,0.068411,0.070121,0.065859,0,0.208587,0.200631,0.202701,0.198439,0.67182,
0.13279,0.12648,0.12751,0.12751,0.074601,0.071289,0.072164,0.069064,0,0.207391,0.197769,0.199674,0.196574,0.35711,
0.12759,0.12305,0.12189,0.12189,0.076778,0.07435,0.075107,0.072431,0,0.204368,0.1974,0.196997,0.194321,0.36652,
0.12283,0.11787,0.11926,0.11926,0.078155,0.077044,0.078164,0.074278,0,0.200985,0.194914,0.197424,0.193538,0.34308,
0.12051,0.11348,0.11479,0.11479,0.082541,0.080173,0.081205,0.076179,0,0.203051,0.193653,0.195995,0.190969,0.41478,
0.11409,0.10935,0.11016,0.11016,0.085519,0.08295,0.084818,0.079683,0,0.199609,0.1923,0.194978,0.189843,0.51832,
0.11016,0.10584,0.1061,0.1061,0.087408,0.086229,0.086241,0.08191,0,0.197568,0.192069,0.192341,0.18801,0.32622,
0.10837,0.10261,0.10382,0.10382,0.093139,0.090378,0.090034,0.087532,0,0.201509,0.192988,0.193854,0.191352,0.34039,
0.10451,0.10086,0.098908,0.098908,0.097365,0.094946,0.094072,0.091687,0,0.201875,0.195806,0.19298,0.190595,0.2688,
0.10034,0.0949,0.096066,0.096066,0.097397,0.096836,0.09775,0.093751,0,0.197737,0.191736,0.193816,0.189817,0.42669,
0.096696,0.091155,0.091869,0.091869,0.10287,0.10072,0.10053,0.09663,0,0.199566,0.191875,0.192399,0.188499,0.82263,
0.091373,0.08741,0.088796,0.088796,0.10354,0.10309,0.10334,0.0994,0,0.194913,0.1905,0.192136,0.188196,0.3694,
0.089209,0.084869,0.084615,0.084615,0.1087,0.108,0.10812,0.10304,0,0.197909,0.192869,0.192735,0.187655,0.17377,
0.085826,0.08185,0.082219,0.082219,0.11283,0.11168,0.11199,0.10643,0,0.198656,0.19353,0.194209,0.188649,0.63603,
0.082581,0.077148,0.07865,0.07865,0.11529,0.11407,0.11547,0.10899,0,0.197871,0.191218,0.19412,0.18764,0.24897,
0.078665,0.074788,0.075395,0.075395,0.11991,0.119,0.11864,0.1126,0,0.198575,0.193788,0.194035,0.187995,0.41153,
0.076175,0.072,0.073396,0.073396,0.12378,0.12384,0.12388,0.11817,0,0.199955,0.19584,0.197276,0.191566,0.33572,
0.074012,0.069492,0.071116,0.071116,0.12951,0.12842,0.12821,0.12208,0,0.203522,0.197912,0.199326,0.193196,0.74264,
0.071007,0.067348,0.067778,0.067778,0.1355,0.13247,0.13244,0.12683,0,0.206507,0.199818,0.200218,0.194608,0.5036,
0.068362,0.064955,0.065283,0.065283,0.13944,0.13741,0.13911,0.13101,0,0.207802,0.202365,0.204393,0.196293,0.5138,
0.065288,0.061721,0.061466,0.061466,0.14286,0.14219,0.14211,0.13585,0,0.208148,0.203911,0.203576,0.197316,0.83524,
0.063193,0.058702,0.059781,0.059781,0.14763,0.14763,0.14708,0.14057,0,0.210823,0.206332,0.206861,0.200351,0.90891,
0.061905,0.057762,0.058079,0.058079,0.15484,0.15382,0.15383,0.1466,0,0.216745,0.211582,0.211909,0.204679,0.44835,
0.057767,0.054396,0.054907,0.054907,0.15964,0.15896,0.15849,0.15057,0,0.217407,0.213356,0.213397,0.205477,0.58214,
0.055998,0.051921,0.05332,0.05332,0.16582,0.16416,0.1653,0.15774,0,0.221818,0.216081,0.21862,0.21106,0.62565,
0.054315,0.049842,0.050247,0.050247,0.17036,0.17107,0.17016,0.1633,0,0.224675,0.220912,0.220407,0.213547,0.089934,
0.052031,0.048886,0.049074,0.049074,0.176,0.17619,0.1767,0.16922,0,0.228031,0.225076,0.225774,0.218294,0.71136,
0.048614,0.046889,0.047669,0.047669,0.18298,0.18226,0.18322,0.17523,0,0.231594,0.229149,0.230889,0.222899,0.82211,
0.047309,0.043622,0.04486,0.04486,0.18871,0.18924,0.18978,0.18188,0,0.236019,0.232862,0.23464,0.22674,0.44163,
0.045197,0.041874,0.042465,0.042465,0.19601,0.1963,0.19509,0.18889,0,0.241207,0.238174,0.237555,0.231355,0.58532,
0.044682,0.040801,0.041159,0.041159,0.20267,0.20523,0.20176,0.19837,0,0.247352,0.246031,0.242919,0.239529,0.69559,
0.042175,0.039019,0.038962,0.038962,0.21125,0.21176,0.2119,0.20592,0,0.253425,0.250779,0.250862,0.244882,0.43359,
0.040028,0.037749,0.037937,0.037937,0.21836,0.22024,0.21682,0.20996,0,0.258388,0.257989,0.254757,0.247897,0.45326,
0.037864,0.03567,0.034963,0.034963,0.22483,0.22698,0.22679,0.21846,0,0.262694,0.26265,0.261753,0.253423,0.78361,
0.037401,0.034235,0.034302,0.034302,0.23379,0.23699,0.23534,0.22713,0,0.271191,0.271225,0.269642,0.261432,0.71454,
0.034842,0.03341,0.033212,0.033212,0.24375,0.24651,0.24263,0.23777,0,0.278592,0.27992,0.275842,0.270982,0.36224,
0.0334,0.031034,0.031328,0.031328,0.25063,0.25432,0.25073,0.24475,0,0.28403,0.285354,0.282058,0.276078,0.69997,
0.033005,0.029714,0.030584,0.030584,0.25944,0.26347,0.2607,0.25396,0,0.292445,0.293184,0.291284,0.284544,0.20026,
0.031339,0.028807,0.028618,0.028618,0.26936,0.27408,0.2708,0.2652,0,0.300699,0.302887,0.299418,0.293818,0.81456,
0.029244,0.02681,0.02723,0.02723,0.27756,0.28168,0.27957,0.27099,0,0.306804,0.30849,0.3068,0.29822,0.62306,
0.028145,0.026051,0.027065,0.027065,0.28998,0.29277,0.29034,0.28397,0,0.318125,0.318821,0.317405,0.311035,0.094498,
0.026806,0.024039,0.024322,0.024322,0.29706,0.30347,0.30103,0.29464,0,0.323866,0.327509,0.325352,0.318962,0.0091827,
0.02617,0.023808,0.024173,0.024173,0.31172,0.31447,0.31155,0.30496,0,0.33789,0.338278,0.335723,0.329133,0.050074,
0.024797,0.022422,0.022356,0.022356,0.3243,0.32869,0.32456,0.32204,0,0.349097,0.351112,0.346916,0.344396,0.81051,
0.023801,0.021811,0.02153,0.02153,0.33836,0.34155,0.33748,0.33359,0,0.362161,0.363361,0.35901,0.35512,0.65417,
0.02198,0.020739,0.019316,0.019316,0.3454,0.35127,0.34802,0.34081,0,0.36738,0.372009,0.367336,0.360126,0.13417,
0.020984,0.018858,0.019051,0.019051,0.35683,0.36305,0.36058,0.35284,0,0.377814,0.381908,0.379631,0.371891,0,
0.018597,0.016878,0.017019,0.017019,0.36935,0.37523,0.37343,0.36582,0,0.387947,0.392108,0.390449,0.382839,0.93137,
0.017773,0.017241,0.016821,0.016821,0.38639,0.3919,0.38801,0.38375,0,0.404163,0.409141,0.404831,0.400571,0.20246,
0.016485,0.015773,0.015499,0.015499,0.39874,0.40677,0.40334,0.39697,0,0.415225,0.422543,0.418839,0.412469,1,
0.016331,0.014832,0.015201,0.015201,0.41613,0.42047,0.4183,0.41243,0,0.432461,0.435302,0.433501,0.427631,0.16236,
0.015867,0.013925,0.013846,0.013846,0.42935,0.43536,0.43228,0.42899,0,0.445217,0.449285,0.446126,0.442836,0.81751,
0.013738,0.013479,0.012805,0.012805,0.44831,0.45867,0.45095,0.44787,0,0.462048,0.472149,0.463755,0.460675,0.57137,
0.013223,0.011879,0.012723,0.012723,0.46662,0.47498,0.46787,0.46539,0,0.479843,0.486859,0.480593,0.478113,0.43285,
0.012415,0.012028,0.011616,0.011616,0.48583,0.4946,0.48756,0.48543,0,0.498245,0.506628,0.499176,0.497046,0.55586,
0.012381,0.010939,0.011781,0.011781,0.50139,0.51205,0.50654,0.50341,0,0.513771,0.522989,0.518321,0.515191,0.36679,
0.010664,0.010592,0.0097817,0.0097817,0.523,0.53434,0.52791,0.52522,0,0.533664,0.544932,0.5376917,0.5350017,0.39148,
0.0094618,0.0081173,0.0083112,0.0083112,0.54071,0.55507,0.54576,0.54387,0,0.5501718,0.5631873,0.5540712,0.5521812,0.4895,
0.0082254,0.0082163,0.008179,0.008179,0.5653,0.57493,0.56914,0.56538,0,0.5735254,0.5831463,0.577319,0.573559,0.57428,
0.0079679,0.0078534,0.0068406,0.0068406,0.58454,0.59666,0.58958,0.58646,0,0.5925079,0.6045134,0.5964206,0.5933006,0.5705,
0.0076588,0.006715,0.0071711,0.0071711,0.60494,0.61941,0.61027,0.61449,0,0.6125988,0.626125,0.6174411,0.6216611,0.41334,
0.0068173,0.0063025,0.0066588,0.0066588,0.63097,0.64521,0.63606,0.63635,0,0.6377873,0.6515125,0.6427188,0.6430088,0.12256,
0.0060789,0.005791,0.0055518,0.0055518,0.65428,0.66951,0.65873,0.66307,0,0.6603589,0.675301,0.6642818,0.6686218,0.43782,
0.0058557,0.0051806,0.0048413,0.0048413,0.67995,0.69689,0.68643,0.6879,0,0.6858057,0.7020706,0.6912713,0.6927413,0.3262,
0.0038466,0.0052301,0.0041308,0.0041308,0.70614,0.72237,0.71118,0.71505,0,0.7099866,0.7276001,0.7153108,0.7191808,0.54176,
0.0046365,0.0044381,0.0038995,0.0038995,0.73672,0.75135,0.74017,0.74629,0,0.7413565,0.7557881,0.7440695,0.7501895,0.40611,
0.0042415,0.0042402,0.0037508,0.0037508,0.76791,0.77705,0.76706,0.77366,0,0.7721515,0.7812902,0.7708108,0.7774108,0.51249,
0.003091,0.0029203,0.0031725,0.0031725,0.79544,0.80984,0.79682,0.80772,0,0.798531,0.8127603,0.7999925,0.8108925,0.51994,
0.0028162,0.0024418,0.0024289,0.0024289,0.82851,0.83887,0.82418,0.84058,0,0.8313262,0.8413118,0.8266089,0.8430089,0.26847,
0.0012192,0.0020458,0.0014706,0.0014706,0.8581,0.86875,0.85742,0.87176,0,0.8593192,0.8707958,0.8588906,0.8732306,0.58964,
0.0012879,0.0023593,0.0015862,0.0015862,0.8913,0.90062,0.88901,0.90136,0,0.8925879,0.9029793,0.8905962,0.9029462,0.079072,
0.00044647,0.00072594,0.00084268,0.00084268,0.92434,0.92747,0.92036,0.93273,0,0.92478647,0.92819594,0.92120268,0.93357268,0.24951,
0.00044647,0,0.00087573,0.00087573,0.96241,0.96,0.95576,0.96456,0,0.96285647,0.96,0.95663573,0.96543573,0.3548,
0,8.25E-05,0,0,1,1,1,1,0,1,1.0000825,1,1,0.2893,
