690i,750i,800i,850i,690ii,750ii,800ii,850ii,label,d690,d750,d800,d850,ai690,si690
1,1,1,1,0.00011306,0,0,0,1,0.00011306,0,0,0,0.61192,
0.96262,0.96086,0.96294,0.96889,0.0011023,0.0010862,0.0013055,0.00072467,1,-0.0041266,-4.80E-05,0.0055312,0.01073097,0.45262,
0.92916,0.92781,0.92598,0.93643,0,0.0011196,0.0008477,0.00031402,1,-0.00335017,-0.003875,0.003425,0.01266592,0.51234,
0.89459,0.89984,0.89443,0.90767,0.0018371,0.0018048,0.0020006,0.00057974,1,-0.00521342,0.0004242,0.0006451,0.01324194,0.36889,
0.85947,0.86354,0.86185,0.87038,0.00081965,0.0016711,0.0011868,0.00053143,1,-0.00797515,-0.00517,0.0002706,0.00844603,0.53217,
0.82853,0.83026,0.8281,0.83772,0.0024307,0.0028074,0.0017293,0.0011595,1,-0.0098311,-0.0067114,-0.0028578,0.0064421,0.38878,
0.79692,0.79927,0.79921,0.80595,0.0016676,0.0027406,0.0020175,0.0010387,1,-0.0107241,-0.0072701,-0.0018256,0.0052674,0.55337,
0.7681,0.76891,0.76571,0.77393,0.0027981,0.0030748,0.0030009,0.0020049,1,-0.0098315,-0.0091001,-0.0053086,0.0012267,0.42388,
0.73756,0.73973,0.73758,0.74206,0.0018089,0.0033421,0.0035264,0.0026571,1,-0.0131833,-0.0096461,-0.0067334,-0.0031682,0.53739,
0.71104,0.71018,0.70934,0.71542,0.0036743,0.0041108,0.0037299,0.0033335,1,-0.0094627,-0.0120897,-0.0080713,-0.001152,0.418,
0.68327,0.68353,0.68138,0.68937,0.00407,0.00381,0.0042385,0.0040582,1,-0.0151463,-0.0117313,-0.0093489,-0.0024429,0.53392,
0.65552,0.65615,0.65498,0.66008,0.0053984,0.0048461,0.0053405,0.004034,1,-0.0144215,-0.013079,-0.0094454,-0.0049351,0.47226,
0.62832,0.6277,0.63019,0.6344,0.0032503,0.0047124,0.0051201,0.0036717,1,-0.0196619,-0.0160367,-0.0105014,-0.0078183,0.50282,
0.60499,0.60347,0.60429,0.6066,0.0047766,0.0052472,0.0053575,0.0048312,1,-0.0173621,-0.0185034,-0.0130767,-0.0115289,0.41617,
0.58333,0.58184,0.58232,0.584,0.006642,0.0061495,0.0056457,0.0059665,1,-0.0149209,-0.0142933,-0.0118857,-0.008148,0.51576,
0.5575,0.55705,0.55693,0.56186,0.0065289,0.0060827,0.0063408,0.0060389,1,-0.0209805,-0.0186941,-0.0175252,-0.0132371,0.50619,
0.53602,0.53522,0.53405,0.53978,0.0063311,0.0069851,0.0078497,0.0060148,1,-0.0228089,-0.0207499,-0.0177703,-0.0127402,0.52246,
0.51679,0.51654,0.51497,0.51997,0.0069529,0.0077036,0.0084092,0.0074158,1,-0.0217081,-0.0193424,-0.0139048,-0.0106922,0.44038,
0.49617,0.49475,0.49237,0.49952,0.0078291,0.0086561,0.0080532,0.0077782,1,-0.0245309,-0.0241669,-0.0191468,-0.0130448,0.59262,
0.47788,0.47524,0.47559,0.47769,0.0083943,0.0091574,0.0086805,0.0080197,1,-0.0210087,-0.0205756,-0.0188295,-0.0156973,0.52575,
0.46139,0.45878,0.45655,0.46058,0.0089313,0.0093747,0.0095282,0.0074883,1,-0.0223107,-0.0196223,-0.0182548,-0.0151247,0.59665,
0.44235,0.44067,0.43909,0.44164,0.010514,0.010143,0.01002,0.0089135,1,-0.023573,-0.020589,-0.018338,-0.0171435,0.57617,
0.42396,0.42226,0.41977,0.42322,0.010062,0.010962,0.01063,0.0095898,1,-0.024245,-0.020812,-0.02172,-0.0188252,0.63852,
0.40854,0.406,0.40509,0.40767,0.010486,0.011881,0.011495,0.010315,1,-0.024762,-0.020118,-0.019259,-0.015917,0.57944,
0.39218,0.38913,0.38853,0.39116,0.012238,0.012082,0.01241,0.01244,1,-0.028859,-0.024659,-0.022896,-0.018459,0.63261,
0.37792,0.37472,0.37273,0.37656,0.012323,0.012516,0.013529,0.012947,1,-0.025997,-0.02249,-0.019925,-0.016837,0.57917,
0.36331,0.35931,0.35774,0.36194,0.013086,0.013419,0.014038,0.0136,1,-0.026741,-0.025987,-0.022076,-0.017717,0.54837,
0.34821,0.34608,0.34283,0.34717,0.01416,0.014288,0.01492,0.013431,1,-0.026439,-0.020678,-0.021795,-0.01788,0.54423,
0.33629,0.33379,0.33181,0.3367,0.015828,0.01524,0.016344,0.015894,1,-0.024583,-0.023568,-0.018997,-0.012456,0.59409,
0.322,0.32048,0.31765,0.32211,0.016082,0.016761,0.016734,0.016136,1,-0.028879,-0.024265,-0.020617,-0.016406,0.60066,
0.30834,0.30605,0.30404,0.30894,0.01563,0.015875,0.016361,0.015484,1,-0.030801,-0.026144,-0.025865,-0.019877,0.60776,
0.29736,0.29479,0.29424,0.29689,0.017834,0.018215,0.01887,0.018503,1,-0.028869,-0.025651,-0.02078,-0.01746,0.56269,
0.28605,0.28219,0.2819,0.28413,0.018795,0.018365,0.019345,0.018189,1,-0.029367,-0.028309,-0.025035,-0.021844,0.53852,
0.27392,0.27083,0.27035,0.27233,0.019191,0.019752,0.020311,0.017827,1,-0.029896,-0.025985,-0.025575,-0.024672,0.54962,
0.26474,0.26256,0.25971,0.26452,0.021085,0.021156,0.02182,0.022006,1,-0.02883,-0.026735,-0.025747,-0.019559,0.4951,
0.25261,0.25085,0.24964,0.25118,0.021904,0.022359,0.022396,0.021499,1,-0.029051,-0.024488,-0.024124,-0.022417,0.53371,
0.24507,0.24195,0.24266,0.24349,0.02312,0.023512,0.024583,0.023286,1,-0.02848,-0.026579,-0.022647,-0.020825,0.45668,
0.2341,0.23128,0.22952,0.23419,0.025042,0.025567,0.025092,0.024156,1,-0.031571,-0.028202,-0.025143,-0.020856,0.48879,
0.23054,0.22574,0.22329,0.22922,0.026483,0.027222,0.027499,0.026354,1,-0.034725,-0.029921,-0.026149,-0.019925,0.31696,
0.21508,0.21157,0.21108,0.2137,0.026992,0.026938,0.027652,0.02633,1,-0.032844,-0.028335,-0.029195,-0.025332,0.50717,
0.2071,0.20343,0.20414,0.20373,0.027698,0.028943,0.029602,0.029204,1,-0.035541,-0.029348,-0.027843,-0.027477,0.48731,
0.19774,0.19383,0.19538,0.19557,0.030355,0.030848,0.031551,0.028818,1,-0.03123,-0.029004,-0.027444,-0.02765,0.52298,
0.18904,0.18748,0.18684,0.18866,0.031062,0.031784,0.031874,0.031789,1,-0.036358,-0.029809,-0.031087,-0.027872,0.55016,
0.18239,0.17921,0.18034,0.18053,0.033719,0.034106,0.033637,0.031717,1,-0.035805,-0.03019,-0.030343,-0.028532,0.51981,
0.17485,0.17225,0.17232,0.17313,0.034369,0.034842,0.035688,0.034229,1,-0.03643,-0.030334,-0.029634,-0.028243,0.53004,
0.16874,0.16584,0.16752,0.16694,0.038495,0.03785,0.038401,0.036499,1,-0.034677,-0.03064,-0.029332,-0.027639,0.50008,
0.16167,0.15975,0.16073,0.15979,0.038043,0.039888,0.0403,0.038166,1,-0.035324,-0.028181,-0.02824,-0.028488,0.51477,
0.15371,0.15254,0.15222,0.15315,0.040417,0.040824,0.041826,0.03877,1,-0.034074,-0.028835,-0.029678,-0.027844,0.57506,
0.14869,0.14637,0.14684,0.14689,0.041943,0.043197,0.043572,0.041379,1,-0.036937,-0.030233,-0.030765,-0.029977,0.53267,
0.143,0.14073,0.14156,0.14213,0.04737,0.045386,0.046488,0.044012,1,-0.031526,-0.028756,-0.027808,-0.025564,0.52554,
0.1387,0.13536,0.13672,0.1367,0.048727,0.048043,0.048624,0.045968,1,-0.033925,-0.028642,-0.027494,-0.028818,0.47085,
0.13157,0.12927,0.13076,0.13008,0.048896,0.049865,0.050099,0.048336,1,-0.038331,-0.030694,-0.029576,-0.02983,0.54177,
0.12599,0.12338,0.12504,0.12575,0.051864,0.051887,0.052914,0.050099,1,-0.03765,-0.031868,-0.029479,-0.02835,0.55869,
0.12081,0.11852,0.11978,0.12007,0.053616,0.054878,0.054643,0.052587,1,-0.037145,-0.030828,-0.030389,-0.028543,0.56792,
0.11684,0.11401,0.11358,0.11501,0.055397,0.056315,0.057813,0.0558,1,-0.03635,-0.030306,-0.031308,-0.027629,0.53119,
0.11037,0.1091,0.11075,0.10993,0.058421,0.059924,0.059848,0.058457,1,-0.0386,-0.028745,-0.029076,-0.028187,0.61938,
0.10743,0.10521,0.10608,0.10581,0.063028,0.062331,0.063662,0.06138,1,-0.03391,-0.029859,-0.027255,-0.027131,0.54963,
0.10227,0.099747,0.10088,0.1012,0.064667,0.065255,0.065443,0.063288,1,-0.034048,-0.029912,-0.031101,-0.02905,0.59521,
0.098023,0.095923,0.096229,0.097078,0.06837,0.067979,0.069376,0.065945,1,-0.036658,-0.029751,-0.03039,-0.027946,0.60513,
0.094339,0.091722,0.092732,0.093536,0.072073,0.071655,0.073208,0.069037,1,-0.033197,-0.028923,-0.029038,-0.02727,0.59415,
0.089957,0.087915,0.089099,0.088496,0.074842,0.074229,0.075089,0.072733,1,-0.032769,-0.029925,-0.028153,-0.026781,0.62824,
0.086588,0.084468,0.085007,0.085567,0.077838,0.078072,0.078972,0.075173,1,-0.037083,-0.030448,-0.029875,-0.030612,0.61597,
0.083136,0.080743,0.081527,0.081872,0.08106,0.082584,0.081651,0.078772,1,-0.037679,-0.032479,-0.029802,-0.029951,0.61556,
0.079999,0.07669,0.079455,0.077955,0.085583,0.085258,0.085787,0.083531,1,-0.032155,-0.029788,-0.028574,-0.028331,0.60443,
0.075634,0.07303,0.075092,0.074379,0.087278,0.087647,0.088568,0.084835,1,-0.036654,-0.031198,-0.028739,-0.029285,0.67384,
0.073028,0.07065,0.072291,0.070923,0.091999,0.092443,0.09418,0.089956,1,-0.029886,-0.027407,-0.025665,-0.027317,0.64582,
0.068148,0.066958,0.06842,0.068181,0.096266,0.09627,0.096977,0.092758,1,-0.033495,-0.029641,-0.027338,-0.026716,0.76925,
0.066372,0.064529,0.065754,0.064077,0.10209,0.1008,0.10147,0.095536,1,-0.030194,-0.028201,-0.026985,-0.029036,0.7015,
0.061941,0.060705,0.061221,0.061591,0.10333,0.10432,0.10539,0.10085,1,-0.0326,-0.026193,-0.027509,-0.025199,0.81854,
0.05975,0.058342,0.058946,0.058884,0.10932,0.1086,0.11039,0.10416,1,-0.029505,-0.026846,-0.024699,-0.024951,0.79117,
0.057543,0.055355,0.056553,0.055802,0.11249,0.11276,0.11441,0.10918,1,-0.029922,-0.027725,-0.026313,-0.026584,0.7707,
0.05502,0.05286,0.054872,0.053809,0.11729,0.11768,0.11929,0.11387,1,-0.031212,-0.027372,-0.025164,-0.025517,0.77932,
0.051518,0.050497,0.051476,0.051527,0.12148,0.12306,0.12409,0.11776,1,-0.033509,-0.026261,-0.024652,-0.025321,0.87047,
0.049775,0.048692,0.049201,0.048973,0.12803,0.1281,0.12968,0.12431,1,-0.029997,-0.025573,-0.025512,-0.02301,0.83407,
0.046539,0.045508,0.046315,0.046351,0.13145,0.13305,0.13473,0.12716,1,-0.030159,-0.025353,-0.022531,-0.023805,0.92446,
0.045194,0.0439,0.045194,0.044205,0.13716,0.13882,0.13945,0.13162,1,-0.028469,-0.023612,-0.022217,-0.024526,0.86681,
0.043153,0.041717,0.042325,0.043047,0.1446,0.1439,0.14525,0.14027,1,-0.028992,-0.025965,-0.024334,-0.021362,0.87282,
0.04068,0.039567,0.040661,0.039999,0.15028,0.151,0.15096,0.14341,1,-0.026447,-0.022789,-0.021776,-0.022068,0.92374,
0.039319,0.037582,0.039116,0.038756,0.15534,0.15589,0.15696,0.1503,1,-0.027159,-0.022609,-0.022544,-0.022004,0.8823,
0.036481,0.035169,0.036672,0.035402,0.16076,0.16261,0.16337,0.15634,1,-0.027434,-0.023133,-0.020365,-0.021805,0.98343,
0.036331,0.034267,0.03533,0.034669,0.16865,0.1699,0.16996,0.16423,1,-0.02305,-0.020909,-0.020484,-0.019395,0.83753,
0.033028,0.031788,0.032801,0.032592,0.17377,0.17593,0.17688,0.17044,1,-0.024796,-0.021431,-0.021208,-0.019867,1,
0.032232,0.031116,0.031782,0.031162,0.18072,0.1828,0.18461,0.17655,1,-0.023067,-0.018946,-0.018248,-0.019028,0.92289,
0.030638,0.030361,0.030967,0.030583,0.19013,0.19159,0.19192,0.18438,1,-0.020439,-0.016223,-0.014668,-0.016392,0.93093,
0.029626,0.028473,0.029507,0.02934,0.19728,0.20056,0.19992,0.19216,1,-0.020446,-0.016998,-0.013492,-0.018029,0.88367,
0.027834,0.027275,0.027826,0.027211,0.20358,0.20668,0.20818,0.19919,1,-0.022011,-0.016824,-0.014856,-0.018481,0.92387,
0.026506,0.025224,0.025585,0.026121,0.2104,0.21458,0.2151,0.20837,1,-0.021482,-0.018185,-0.014072,-0.013406,0.92011,
0.02639,0.024453,0.025399,0.025134,0.2215,0.22399,0.22369,0.2159,1,-0.014804,-0.014207,-0.012664,-0.012389,0.78632,
0.023917,0.023616,0.023344,0.023346,0.23137,0.23393,0.23434,0.22617,1,-0.015904,-0.013679,-0.011958,-0.011916,0.92065,
0.023634,0.022385,0.023412,0.022937,0.24098,0.24401,0.24239,0.23537,1,-0.013978,-0.013525,-0.01004,-0.012675,0.80978,
0.021859,0.020891,0.021731,0.021251,0.24994,0.25273,0.25245,0.24373,1,-0.012231,-0.011733,-0.007877,-0.011097,0.87799,
0.021045,0.020054,0.020424,0.020672,0.26,0.26166,0.26091,0.25351,1,-0.0114,-0.01147,-0.00995,-0.010362,0.83644,
0.020581,0.0193,0.020407,0.019123,0.27258,0.27454,0.27308,0.26608,1,-0.007538,-0.009047,-0.005931,-0.008615,0.75546,
0.018406,0.018102,0.018319,0.01788,0.28086,0.28331,0.28257,0.27412,1,-0.007538,-0.007078,-0.005911,-0.00622,0.89304,
0.018091,0.01779,0.017725,0.01725,0.28919,0.29578,0.29434,0.2855,1,-0.010844,-0.005251,-0.00534,-0.008285,0.7983,
0.017211,0.016575,0.016146,0.016279,0.30157,0.30569,0.30599,0.29745,1,-0.005085,-0.005244,-0.003216,-0.005233,0.78015,
0.016166,0.015541,0.016078,0.016381,0.31229,0.31744,0.31706,0.30709,1,-0.009434,-0.005297,-0.002585,-0.005662,0.78825,
0.016099,0.014704,0.014567,0.014985,0.32481,0.33199,0.33155,0.32398,1,-0.008188,-0.004418,-0.000799,-0.005431,0.66774,
0.014772,0.014032,0.014906,0.014457,0.34021,0.34492,0.34423,0.33608,1,-0.007179,-0.004409,0.000126,-0.004583,0.72117,
0.013709,0.013227,0.012869,0.012635,0.34974,0.35644,0.35541,0.34572,1,-0.003931,-0.002342,0.000943,-0.001771,0.74433,
0.013593,0.012834,0.012801,0.012601,0.3639,0.3689,0.36953,0.35891,1,-0.000321,-0.000174,0.0027,-0.00038,0.63603,
0.012564,0.01221,0.011715,0.011494,0.37676,0.38314,0.38297,0.37164,1,0.001377,0.003242,0.004236,0.000295,0.6613,
0.011784,0.011225,0.011901,0.010915,0.39126,0.39885,0.39708,0.38869,1,-0.001119,0.000934,0.00415,-0.000966,0.65479,
0.011386,0.0097811,0.011732,0.010881,0.4072,0.41451,0.41173,0.40289,1,0.003361,0.0017481,0.004623,0.001302,0.59435,
0.010738,0.0097483,0.0097282,0.0099275,0.42421,0.42843,0.43009,0.42009,1,0.002487,0.0028763,0.0063172,0.0023865,0.57393,
0.0099915,0.0097647,0.0089642,0.0086844,0.43973,0.44477,0.44545,0.437,1,0.0045045,0.0052497,0.0082882,0.0028484,0.57208,
0.009643,0.0093544,0.0092358,0.0089398,0.45604,0.46509,0.46305,0.45695,1,0.003635,0.0022954,0.0085308,0.0052148,0.51125,
0.0098422,0.0090754,0.0087944,0.0088036,0.47721,0.48347,0.48139,0.47432,1,0.0072092,0.0056864,0.0095914,0.0050106,0.36834,
0.0084148,0.0082548,0.0073174,0.0077649,0.49199,0.50115,0.49916,0.49227,1,0.0021598,0.0027768,0.0073014,0.0029889,0.48067,
0.0076347,0.0075327,0.007623,0.0067262,0.51135,0.52096,0.51956,0.51085,1,0.0052137,0.0055037,0.008862,0.0023852,0.49742,
0.0070538,0.0064988,0.0067062,0.0063515,0.53113,0.54092,0.54007,0.53213,1,0.0045198,0.0024868,0.0090845,0.0034798,0.48483,
0.0076513,0.0065481,0.0069608,0.0064367,0.55343,0.5615,0.56006,0.55309,1,0.0109095,0.0048608,0.0129496,0.0073455,0.27927,
0.0063899,0.0062691,0.0067741,0.0061131,0.57488,0.5841,0.58417,0.57413,1,0.0077445,0.0072228,0.0136251,0.0066841,0.38263,
0.0054937,0.0056619,0.005348,0.004819,0.59642,0.60471,0.60244,0.5936,1,0.0094058,0.0058585,0.0113674,0.0051184,0.43303,
0.0052447,0.0048577,0.0048386,0.0044784,0.61827,0.62824,0.62642,0.61989,1,0.0109159,0.0069727,0.0138175,0.0027073,0.37275,
0.0055933,0.0050218,0.0051612,0.0044784,0.64325,0.6527,0.65173,0.64317,1,0.011056,0.0062093,0.0141724,0.0046396,0.2103,
0.004531,0.0045623,0.0036502,0.0034738,0.66816,0.67837,0.67245,0.66989,1,0.0123321,0.0076313,0.0118184,0.004742,0.29657,
0.0043485,0.0037089,0.003786,0.0034567,0.69176,0.70549,0.69846,0.6967,1,0.0103028,0.0071283,0.0109747,0.0074154,0.23001,
0.0036016,0.0034464,0.0035144,0.0033205,0.71846,0.72852,0.72429,0.7226,1,0.012075,0.0043663,0.0124936,0.0067397,0.26847,
0.003502,0.0026586,0.0028353,0.0023158,0.74698,0.75803,0.75447,0.75045,1,0.0091255,0.0049005,0.0132358,0.0025763,0.18984,
0.0031701,0.0027899,0.0024618,0.001839,0.77638,0.78752,0.78207,0.77856,1,0.0073986,0.0090197,0.013721,0.0029882,0.15612,
0.0029377,0.0037582,0.0027674,0.0019923,0.80577,0.81715,0.81128,0.81192,1,0.0101767,0.0081479,0.0140549,0.0030198,0.10562,
0.0024896,0.0024781,0.0020543,0.0010728,0.83918,0.85024,0.84065,0.84301,1,0.0103434,0.0114063,0.0160954,0.0010739,0.097508,
0.0017759,0.0021827,0.0021392,0.0019072,0.87199,0.87744,0.8732,0.87574,1,0.0144467,0.0088269,0.0164486,0.0044166,0.14396,
0.0019751,0.0021991,0.0014261,0.0011409,0.90099,0.90814,0.90446,0.9056,1,0.0103772,0.0073598,0.0152899,0.0037947,0.014495,
0.0013278,0.0012473,0.0011375,0.0001192,0.93333,0.93645,0.93713,0.93488,1,0.00987133,0.00950136,0.01706482,0.00142652,0.051908,
0.0011452,0.001395,0.00035653,0,0.97162,0.96825,0.9687,0.96952,1,0.00990873,0.009645,0.0124208,0.00408427,0,
0,0,0,0.00020434,1,1,1,1,1,0,-8.25E-05,0,0.00020434,0.14939,
1,1,1,1,0,0,0,0,1,0,0,0,0,0.57264,
0.96067,0.96504,0.9627,0.9671,0.0020812,0.0017817,0.001396,0.00082192,1,-0.0050977,0.00482747,0.0053817,0.00903822,0.59407,
0.92627,0.9352,0.92719,0.93475,0.0020257,0.0026317,0.0019709,0.00096283,1,-0.00421447,0.0050271,0.0057582,0.01163473,0.58422,
0.8907,0.90146,0.8924,0.90301,0.0035242,0.0022884,0.0026607,0.0026536,1,-0.00741632,0.0025278,-0.0007248,0.0106558,0.57186,
0.85538,0.86511,0.85936,0.86612,0.0036074,0.003122,0.0032355,0.0022075,1,-0.0092774,-0.0021491,-0.0001707,0.0058621,0.61751,
0.82036,0.82951,0.8244,0.83323,0.0035242,0.0032691,0.0031534,0.0032172,1,-0.0169076,-0.0069997,-0.0051337,0.0040098,0.64482,
0.78695,0.7978,0.79143,0.79944,0.0048561,0.0046258,0.0039582,0.0030998,1,-0.0175056,-0.0068549,-0.0076649,0.0008185,0.63689,
0.7552,0.76406,0.75678,0.76698,0.0046064,0.003547,0.0045001,0.0033816,1,-0.0209232,-0.0134779,-0.0127394,-0.0043466,0.55503,
0.72228,0.73188,0.72958,0.73509,0.0056886,0.004822,0.0051735,0.004955,1,-0.0245836,-0.0160162,-0.0130863,-0.0078403,0.62427,
0.69237,0.70344,0.69866,0.70629,0.0067153,0.0058681,0.0059126,0.0055421,1,-0.0250917,-0.0170724,-0.0165686,-0.0080734,0.56321,
0.66507,0.67504,0.66999,0.67836,0.0065488,0.0056393,0.0060933,0.0054717,1,-0.0308675,-0.018392,-0.0188841,-0.0120394,0.59868,
0.63607,0.64435,0.64137,0.64777,0.0070761,0.005721,0.0068159,0.0048141,1,-0.0321938,-0.0240041,-0.02158,-0.016465,0.56808,
0.60768,0.61677,0.61555,0.62081,0.0073536,0.0077806,0.0072101,0.0068337,1,-0.0361986,-0.0238985,-0.0230514,-0.0182463,0.66165,
0.5825,0.59065,0.5885,0.59405,0.0088798,0.0076335,0.0083105,0.007139,1,-0.0357489,-0.0289371,-0.0259137,-0.0217711,0.61663,
0.55806,0.56709,0.56505,0.57338,0.010045,0.0091863,0.008836,0.0081253,1,-0.0367879,-0.0260065,-0.0259654,-0.0166092,0.61701,
0.53314,0.54219,0.53978,0.54666,0.011127,0.010069,0.010347,0.0094169,1,-0.0407424,-0.0295678,-0.030669,-0.0250591,0.60901,
0.51312,0.52054,0.51854,0.52244,0.01146,0.010527,0.011316,0.01038,1,-0.04058,-0.031888,-0.029814,-0.025715,0.64778,
0.48987,0.49798,0.49592,0.50251,0.01196,0.011344,0.011727,0.010356,1,-0.043621,-0.034262,-0.029637,-0.025212,0.65086,
0.46919,0.47791,0.47452,0.48247,0.015012,0.013518,0.012893,0.012235,1,-0.044328,-0.036145,-0.032157,-0.025638,0.62888,
0.44796,0.45635,0.45394,0.46094,0.014069,0.013011,0.013008,0.012986,1,-0.045254,-0.035612,-0.036152,-0.027481,0.63551,
0.43115,0.43858,0.43674,0.44156,0.013986,0.01342,0.014125,0.012963,1,-0.047496,-0.035777,-0.033468,-0.02867,0.57888,
0.41065,0.41673,0.41463,0.41973,0.016233,0.01373,0.014962,0.013409,1,-0.049554,-0.040942,-0.037856,-0.034558,0.60905,
0.3926,0.4005,0.39727,0.403,0.01701,0.015757,0.01575,0.01456,1,-0.048657,-0.037777,-0.0391,-0.034075,0.61062,
0.37616,0.38067,0.37938,0.38604,0.016761,0.016509,0.015833,0.015405,1,-0.050867,-0.04082,-0.040631,-0.032457,0.5969,
0.35935,0.36394,0.36401,0.37013,0.020285,0.017948,0.018772,0.01712,1,-0.053642,-0.043983,-0.041054,-0.034809,0.60758,
0.34303,0.34988,0.34766,0.35605,0.020534,0.019026,0.018937,0.018176,1,-0.052676,-0.04082,-0.039587,-0.032118,0.62485,
0.32973,0.33244,0.33333,0.33633,0.022255,0.020089,0.021138,0.019045,1,-0.051152,-0.046187,-0.039386,-0.037882,0.5923,
0.31316,0.31772,0.31674,0.32103,0.022338,0.020596,0.021187,0.018998,1,-0.053311,-0.04273,-0.041618,-0.038453,0.64874,
0.30207,0.30633,0.30294,0.31008,0.023531,0.022492,0.022714,0.021206,1,-0.0511,-0.043776,-0.041497,-0.033764,0.6275,
0.28825,0.29431,0.28998,0.29676,0.026223,0.024486,0.024964,0.024493,1,-0.052488,-0.04271,-0.040057,-0.033399,0.65122,
0.27342,0.27846,0.27671,0.28254,0.028276,0.025303,0.025736,0.02454,1,-0.053075,-0.044306,-0.04382,-0.037221,0.71694,
0.26134,0.26605,0.26433,0.26992,0.028915,0.026562,0.026689,0.025339,1,-0.053808,-0.046044,-0.042871,-0.037594,0.72952,
0.24815,0.25304,0.25343,0.25866,0.029109,0.027395,0.028101,0.026325,1,-0.056953,-0.048429,-0.044749,-0.039178,0.78693,
0.23778,0.2422,0.24121,0.24468,0.031828,0.028818,0.029317,0.027828,1,-0.053399,-0.045549,-0.045709,-0.042321,0.78339,
0.22847,0.23324,0.23184,0.23642,0.034381,0.031662,0.031994,0.030012,1,-0.051804,-0.045549,-0.043443,-0.039653,0.7626,
0.21755,0.22147,0.21986,0.22494,0.035103,0.031842,0.032815,0.03121,1,-0.050912,-0.044385,-0.043485,-0.038946,0.80106,
0.20814,0.21192,0.21106,0.2157,0.036268,0.034784,0.034934,0.032454,1,-0.052262,-0.045337,-0.043896,-0.039447,0.80919,
0.1989,0.20189,0.2013,0.20633,0.036823,0.035732,0.036527,0.033746,1,-0.05499,-0.047427,-0.041928,-0.039126,0.82506,
0.1943,0.19606,0.19456,0.20071,0.042429,0.038494,0.038892,0.037574,1,-0.055019,-0.048329,-0.043486,-0.037215,0.86749,
0.179,0.18332,0.18304,0.18637,0.040902,0.037988,0.039861,0.036916,1,-0.055014,-0.045535,-0.045026,-0.042076,0.81629,
0.17219,0.17565,0.17502,0.17785,0.042873,0.040407,0.040994,0.038654,1,-0.055276,-0.045664,-0.045571,-0.043907,0.7923,
0.16412,0.16668,0.1683,0.17024,0.046119,0.042368,0.04308,0.040838,1,-0.049086,-0.044634,-0.042995,-0.04096,0.82268,
0.15594,0.15891,0.16072,0.1636,0.046536,0.0433,0.044591,0.04227,1,-0.053984,-0.046863,-0.04449,-0.042451,0.87008,
0.15021,0.15146,0.15343,0.15469,0.048672,0.04634,0.047235,0.044266,1,-0.053032,-0.045706,-0.043655,-0.041823,0.83932,
0.14266,0.14563,0.14654,0.1489,0.051059,0.047272,0.048779,0.045417,1,-0.05193,-0.044524,-0.042323,-0.041285,0.8882,
0.13574,0.13905,0.13906,0.14168,0.052363,0.049904,0.05144,0.047108,1,-0.053809,-0.045376,-0.044753,-0.04229,0.92538,
0.1313,0.13284,0.13411,0.13512,0.054805,0.051489,0.052836,0.049691,1,-0.048932,-0.04349,-0.042324,-0.041633,0.87284,
0.12426,0.12705,0.1279,0.12978,0.058384,0.05399,0.055825,0.052486,1,-0.045557,-0.041159,-0.039999,-0.037498,0.93759,
0.11928,0.12137,0.12165,0.12405,0.059439,0.055984,0.057631,0.054294,1,-0.048851,-0.042446,-0.041896,-0.039902,0.92591,
0.11345,0.11599,0.11658,0.11918,0.062186,0.058845,0.060193,0.056337,1,-0.04626,-0.040037,-0.039083,-0.036189,0.96218,
0.10784,0.11109,0.11254,0.11438,0.065655,0.061901,0.063593,0.059108,1,-0.047857,-0.039054,-0.036705,-0.037998,1,
0.10369,0.1052,0.10595,0.10729,0.067347,0.062539,0.064299,0.060188,1,-0.04776,-0.04209,-0.040186,-0.040768,0.97906,
0.099544,0.10012,0.10217,0.10351,0.068929,0.065955,0.067568,0.062842,1,-0.047031,-0.04106,-0.037695,-0.037847,0.96632,
0.095173,0.097469,0.098235,0.099171,0.072564,0.068668,0.069982,0.066764,1,-0.043834,-0.038089,-0.036595,-0.035265,0.97326,
0.09118,0.091939,0.093181,0.095577,0.075117,0.070826,0.073021,0.06923,1,-0.04229,-0.037866,-0.036499,-0.033632,0.96983,
0.087841,0.088665,0.090414,0.091864,0.078308,0.074978,0.075747,0.072165,1,-0.041242,-0.034126,-0.033513,-0.032545,0.94023,
0.084313,0.084526,0.086374,0.087164,0.081,0.077838,0.07803,0.074302,1,-0.039055,-0.035036,-0.032593,-0.032855,0.92793,
0.079924,0.080998,0.081716,0.083383,0.083553,0.078885,0.08143,0.076979,1,-0.037508,-0.035031,-0.034278,-0.033176,0.9713,
0.076327,0.076859,0.078811,0.079636,0.086134,0.082889,0.084402,0.079515,1,-0.04059,-0.033905,-0.032782,-0.031818,0.97988,
0.072799,0.074858,0.076095,0.076349,0.088603,0.085603,0.088147,0.083155,1,-0.038207,-0.031839,-0.030736,-0.030339,0.99295,
0.070218,0.07138,0.072658,0.072824,0.092877,0.088414,0.091809,0.086161,1,-0.034473,-0.032275,-0.027874,-0.029025,0.95707,
0.067481,0.068547,0.06934,0.070048,0.096762,0.091553,0.095176,0.088369,1,-0.037266,-0.032888,-0.029338,-0.032935,0.93687,
0.064607,0.066325,0.067123,0.068719,0.10092,0.096718,0.098231,0.094005,1,-0.036348,-0.032763,-0.027626,-0.027871,0.93195,
0.062731,0.063458,0.063719,0.065364,0.10439,0.099987,0.10225,0.096541,1,-0.030616,-0.028291,-0.027847,-0.027912,0.86996,
0.059857,0.06066,0.061175,0.061618,0.10639,0.10242,0.10574,0.098983,1,-0.033319,-0.028795,-0.025484,-0.027898,0.8778,
0.057775,0.057827,0.059078,0.058995,0.11133,0.10656,0.1097,0.1038,1,-0.025808,-0.026113,-0.023358,-0.025401,0.8401,
0.054384,0.055672,0.056294,0.056389,0.11555,0.11151,0.11357,0.10608,1,-0.027975,-0.025687,-0.022871,-0.025186,0.89734,
0.052336,0.052449,0.053372,0.053324,0.11766,0.11463,0.11694,0.11145,1,-0.02866,-0.026451,-0.023897,-0.023875,0.86946,
0.049824,0.049939,0.050759,0.051433,0.12115,0.11815,0.12007,0.11411,1,-0.026897,-0.023129,-0.023291,-0.022097,0.88065,
0.047879,0.047971,0.049006,0.049219,0.12645,0.12266,0.12502,0.1177,1,-0.024246,-0.023157,-0.020009,-0.021076,0.85679,
0.046209,0.046462,0.047768,0.048044,0.13148,0.12782,0.1322,0.12439,1,-0.022266,-0.021558,-0.017308,-0.019132,0.81756,
0.044557,0.044646,0.046444,0.045898,0.13825,0.13243,0.13474,0.12958,1,-0.020715,-0.020836,-0.018142,-0.017718,0.78173,
0.041786,0.042492,0.043883,0.044297,0.14016,0.13678,0.14069,0.13177,1,-0.024561,-0.020546,-0.015645,-0.018541,0.83826,
0.04115,0.04027,0.042147,0.042202,0.14482,0.14154,0.14476,0.13721,1,-0.021832,-0.020555,-0.017486,-0.016881,0.73222,
0.038671,0.038421,0.040703,0.040176,0.15087,0.146,0.14939,0.14311,1,-0.018607,-0.01949,-0.013483,-0.01403,0.75059,
0.037587,0.037132,0.037609,0.037417,0.15329,0.15135,0.15499,0.14611,1,-0.019946,-0.01785,-0.014262,-0.016824,0.68837,
0.035987,0.036233,0.037592,0.036412,0.16253,0.15746,0.16097,0.15297,1,-0.018228,-0.017889,-0.013347,-0.015297,0.67275,
0.035178,0.034672,0.035839,0.035152,0.16705,0.16305,0.16585,0.15807,1,-0.015179,-0.015634,-0.011708,-0.012255,0.59498,
0.033147,0.032365,0.033347,0.033397,0.17205,0.16803,0.1713,0.16291,1,-0.016621,-0.015686,-0.013973,-0.014753,0.62464,
0.03177,0.031297,0.032711,0.032052,0.17832,0.17423,0.17762,0.1688,1,-0.014585,-0.015385,-0.010076,-0.012695,0.60331,
0.030428,0.030635,0.030803,0.031132,0.18351,0.18023,0.18405,0.17584,1,-0.014093,-0.014211,-0.010921,-0.011322,0.58317,
0.028827,0.028854,0.029926,0.029702,0.19202,0.1866,0.19063,0.18153,1,-0.010747,-0.013695,-0.010333,-0.011667,0.59095,
0.028345,0.027378,0.029324,0.028578,0.19663,0.19358,0.19709,0.18921,1,-0.011044,-0.011904,-0.008226,-0.008952,0.62777,
0.027898,0.025835,0.026798,0.02696,0.20379,0.20097,0.20459,0.19623,1,-0.009519,-0.011369,-0.006167,-0.008165,0.53419,
0.0264,0.02631,0.026694,0.026619,0.21209,0.21114,0.21272,0.20438,1,-0.008862,-0.008581,-0.003505,-0.00853,0.54255,
0.024318,0.024461,0.024735,0.024814,0.217,0.2155,0.21901,0.21246,1,-0.012107,-0.010818,-0.007117,-0.007608,0.6143,
0.023612,0.022629,0.023996,0.023434,0.22599,0.2231,0.22745,0.21769,1,-0.008786,-0.01226,-0.003311,-0.006773,0.55435,
0.022821,0.022663,0.023377,0.023605,0.23384,0.23263,0.23555,0.22558,1,-0.006033,-0.007357,-0.002826,-0.004238,0.50603,
0.021874,0.022086,0.023239,0.022447,0.24405,0.24148,0.2437,0.23815,1,-0.005267,-0.007659,-0.002703,-0.000835,0.47657,
0.020618,0.020729,0.021452,0.020778,0.25343,0.25154,0.25401,0.24709,1,-0.004544,-0.007651,-0.00038,-0.003114,0.48291,
0.020377,0.019355,0.020781,0.020437,0.26076,0.2596,0.26155,0.25461,1,-0.002893,-0.006399,0.000273,-0.001031,0.50927,
0.019207,0.018218,0.0192,0.018938,0.26978,0.26854,0.26988,0.26135,1,-0.003458,-0.006426,-0.002204,-0.004256,0.51264,
0.018639,0.018167,0.019045,0.018632,0.27985,0.27848,0.28223,0.27215,1,-0.00221,-0.00624,0.001857,-0.003036,0.45352,
0.017537,0.016692,0.016553,0.016639,0.28948,0.2869,0.29067,0.28345,1,0.000213,-0.004898,0.000423,0.001869,0.45641,
0.016849,0.015928,0.016759,0.015992,0.2998,0.29723,0.30118,0.29237,1,-0.001476,-0.005663,0.000534,-0.002673,0.41627,
0.016212,0.015351,0.015229,0.015328,0.30965,0.31106,0.31225,0.30435,1,0.001996,-0.001098,0.002127,0.000716,0.37291,
0.015093,0.014317,0.014937,0.014527,0.32192,0.32065,0.32383,0.31555,1,-0.000877,-0.003311,0.003044,0.000944,0.38826,
0.014784,0.014181,0.015659,0.015021,0.33849,0.33548,0.33853,0.32915,1,0.004177,-0.001451,0.007273,-0.000225,0.31193,
0.014611,0.013859,0.014576,0.013642,0.35078,0.34962,0.35137,0.34366,1,0.00323,0.000118,0.006936,0.002182,0.33993,
0.012787,0.012773,0.013132,0.012518,0.3606,0.35689,0.3607,0.35254,1,0.006007,-0.002346,0.006496,0.004932,0.45125,
0.012598,0.011484,0.012548,0.011785,0.37303,0.37165,0.37563,0.36428,1,0.007814,0.001226,0.008547,0.004174,0.36401,
0.011892,0.011246,0.011843,0.011223,0.38474,0.38265,0.38964,0.37757,1,0.008685,0.001788,0.011034,0.005954,0.34405,
0.011772,0.01067,0.011052,0.010695,0.39934,0.39905,0.40278,0.39401,1,0.006949,0.000579,0.009001,0.004134,0.29938,
0.011359,0.0092787,0.010777,0.010236,0.41621,0.41564,0.41738,0.40918,1,0.012344,0.0023757,0.009318,0.006947,0.24616,
0.0099131,0.009635,0.009918,0.0095713,0.43014,0.42872,0.4332,0.42235,1,0.0075921,0.003053,0.009617,0.0042903,0.32995,
0.0092075,0.008685,0.0096946,0.0085325,0.44693,0.44599,0.45047,0.44109,1,0.0109205,0.00539,0.0140386,0.0067865,0.34464,
0.0093452,0.0094314,0.0089382,0.0085665,0.4656,0.46767,0.46737,0.45997,1,0.0128972,0.0049524,0.0125532,0.0078615,0.22311,
0.0088461,0.0087868,0.0088523,0.0080045,0.48153,0.48467,0.48454,0.4777,1,0.0105331,0.0065978,0.0127993,0.0075915,0.18975,
0.008106,0.0074807,0.0082335,0.0074254,0.49857,0.50092,0.5016,0.49466,1,0.008431,0.0017727,0.0106575,0.0050394,0.19164,
0.0075725,0.0076842,0.0080788,0.0074765,0.51919,0.52117,0.52078,0.51405,1,0.0129915,0.0058652,0.0105378,0.0063355,0.16773,
0.0075037,0.0075824,0.0073053,0.0076979,0.54044,0.54202,0.54393,0.53493,1,0.0142797,0.0046704,0.0135436,0.0076262,0.2402,
0.0068325,0.0066834,0.0069443,0.0065398,0.55729,0.56084,0.56017,0.55419,1,0.0139507,0.0043361,0.0130431,0.0085486,0.23888,
0.0063334,0.0062933,0.0062052,0.0055691,0.57918,0.58176,0.58257,0.57312,1,0.011988,0.004907,0.0114562,0.0051301,0.21507,
0.0056105,0.0057674,0.0055005,0.0053647,0.59814,0.60311,0.60583,0.59815,1,0.0112426,0.004364,0.0149099,0.0102141,0.22717,
0.0050254,0.0047836,0.0053801,0.0046665,0.6205,0.62488,0.6268,0.62001,1,0.0129266,0.0035386,0.014739,0.0030154,0.22154,
0.0041649,0.0044952,0.0046582,0.0042066,0.64647,0.64791,0.64958,0.6434,1,0.0128476,0.0008927,0.0115194,0.0045978,0.26247,
0.0039067,0.0040033,0.0040394,0.0032188,0.66992,0.6705,0.67267,0.66726,1,0.0134678,-0.0007977,0.0124276,0.001857,0.21028,
0.0033388,0.0035961,0.0041425,0.0026227,0.69248,0.69706,0.69875,0.69525,1,0.0100131,-0.0014145,0.0116212,0.0051314,0.21011,
0.0045091,0.0038845,0.004091,0.0036276,0.72079,0.72297,0.72451,0.72109,1,0.0153125,-0.0007456,0.0132902,0.0055368,0.1592,
0.0029774,0.0033078,0.0030768,0.0027249,0.7487,0.74824,0.75054,0.74758,1,0.0103209,-0.0042403,0.0095473,0.0001154,0.20125,
0.0023234,0.0022221,0.0029221,0.0020607,0.77204,0.77649,0.77879,0.77655,1,0.0022119,-0.0025781,0.0109013,0.0011999,0.22142,
0.0020824,0.0026293,0.0022517,0.0021118,0.80248,0.80838,0.80664,0.80931,1,0.0060314,-0.001751,0.0088992,0.0005293,0.17335,
0.0019275,0.0016793,0.001822,0.001635,0.83439,0.83899,0.83369,0.8421,1,0.0049913,-0.0006425,0.0089031,0.0007261,0.11212,
0.0014284,0.0012892,0.0015642,0.0010219,0.86578,0.86753,0.86523,0.87258,1,0.0078892,-0.0019766,0.0079036,0.0003713,0.11188,
0.0012563,0.0016115,0.0019939,0.00095373,0.89719,0.89634,0.89518,0.90146,1,0.0058584,-0.0050278,0.0065777,-0.00053247,0.056558,
0.00087772,0.00015267,0.0011001,0.00074936,0.92954,0.92533,0.92939,0.93258,1,0.00563125,-0.00271327,0.00928742,-0.00024332,0.03893,
1,0,0,0.00025546,0.96318,0.9577,0.96201,0.96849,1,0.00032353,-0.0023,0.00537427,0.00330973,0.11431,
0.96067,0.00011874,0.0004641,0,1,1,1,1,1,0.0001721,3.62E-05,0.0004641,0,0,
0.92627,1,1,1,0.15618,0.00011441,0,0,1,-0.84363939,0.00011441,0,0,0.29425,
0.8907,0.95505,0.98519,0.97753,0.11672,0.00031053,0.00032472,0.00075026,1,-0.85016565,-0.0066337,0.02680042,0.01939656,0.26087,
0.85538,0.91506,0.91306,0.91738,0.066607,0,0.00016236,0.00065023,1,-0.86403687,-0.0177446,-0.01018034,-0.00604787,0.22784,
0.82036,0.88492,0.88149,0.88751,0.20555,0.00075182,0.0008605,0.00052518,1,-0.69609052,-0.01554878,-0.013435,-0.00697262,0.25603,
0.78695,0.85218,0.84942,0.85687,0.24687,0.0004086,0.00090921,0.0012254,1,-0.62121419,-0.0177925,-0.01243699,-0.00437,0.22842,
0.7552,0.82141,0.82289,0.82526,0.11658,0.0018305,0.0015099,0.0023258,1,-0.7225261,-0.0165383,-0.0082872,-0.0048516,0.23758,
0.72228,0.79297,0.79257,0.79465,0.21709,0.00070279,0.001104,0.00080028,1,-0.5908069,-0.01560791,-0.0093791,-0.00627102,0.258,
0.69237,0.7656,0.76179,0.76808,0.028623,0.00152,0.0021594,0.0018506,1,-0.7485847,-0.0139649,-0.0100701,-0.0047776,0.25095,
0.66507,0.73598,0.73555,0.737,0.27946,0.0017488,0.002614,0.0013755,1,-0.4717677,-0.0149894,-0.0096758,-0.0095098,0.22267,
0.63607,0.711,0.70816,0.71186,0,0.003612,0.003718,0.0036013,1,-0.7192103,-0.0117685,-0.0092632,-0.0044442,0.2013,
0.60768,0.6831,0.68158,0.6871,0.20601,0.0034322,0.003718,0.0035763,1,-0.4927437,-0.0125391,-0.0096694,-0.0051948,0.19077,
0.5825,0.65544,0.65643,0.6592,0.16154,0.0034649,0.0043187,0.0037513,1,-0.509074,-0.0151702,-0.0090172,-0.0060978,0.18962,
0.55806,0.62901,0.63422,0.63334,0.19794,0.0041023,0.0046435,0.0043015,1,-0.4482653,-0.0153368,-0.006948,-0.0082485,0.16756,
0.53314,0.60832,0.61021,0.61093,0.26278,0.004135,0.0041726,0.0053019,1,-0.3592616,-0.0147656,-0.0083416,-0.0067282,0.15729,
0.51312,0.58738,0.58808,0.59023,0.18925,0.0057694,0.0055202,0.005702,1,-0.4092313,-0.0091334,-0.0062512,-0.0021825,0.21451,
0.48987,0.56184,0.56457,0.56364,0.29067,0.0053608,0.0059586,0.0050518,1,-0.2889813,-0.014626,-0.0102674,-0.0124442,0.21159,
0.46919,0.53982,0.54298,0.54319,0.18456,0.0062597,0.0064294,0.0070275,1,-0.3735864,-0.0168753,-0.0102606,-0.0083175,0.20809,
0.44796,0.52153,0.52496,0.52304,0.27108,0.0068808,0.0074198,0.0068524,1,-0.2674778,-0.0151752,-0.0049042,-0.0081856,0.18489,
0.43115,0.50415,0.50392,0.50316,0.28588,0.0070442,0.0068515,0.0074276,1,-0.2351848,-0.0163788,-0.0087985,-0.0097554,0.21844,
0.41065,0.48255,0.48666,0.48562,0.18985,0.0083681,0.0079881,0.0082779,1,-0.3089745,-0.0140549,-0.0084519,-0.0075091,0.15814,
0.3926,0.46649,0.46677,0.46813,0.24419,0.0080248,0.0080855,0.0082779,1,-0.2397728,-0.0132622,-0.0094775,-0.0067851,0.08124,
0.37616,0.44694,0.44851,0.44765,0.29402,0.0091689,0.0091408,0.0091032,1,-0.1734769,-0.0152931,-0.0097972,-0.0109438,0.21044,
0.35935,0.43137,0.43298,0.43117,0.22752,0.0090709,0.0099851,0.0097534,1,-0.220332,-0.0135931,-0.0091549,-0.0107116,0.13393,
0.34303,0.41385,0.41706,0.4162,0.34426,0.0097246,0.010456,0.010104,1,-0.0902267,-0.0144244,-0.008328,-0.007598,0.082698,
0.32973,0.39747,0.40046,0.39942,0.24324,0.0098063,0.010911,0.010779,1,-0.178869,-0.0185947,-0.012465,-0.01186,0.093955,
0.31316,0.38523,0.38524,0.38686,0.23389,0.011571,0.010975,0.010879,1,-0.170219,-0.012925,-0.009969,-0.008605,0.16514,
0.30207,0.37043,0.3721,0.372,0.23818,0.012748,0.012534,0.01303,1,-0.151983,-0.015538,-0.00922,-0.008227,0.12089,
0.28825,0.35576,0.357,0.35553,0.31152,0.012291,0.012339,0.011479,1,-0.064225,-0.012995,-0.010206,-0.011472,0.13972,
0.27342,0.34502,0.34341,0.34434,0.23593,0.013222,0.013151,0.01438,1,-0.125901,-0.014356,-0.01059,-0.00633,0.14175,
0.26134,0.33275,0.33127,0.33364,0.27747,0.014088,0.013654,0.01448,1,-0.072845,-0.014668,-0.010077,-0.006532,0.16207,
0.24815,0.31962,0.31899,0.32024,0.31868,0.01484,0.015473,0.015455,1,-0.020649,-0.013609,-0.011803,-0.008606,0.22695,
0.23778,0.30817,0.30866,0.30768,0.31553,0.01569,0.015798,0.015756,1,-0.012037,-0.014796,-0.009432,-0.009417,0.2027,
0.22847,0.29631,0.29703,0.29684,0.38235,0.016442,0.017275,0.017106,1,0.064874,-0.016112,-0.011975,-0.010217,0.15341,
0.21755,0.28353,0.28622,0.28458,0.43922,0.016605,0.017064,0.01553,1,0.132889,-0.016432,-0.012952,-0.014719,0.18862,
0.20814,0.27589,0.27716,0.27744,0.36279,0.018583,0.018103,0.019182,1,0.066828,-0.015978,-0.012014,-0.009463,0.17646,
0.1989,0.26547,0.26622,0.26554,0.42417,0.019286,0.019288,0.018406,1,0.139659,-0.012941,-0.010652,-0.01115,0.19428,
0.1943,0.25736,0.25801,0.25711,0.38315,0.019498,0.020116,0.019782,1,0.10722,-0.015183,-0.011764,-0.010709,0.2134,
0.179,0.24837,0.24828,0.24857,0.40184,0.02074,0.020961,0.021483,1,0.13283,-0.015939,-0.010514,-0.009149,0.16311,
0.17219,0.24176,0.24059,0.24409,0.36741,0.022391,0.022503,0.022858,1,0.099081,-0.018732,-0.013845,-0.008551,0.18317,
0.16412,0.22734,0.23067,0.22769,0.48014,0.022489,0.022763,0.023083,1,0.228402,-0.017014,-0.014494,-0.014589,0.15483,
0.15594,0.22007,0.2214,0.2196,0.45291,0.023355,0.024321,0.023258,1,0.207435,-0.018296,-0.015864,-0.017553,0.17171,
0.15021,0.21179,0.21475,0.2127,0.41597,0.024908,0.025328,0.025184,1,0.181268,-0.016984,-0.014297,-0.014154,0.14855,
0.14266,0.2039,0.20779,0.20451,0.42128,0.026461,0.02674,0.026284,1,0.190737,-0.018712,-0.015271,-0.017527,0.1233,
0.13574,0.19772,0.20171,0.19815,0.45466,0.026412,0.027893,0.025609,1,0.229596,-0.019374,-0.014717,-0.01702,0.13386,
0.1313,0.19036,0.19391,0.19081,0.50918,0.027539,0.029062,0.026584,1,0.291044,-0.019527,-0.01467,-0.018208,0.18977,
0.12426,0.18305,0.18776,0.18355,0.45181,0.029435,0.030345,0.02896,1,0.239759,-0.021845,-0.017148,-0.018568,0.18143,
0.11928,0.17797,0.1803,0.1776,0.51284,0.031151,0.031627,0.030761,1,0.308296,-0.018698,-0.017343,-0.018083,0.13694,
0.11345,0.17103,0.17336,0.17055,0.5609,0.031838,0.032342,0.032111,1,0.363463,-0.019331,-0.018022,-0.017103,0.17592,
0.10784,0.16504,0.16808,0.16666,0.54721,0.033064,0.033706,0.032436,1,0.35224,-0.021696,-0.019391,-0.01915,0.18897,
0.10369,0.15944,0.16168,0.16025,0.55889,0.035041,0.035719,0.034912,1,0.371099,-0.020391,-0.018457,-0.016544,0.15997,
0.099544,0.15329,0.15776,0.15447,0.49745,0.03563,0.036628,0.036188,1,0.311678,-0.023125,-0.01845,-0.020828,0.17896,
0.095173,0.14897,0.1518,0.1497,0.48657,0.03728,0.038609,0.037338,1,0.30534,-0.023579,-0.020026,-0.021208,0.13469,
0.09118,0.14271,0.14673,0.143,0.57203,0.038506,0.039616,0.038764,1,0.394514,-0.025919,-0.021087,-0.022435,0.16324,
0.087841,0.13973,0.14058,0.13889,0.45455,0.040941,0.042165,0.041139,1,0.28494,-0.023555,-0.022067,-0.021171,0.091782,
0.084313,0.13358,0.13683,0.13337,0.63679,0.042707,0.043285,0.04219,1,0.46896,-0.024344,-0.022586,-0.022879,0.088892,
0.079924,0.12897,0.13272,0.13073,0.56487,0.044341,0.045347,0.045366,1,0.401548,-0.024458,-0.021607,-0.020478,0.060912,
0.076327,0.12435,0.1267,0.12427,0.64093,0.045027,0.046467,0.045666,1,0.481383,-0.028023,-0.02383,-0.024385,0.077428,
0.072799,0.1201,0.1234,0.12103,0.57759,0.048214,0.049308,0.048567,1,0.424797,-0.0266,-0.024716,-0.023941,0.1227,
0.070218,0.11702,0.11993,0.11628,0.62858,0.049963,0.051354,0.050093,1,0.475046,-0.02667,-0.024711,-0.024596,0.1334,
0.067481,0.11248,0.11453,0.11297,0.57618,0.052562,0.053091,0.052843,1,0.429489,-0.027258,-0.027357,-0.02403,0.10667,
0.064607,0.10847,0.11143,0.10931,0.65347,0.054082,0.055364,0.055444,1,0.509753,-0.029517,-0.025547,-0.023256,0.12929,
0.062731,0.10429,0.10604,0.10369,0.61756,0.055912,0.056858,0.055494,1,0.473184,-0.032786,-0.030956,-0.032168,0.14882,
0.059857,0.10114,0.10364,0.10276,0.68906,0.058952,0.060316,0.058771,1,0.545491,-0.035714,-0.029024,-0.029064,0.046654,
0.057775,0.096646,0.098925,0.097422,0.73912,0.060636,0.06233,0.060696,1,0.601375,-0.034454,-0.032561,-0.031699,0.089867,
0.054384,0.092822,0.09657,0.093516,0.71412,0.063349,0.06483,0.063097,1,0.576081,-0.035704,-0.030999,-0.031886,0.091184,
0.052336,0.090448,0.092444,0.090182,0.66877,0.065686,0.066859,0.066648,1,0.539267,-0.034366,-0.032833,-0.031366,0.076231,
0.049824,0.086545,0.0905,0.087641,0.69637,0.069903,0.070253,0.069649,1,0.56628,-0.036421,-0.031982,-0.030365,0.052305,
0.047879,0.083677,0.086642,0.083609,0.74674,0.071766,0.071795,0.07105,1,0.617889,-0.038087,-0.035772,-0.03399,0.063256,
0.046209,0.079901,0.082548,0.080322,0.78783,0.075002,0.075773,0.074976,1,0.662052,-0.036315,-0.035799,-0.032342,0.078319,
0.044557,0.077432,0.081426,0.078639,0.74738,0.078679,0.078403,0.077452,1,0.625202,-0.037677,-0.034206,-0.031904,0.049506,
0.041786,0.074564,0.077379,0.074495,0.8039,0.08118,0.082543,0.080378,1,0.68248,-0.040096,-0.037354,-0.036693,0.067276,
0.04115,0.07125,0.074297,0.072225,0.82132,0.084122,0.085596,0.08558,1,0.699523,-0.04254,-0.039433,-0.035391,0.060031,
0.038671,0.069625,0.072036,0.069256,0.83439,0.086819,0.090694,0.089081,1,0.71304,-0.043374,-0.037488,-0.036271,0.054062,
0.037587,0.066757,0.068764,0.067604,0.84012,0.092163,0.092934,0.091907,1,0.721238,-0.043445,-0.042695,-0.036782,0.037012,
0.035987,0.063921,0.066045,0.064223,0.87712,0.094631,0.096474,0.094683,1,0.760992,-0.045359,-0.041057,-0.03841,0.038412,
0.035178,0.061675,0.063863,0.061857,0.88634,0.10051,0.10073,0.099535,1,0.77151,-0.044147,-0.042268,-0.038959,0.022307,
0.033147,0.05895,0.060449,0.058316,0.91607,0.1032,0.10524,0.10306,1,0.798901,-0.049432,-0.04622,-0.043303,0.09371,
0.03177,0.057325,0.059516,0.057602,0.85708,0.10813,0.11037,0.11011,1,0.745483,-0.047901,-0.043511,-0.037765,0.074048,
0.030428,0.054728,0.05705,0.054871,0.89712,0.11356,0.11479,0.11346,1,0.784752,-0.047793,-0.04678,-0.042729,0.058692,
0.028827,0.05331,0.0546,0.052982,0.92728,0.11889,0.12092,0.11909,1,0.816145,-0.048712,-0.044887,-0.041475,0.080584,
0.028345,0.050426,0.052988,0.051426,0.94936,0.12331,0.12443,0.12387,1,0.839389,-0.05134,-0.048356,-0.042998,0.042259,
0.027898,0.048849,0.050364,0.0486,0.93011,0.12928,0.1301,0.1305,1,0.822566,-0.05102,-0.050425,-0.043799,0.059757,
0.0264,0.046443,0.048356,0.047012,0.96579,0.13497,0.13692,0.13497,1,0.858331,-0.051449,-0.049364,-0.044758,0.11814,
0.024318,0.044898,0.046522,0.044345,0.95202,0.14147,0.14161,0.1414,1,0.845693,-0.051806,-0.049423,-0.04561,0.11686,
0.023612,0.042763,0.044325,0.042709,0.93712,0.14812,0.14802,0.14878,1,0.831308,-0.055148,-0.050574,-0.04804,0.06027,
0.022821,0.040596,0.041669,0.040153,0.99576,0.15383,0.15575,0.1535,1,0.888295,-0.056353,-0.053443,-0.051229,0.16109,
0.021874,0.038939,0.040563,0.040201,0.95904,0.16148,0.16169,0.16043,1,0.854592,-0.05757,-0.052504,-0.047266,0.17985,
0.020618,0.036326,0.037638,0.037168,1,0.16839,0.16999,0.16903,1,0.896786,-0.057934,-0.054125,-0.047225,0.15094,
0.020377,0.035848,0.037449,0.036184,0.93713,0.17795,0.17785,0.17686,1,0.835079,-0.057427,-0.054343,-0.048388,0.12641,
0.019207,0.033936,0.036611,0.035104,0.86543,0.18572,0.1864,0.18827,1,0.766518,-0.060264,-0.052831,-0.047608,0,
0.018639,0.032168,0.032928,0.032373,0.97923,0.19315,0.19382,0.19234,1,0.87846,-0.060036,-0.05531,-0.051365,0.20199,
0.017537,0.031976,0.032453,0.031675,0.93463,0.20201,0.20357,0.20155,1,0.835675,-0.059198,-0.055261,-0.051319,0.15255,
0.016849,0.029889,0.030873,0.030103,0.89395,0.21257,0.21287,0.21377,1,0.797341,-0.060428,-0.055675,-0.049945,0.2497,
0.016212,0.027786,0.029703,0.027451,0.93096,0.22074,0.22295,0.22168,1,0.835946,-0.059964,-0.054147,-0.049089,0.21777,
0.015093,0.026416,0.028154,0.027372,0.92312,0.23385,0.23245,0.23173,1,0.826875,-0.058555,-0.056801,-0.051933,0.20782,
0.014784,0.026225,0.026936,0.025689,0.92454,0.24498,0.24438,0.24176,1,0.832694,-0.056304,-0.054036,-0.051513,0.22837,
0.014611,0.024409,0.02613,0.024244,0.8979,0.25577,0.25656,0.25381,1,0.80401,-0.058099,-0.053033,-0.051079,0.25487,
0.012787,0.023277,0.023696,0.023498,0.87499,0.27005,0.27031,0.26847,1,0.782293,-0.057785,-0.05291,-0.052428,0.26206,
0.012598,0.022544,0.023143,0.023038,0.78382,0.28169,0.28143,0.28135,1,0.694649,-0.059127,-0.054437,-0.050732,0.18706,
0.011892,0.02084,0.022494,0.020926,0.84254,0.29334,0.29447,0.29295,1,0.75757,-0.057829,-0.050372,-0.04625,0.37123,
0.011772,0.020107,0.02142,0.020561,0.85263,0.30882,0.30824,0.30671,1,0.769776,-0.052981,-0.049971,-0.04462,0.26683,
0.011359,0.018673,0.019776,0.018259,0.86473,0.32075,0.32274,0.31869,1,0.784813,-0.052685,-0.047933,-0.04589,0.32038,
0.0099131,0.017335,0.0178,0.017115,0.85325,0.33825,0.33727,0.33684,1,0.772197,-0.053556,-0.049761,-0.046616,0.37951,
0.0092075,0.015948,0.01761,0.016195,0.82957,0.35123,0.35248,0.3499,1,0.754035,-0.055365,-0.048749,-0.046374,0.35895,
0.0093452,0.014897,0.015918,0.014988,0.8223,0.36877,0.37026,0.36693,1,0.745969,-0.051635,-0.047323,-0.045713,0.46024,
0.0088461,0.014801,0.015697,0.014782,0.83875,0.38856,0.3875,0.38716,1,0.765433,-0.045924,-0.042929,-0.040894,0.41758,
0.008106,0.014244,0.015191,0.013861,0.7843,0.40703,0.40635,0.40642,1,0.715402,-0.050875,-0.042214,-0.040394,0.35844,
0.0075725,0.013049,0.013437,0.011908,0.74007,0.42589,0.42489,0.42732,1,0.675117,-0.04792,-0.042266,-0.038885,0.54261,
0.0075037,0.011949,0.012172,0.012082,0.77299,0.44599,0.44426,0.44578,1,0.707065,-0.048689,-0.042744,-0.039184,0.51678,
0.0068325,0.012141,0.011903,0.01159,0.79079,0.46758,0.46485,0.46316,1,0.728779,-0.043268,-0.041568,-0.040441,0.43016,
0.0063334,0.01077,0.010623,0.01032,0.73131,0.49066,0.48842,0.48925,1,0.675686,-0.043502,-0.0386487,-0.0354317,0.54722,
0.0056105,0.0097825,0.010765,0.010368,0.65152,0.51276,0.50935,0.50993,1,0.5981682,-0.0406448,-0.0339562,-0.0318832,0.39609,
0.0050254,0.0084123,0.0097692,0.00878,0.68727,0.535,0.53372,0.53269,1,0.6318246,-0.039734,-0.0338298,-0.032089,0.46163,
0.0041649,0.0091771,0.0094372,0.0087959,0.6541,0.55925,0.55709,0.55725,1,0.6078121,-0.0360863,-0.0298934,-0.0272547,0.42441,
0.0039067,0.0079822,0.0082991,0.0073352,0.59283,0.58259,0.57998,0.5824,1,0.5492712,-0.0355528,-0.029162,-0.0319259,0.62779,
0.0033388,0.0073608,0.0077458,0.0073193,0.61367,0.61085,0.60777,0.60996,1,0.5712027,-0.0333017,-0.027203,-0.0257295,0.56444,
0.0045091,0.0057197,0.0059595,0.0057475,0.619,0.63594,0.6343,0.63667,1,0.5806311,-0.0336413,-0.0240223,-0.0262043,0.66404,
0.0029774,0.0052099,0.0053588,0.0050013,0.57603,0.66544,0.66197,0.66546,1,0.5423443,-0.0314207,-0.0239425,-0.02228,0.6226,
0.0023234,0.004254,0.0045052,0.0037946,0.5908,0.69198,0.6915,0.69269,1,0.5590634,-0.0313661,-0.0193056,-0.0226962,0.89956,
0.0020824,0.0044611,0.0049004,0.0042868,0.58334,0.72416,0.72118,0.72355,1,0.5555335,-0.027167,-0.0179891,-0.0223527,0.6194,
0.0019275,0.0033617,0.0032564,0.0029373,0.55567,0.75491,0.75242,0.75604,1,0.5250985,-0.0230185,-0.0151344,-0.0184335,0.66441,
0.0014284,0.0031546,0.0033196,0.0031754,0.53787,0.78933,0.78163,0.79195,1,0.515289,-0.0202757,-0.0150429,-0.0157671,0.82918,
0.0012563,0.0026607,0.0023237,0.0023657,0.50122,0.82347,0.81506,0.82446,1,0.4812438,-0.0151811,-0.0092252,-0.0161832,0.87621,
0.00087772,0.0020075,0.0016124,0.0010638,0.50877,0.85547,0.84855,0.8603,1,0.4931308,-0.0133183,-0.0087282,-0.0118668,0.9382,
0,0.0014339,0.0024502,0.0012067,0.51843,0.88662,0.88336,0.89364,1,0.5066721,-0.0149254,-0.004786,-0.0080995,0.68316,
0.0001721,0.0012427,0.0013279,0.0011114,0.49185,0.92094,0.91794,0.92667,1,0.48828353,-0.00601324,-0.00193478,-0.00579128,0.84267,
0.9624,0.00025492,0.00011065,0.00012702,0.47791,0.95533,0.95425,0.96526,1,0.47745353,-0.00441508,-0.00227508,-4.87E-05,0.94555,
1,0,0,0,0.48303,1,1,1,1,0.48303,-8.25E-05,0,0,1,
1,1,1,1,0,0,0,0,0,0,0,0,0,0.52816,
0.96612,0.96176,0.95739,0.95739,0.0017289,0.00023423,0.0013243,0.0014937,0,0,0,0,0,0.47654,
0.93219,0.9316,0.92234,0.92234,0.00032017,0.0012046,0.0010627,0.0017381,0,0,0,0,0,0.36105,
0.90068,0.9002,0.89384,0.89384,0.00096052,0.0010206,0.0019455,0.0011678,0,0,0,0,0,0.6319,
0.86676,0.86834,0.86051,0.86051,0.0015048,0.0020411,0.0022562,0.0019554,0,0,0,0,0,0.51327,
0.83743,0.8366,0.82945,0.82945,0.0033618,0.0031788,0.0032371,0.0029874,0,0,0,0,0,0.40165,
0.80611,0.80647,0.79944,0.79944,0.0032017,0.0028107,0.0036131,0.0022813,0,0,0,0,0,0.26109,
0.77772,0.77717,0.77039,0.77039,0.0030096,0.0039149,0.0036295,0.0043182,0,0,0,0,0,0.22572,
0.74855,0.74882,0.74354,0.74354,0.0040022,0.0038982,0.0042998,0.0043453,0,0,0,0,0,0.47314,
0.71867,0.72101,0.71537,0.71537,0.005507,0.0053705,0.0057712,0.0045355,0,0,0,0,0,0.34994,
0.69461,0.6935,0.689,0.689,0.0078763,0.0055713,0.0059674,0.0068711,0,0,0,0,0,0.36526,
0.6682,0.6675,0.66321,0.66321,0.0071399,0.0065751,0.0065559,0.0058391,0,0,0,0,0,0.39867,
0.64342,0.64082,0.63834,0.63834,0.0078122,0.0076291,0.0074715,0.00755,0,0,0,0,0,0.50353,
0.61842,0.61832,0.61522,0.61522,0.0087087,0.0089006,0.0075042,0.0077401,0,0,0,0,0,0.57371,
0.59596,0.5937,0.59032,0.59032,0.0089329,0.0085828,0.0095314,0.0077945,0,0,0,0,0,0.6966,
0.57502,0.57219,0.5703,0.5703,0.0099894,0.0096368,0.010496,0.010836,0,0,0,0,0,0.28996,
0.55389,0.55213,0.54816,0.54816,0.01127,0.010825,0.01151,0.010375,0,0,0,0,0,0.35758,
0.5329,0.53159,0.52602,0.52602,0.012551,0.011996,0.011264,0.012058,0,0,0,0,0,0.52567,
0.51425,0.51372,0.5069,0.5069,0.01428,0.013853,0.01267,0.013443,0,0,0,0,0,0.54591,
0.4939,0.49102,0.48886,0.48886,0.013383,0.013953,0.01424,0.012547,0,0,0,0,0,0.28891,
0.47768,0.47359,0.46975,0.46975,0.014952,0.014187,0.014583,0.013443,0,0,0,0,0,0.86987,
0.45982,0.45601,0.45257,0.45257,0.016617,0.015392,0.014878,0.015127,0,0,0,0,0,0.67849,
0.44165,0.43819,0.43515,0.43515,0.016617,0.015844,0.01697,0.016485,0,0,0,0,0,0.28192,
0.42589,0.4209,0.41853,0.41853,0.017898,0.017099,0.017314,0.015372,0,0,0,0,0,0.8459,
0.41237,0.40633,0.40389,0.40389,0.020907,0.019541,0.019946,0.018169,0,0,0,0,0,0.2994,
0.39498,0.39062,0.38717,0.38717,0.02126,0.019106,0.019014,0.019174,0,0,0,0,0,0.87339,
0.38223,0.37787,0.37278,0.37278,0.020907,0.020846,0.021074,0.020477,0,0,0,0,0,0.2573,
0.36534,0.36015,0.35852,0.35852,0.023469,0.020896,0.021025,0.019961,0,0,0,0,0,0.17733,
0.3532,0.35043,0.34441,0.34441,0.023501,0.022168,0.022741,0.02064,0,0,0,0,0,0.57604,
0.3425,0.33728,0.33154,0.33154,0.024461,0.024226,0.023461,0.023112,0,0,0,0,0,0.43097,
0.32794,0.32294,0.32032,0.32032,0.026831,0.025129,0.025946,0.023981,0,0,0,0,0,0.67911,
0.31688,0.31182,0.30765,0.30765,0.027183,0.026836,0.02624,0.025203,0,0,0,0,0,0.26137,
0.3045,0.30079,0.29695,0.29695,0.029712,0.028074,0.02933,0.027213,0,0,0,0,0,0.59717,
0.29227,0.28769,0.28653,0.28653,0.030737,0.028877,0.029706,0.028299,0,0,0,0,0,0.5913,
0.28363,0.2796,0.27708,0.27708,0.031025,0.030851,0.030197,0.029005,0,0,0,0,0,0.30862,
0.27206,0.26621,0.26495,0.26495,0.031505,0.031487,0.03121,0.030146,0,0,0,0,0,0.58434,
0.26318,0.25863,0.25626,0.25626,0.03349,0.033411,0.03363,0.031341,0,0,0,0,0,0.50647,
0.25495,0.25045,0.24539,0.24539,0.035763,0.034599,0.034365,0.033812,0,0,0,0,0,0.43472,
0.25179,0.24375,0.23927,0.23927,0.039958,0.039133,0.037668,0.036229,0,0,0,0,0,0.44511,
0.23483,0.22935,0.22954,0.22954,0.040086,0.037493,0.038387,0.035822,0,0,0,0,0,0.30061,
0.22798,0.2213,0.22171,0.22171,0.042359,0.040421,0.039875,0.038701,0,0,0,0,0,0.61487,
0.21735,0.21214,0.21293,0.21293,0.041975,0.041542,0.041445,0.039108,0,0,0,0,0,0.51662,
0.21154,0.20544,0.20628,0.20628,0.04492,0.043633,0.043521,0.042041,0,0,0,0,0,0.60738,
0.20392,0.19815,0.19833,0.19833,0.047994,0.045356,0.04599,0.042449,0,0,0,0,0,0.3723,
0.19583,0.19043,0.19041,0.19041,0.049819,0.046996,0.047232,0.045192,0,0,0,0,0,0.48383,
0.18982,0.18551,0.1848,0.1848,0.052092,0.04882,0.050453,0.046278,0,0,0,0,0,0.36549,
0.18256,0.17644,0.17764,0.17764,0.052477,0.051379,0.05163,0.048804,0,0,0,0,0,0.64341,
0.17438,0.16913,0.17077,0.17077,0.053821,0.053069,0.052954,0.048994,0,0,0,0,0,0.28731,
0.16949,0.16479,0.16564,0.16564,0.05808,0.05501,0.055537,0.052606,0,0,0,0,0,0.46064,
0.16308,0.15839,0.15834,0.15834,0.058816,0.056482,0.057516,0.053366,0,0,0,0,0,0.41084,
0.15879,0.15225,0.15372,0.15372,0.062562,0.059795,0.059118,0.057766,0,0,0,0,0,0.37401,
0.15409,0.14816,0.1479,0.1479,0.064707,0.061669,0.062535,0.060346,0,0,0,0,0,0.31685,
0.14878,0.14207,0.14274,0.14274,0.066724,0.065065,0.064693,0.061459,0,0,0,0,0,0.43307,
0.14299,0.13717,0.13716,0.13716,0.068581,0.067056,0.067652,0.06404,0,0,0,0,0,0.54441,
0.1369,0.13222,0.13258,0.13258,0.071687,0.068411,0.070121,0.065859,0,0,0,0,0,0.67182,
0.13279,0.12648,0.12751,0.12751,0.074601,0.071289,0.072164,0.069064,0,0,0,0,0,0.35711,
0.12759,0.12305,0.12189,0.12189,0.076778,0.07435,0.075107,0.072431,0,0,0,0,0,0.36652,
0.12283,0.11787,0.11926,0.11926,0.078155,0.077044,0.078164,0.074278,0,0,0,0,0,0.34308,
0.12051,0.11348,0.11479,0.11479,0.082541,0.080173,0.081205,0.076179,0,0,0,0,0,0.41478,
0.11409,0.10935,0.11016,0.11016,0.085519,0.08295,0.084818,0.079683,0,0,0,0,0,0.51832,
0.11016,0.10584,0.1061,0.1061,0.087408,0.086229,0.086241,0.08191,0,0,0,0,0,0.32622,
0.10837,0.10261,0.10382,0.10382,0.093139,0.090378,0.090034,0.087532,0,0,0,0,0,0.34039,
0.10451,0.10086,0.098908,0.098908,0.097365,0.094946,0.094072,0.091687,0,0,0,0,0,0.2688,
0.10034,0.0949,0.096066,0.096066,0.097397,0.096836,0.09775,0.093751,0,0,0,0,0,0.42669,
0.096696,0.091155,0.091869,0.091869,0.10287,0.10072,0.10053,0.09663,0,0,0,0,0,0.82263,
0.091373,0.08741,0.088796,0.088796,0.10354,0.10309,0.10334,0.0994,0,0,0,0,0,0.3694,
0.089209,0.084869,0.084615,0.084615,0.1087,0.108,0.10812,0.10304,0,0,0,0,0,0.17377,
0.085826,0.08185,0.082219,0.082219,0.11283,0.11168,0.11199,0.10643,0,0,0,0,0,0.63603,
0.082581,0.077148,0.07865,0.07865,0.11529,0.11407,0.11547,0.10899,0,0,0,0,0,0.24897,
0.078665,0.074788,0.075395,0.075395,0.11991,0.119,0.11864,0.1126,0,0,0,0,0,0.41153,
0.076175,0.072,0.073396,0.073396,0.12378,0.12384,0.12388,0.11817,0,0,0,0,0,0.33572,
0.074012,0.069492,0.071116,0.071116,0.12951,0.12842,0.12821,0.12208,0,0,0,0,0,0.74264,
0.071007,0.067348,0.067778,0.067778,0.1355,0.13247,0.13244,0.12683,0,0,0,0,0,0.5036,
0.068362,0.064955,0.065283,0.065283,0.13944,0.13741,0.13911,0.13101,0,0,0,0,0,0.5138,
0.065288,0.061721,0.061466,0.061466,0.14286,0.14219,0.14211,0.13585,0,0,0,0,0,0.83524,
0.063193,0.058702,0.059781,0.059781,0.14763,0.14763,0.14708,0.14057,0,0,0,0,0,0.90891,
0.061905,0.057762,0.058079,0.058079,0.15484,0.15382,0.15383,0.1466,0,0,0,0,0,0.44835,
0.057767,0.054396,0.054907,0.054907,0.15964,0.15896,0.15849,0.15057,0,0,0,0,0,0.58214,
0.055998,0.051921,0.05332,0.05332,0.16582,0.16416,0.1653,0.15774,0,0,0,0,0,0.62565,
0.054315,0.049842,0.050247,0.050247,0.17036,0.17107,0.17016,0.1633,0,0,0,0,0,0.089934,
0.052031,0.048886,0.049074,0.049074,0.176,0.17619,0.1767,0.16922,0,0,0,0,0,0.71136,
0.048614,0.046889,0.047669,0.047669,0.18298,0.18226,0.18322,0.17523,0,0,0,0,0,0.82211,
0.047309,0.043622,0.04486,0.04486,0.18871,0.18924,0.18978,0.18188,0,0,0,0,0,0.44163,
0.045197,0.041874,0.042465,0.042465,0.19601,0.1963,0.19509,0.18889,0,0,0,0,0,0.58532,
0.044682,0.040801,0.041159,0.041159,0.20267,0.20523,0.20176,0.19837,0,0,0,0,0,0.69559,
0.042175,0.039019,0.038962,0.038962,0.21125,0.21176,0.2119,0.20592,0,0,0,0,0,0.43359,
0.040028,0.037749,0.037937,0.037937,0.21836,0.22024,0.21682,0.20996,0,0,0,0,0,0.45326,
0.037864,0.03567,0.034963,0.034963,0.22483,0.22698,0.22679,0.21846,0,0,0,0,0,0.78361,
0.037401,0.034235,0.034302,0.034302,0.23379,0.23699,0.23534,0.22713,0,0,0,0,0,0.71454,
0.034842,0.03341,0.033212,0.033212,0.24375,0.24651,0.24263,0.23777,0,0,0,0,0,0.36224,
0.0334,0.031034,0.031328,0.031328,0.25063,0.25432,0.25073,0.24475,0,0,0,0,0,0.69997,
0.033005,0.029714,0.030584,0.030584,0.25944,0.26347,0.2607,0.25396,0,0,0,0,0,0.20026,
0.031339,0.028807,0.028618,0.028618,0.26936,0.27408,0.2708,0.2652,0,0,0,0,0,0.81456,
0.029244,0.02681,0.02723,0.02723,0.27756,0.28168,0.27957,0.27099,0,0,0,0,0,0.62306,
0.028145,0.026051,0.027065,0.027065,0.28998,0.29277,0.29034,0.28397,0,0,0,0,0,0.094498,
0.026806,0.024039,0.024322,0.024322,0.29706,0.30347,0.30103,0.29464,0,0,0,0,0,0.0091827,
0.02617,0.023808,0.024173,0.024173,0.31172,0.31447,0.31155,0.30496,0,0,0,0,0,0.050074,
0.024797,0.022422,0.022356,0.022356,0.3243,0.32869,0.32456,0.32204,0,0,0,0,0,0.81051,
0.023801,0.021811,0.02153,0.02153,0.33836,0.34155,0.33748,0.33359,0,0,0,0,0,0.65417,
0.02198,0.020739,0.019316,0.019316,0.3454,0.35127,0.34802,0.34081,0,0,0,0,0,0.13417,
0.020984,0.018858,0.019051,0.019051,0.35683,0.36305,0.36058,0.35284,0,0,0,0,0,0,
0.018597,0.016878,0.017019,0.017019,0.36935,0.37523,0.37343,0.36582,0,0,0,0,0,0.93137,
0.017773,0.017241,0.016821,0.016821,0.38639,0.3919,0.38801,0.38375,0,0,0,0,0,0.20246,
0.016485,0.015773,0.015499,0.015499,0.39874,0.40677,0.40334,0.39697,0,0,0,0,0,1,
0.016331,0.014832,0.015201,0.015201,0.41613,0.42047,0.4183,0.41243,0,0,0,0,0,0.16236,
0.015867,0.013925,0.013846,0.013846,0.42935,0.43536,0.43228,0.42899,0,0,0,0,0,0.81751,
0.013738,0.013479,0.012805,0.012805,0.44831,0.45867,0.45095,0.44787,0,0,0,0,0,0.57137,
0.013223,0.011879,0.012723,0.012723,0.46662,0.47498,0.46787,0.46539,0,0,0,0,0,0.43285,
0.012415,0.012028,0.011616,0.011616,0.48583,0.4946,0.48756,0.48543,0,0,0,0,0,0.55586,
0.012381,0.010939,0.011781,0.011781,0.50139,0.51205,0.50654,0.50341,0,0,0,0,0,0.36679,
0.010664,0.010592,0.0097817,0.0097817,0.523,0.53434,0.52791,0.52522,0,0,0,0,0,0.39148,
0.0094618,0.0081173,0.0083112,0.0083112,0.54071,0.55507,0.54576,0.54387,0,0,0,0,0,0.4895,
0.0082254,0.0082163,0.008179,0.008179,0.5653,0.57493,0.56914,0.56538,0,0,0,0,0,0.57428,
0.0079679,0.0078534,0.0068406,0.0068406,0.58454,0.59666,0.58958,0.58646,0,0,0,0,0,0.5705,
0.0076588,0.006715,0.0071711,0.0071711,0.60494,0.61941,0.61027,0.61449,0,0,0,0,0,0.41334,
0.0068173,0.0063025,0.0066588,0.0066588,0.63097,0.64521,0.63606,0.63635,0,0,0,0,0,0.12256,
0.0060789,0.005791,0.0055518,0.0055518,0.65428,0.66951,0.65873,0.66307,0,0,0,0,0,0.43782,
0.0058557,0.0051806,0.0048413,0.0048413,0.67995,0.69689,0.68643,0.6879,0,0,0,0,0,0.3262,
0.0038466,0.0052301,0.0041308,0.0041308,0.70614,0.72237,0.71118,0.71505,0,0,0,0,0,0.54176,
0.0046365,0.0044381,0.0038995,0.0038995,0.73672,0.75135,0.74017,0.74629,0,0,0,0,0,0.40611,
0.0042415,0.0042402,0.0037508,0.0037508,0.76791,0.77705,0.76706,0.77366,0,0,0,0,0,0.51249,
0.003091,0.0029203,0.0031725,0.0031725,0.79544,0.80984,0.79682,0.80772,0,0,0,0,0,0.51994,
0.0028162,0.0024418,0.0024289,0.0024289,0.82851,0.83887,0.82418,0.84058,0,0,0,0,0,0.26847,
0.0012192,0.0020458,0.0014706,0.0014706,0.8581,0.86875,0.85742,0.87176,0,0,0,0,0,0.58964,
0.0012879,0.0023593,0.0015862,0.0015862,0.8913,0.90062,0.88901,0.90136,0,0,0,0,0,0.079072,
0.00044647,0.00072594,0.00084268,0.00084268,0.92434,0.92747,0.92036,0.93273,0,0,0,0,0,0.24951,
0.00044647,0,0.00087573,0.00087573,0.96241,0.96,0.95576,0.96456,0,0,0,0,0,0.3548,
0,8.25E-05,0,0,1,1,1,1,0,0,0,0,0,0.2893,
