690i,ua,690ii,uaa,u1i,u2i,u3i,u4i,u5i,u6i,u7i,u8i,u9i,u10i,u1ii,u2ii,u3ii,u4ii,u5ii,u6ii,u7ii,u8ii,u9ii,u10ii,h1i,h2i,h3i,h4i,h5i,h6i,h7i,h8i,h9i,h10i,h1ii,h2ii,h3ii,h4ii,h5ii,h6ii,h7ii,h8ii,h9ii,h10ii
62114,0.2654,1539,0.1264,47425,57231,56774,57048,56473,53668,54515,50504,51788,48991,1344,1353,1346,1272,1168,1192,1142,1162,1278,1226,52517,58382,63207,63310,59151,61750,57958,59434,57705,49489,1534,1315,1439,1575,1584,1432,1411,1321,1371,1392
59827,0.2654,1539,0,45757,55369,54889,55079,54562,51736,52453,48787,49986,47265,1381,1361,1336,1268,1167,1209,1150,1194,1245,1229,50762,56258,60329,60254,57051,59349,55864,57426,55845,47931,1552,1326,1478,1620,1604,1458,1431,1367,1354,1379
57844,0.2654,1533,0.3734,43989,53386,53030,53212,52550,49903,50527,47059,48382,45702,1425,1415,1364,1288,1160,1243,1133,1168,1306,1258,49035,54386,58209,58224,55225,57328,53934,55294,53956,46410,1563,1378,1497,1641,1596,1481,1439,1386,1394,1411
55736,0.2654,1573,0.0488,42498,51700,51323,51352,50755,48104,48618,45452,46893,44123,1412,1390,1374,1323,1216,1213,1132,1220,1263,1274,47412,52751,56336,56357,53465,55509,52114,53223,52451,44896,1572,1350,1488,1657,1625,1524,1482,1347,1394,1426
53660,0.2654,1577,0.397,40686,49714,49396,49514,48763,46255,46923,43705,44990,42468,1441,1437,1407,1325,1170,1243,1142,1212,1305,1287,45862,50739,54322,54246,51541,53481,50050,51143,50500,43401,1558,1346,1540,1680,1662,1528,1481,1355,1418,1436
51755,0.2654,1593,0.1378,39057,48048,47639,47692,46838,44549,45120,42092,43324,41010,1444,1436,1421,1335,1186,1296,1149,1249,1295,1257,44324,48987,52459,52267,49808,51571,48128,49306,48578,41948,1568,1363,1549,1687,1673,1538,1516,1402,1404,1457
49887,0.2654,1603,0.4256,37581,46365,45987,45930,45084,42811,43347,40619,41826,39476,1492,1447,1467,1324,1238,1281,1229,1227,1354,1312,42802,47329,50812,50543,48084,49787,46349,47277,47122,40584,1641,1390,1539,1741,1678,1573,1482,1415,1455,1511
48131,0.2654,1623,0.2846,36272,44499,44443,44302,43436,41237,41721,39150,40352,37996,1487,1499,1458,1376,1285,1255,1174,1285,1391,1290,41385,45695,49052,48799,46432,48107,44678,45480,45360,39163,1632,1408,1580,1719,1698,1574,1518,1459,1437,1546
46295,0.2654,1592,0.6316,34810,42864,42745,42558,41631,39595,40060,37582,38925,36749,1509,1490,1481,1385,1221,1307,1208,1264,1365,1304,39910,44149,47279,47094,44742,46437,42886,43610,43719,37808,1657,1428,1607,1766,1724,1540,1521,1449,1492,1483
44680,0.2654,1641,0.3291,33452,41279,41214,41103,40062,38146,38494,36312,37464,35329,1526,1520,1473,1412,1253,1299,1253,1308,1345,1367,38559,42550,45715,45484,43183,44642,41341,41929,42249,36561,1694,1407,1594,1762,1752,1548,1571,1467,1524,1527
43007,0.2654,1655,0.3644,32199,39733,39751,39538,38569,36669,37134,34863,36234,34173,1545,1528,1525,1418,1273,1406,1233,1299,1431,1359,37456,41044,44208,43854,41845,43201,39752,40255,40780,35428,1712,1375,1608,1785,1782,1609,1563,1520,1528,1588
41319,0.2654,1686,0.2124,31039,38355,38310,38031,37103,35225,35700,33613,34849,32867,1565,1571,1497,1395,1340,1361,1282,1297,1391,1378,36155,39574,42612,42304,40441,41644,38192,38569,39401,34037,1707,1453,1652,1830,1819,1632,1593,1476,1548,1595
39715,0.2654,1645,0.7958,29836,36903,37006,36716,35583,33931,34334,32360,33648,31767,1599,1592,1575,1489,1288,1379,1279,1325,1426,1411,35082,38281,41148,40918,39110,40014,36773,37099,38043,33063,1763,1464,1642,1848,1814,1634,1629,1527,1536,1577
38314,0.2654,1704,0.5862,28822,35585,35728,35298,34280,32554,33034,31256,32582,30694,1605,1585,1568,1469,1312,1410,1269,1359,1433,1388,33862,37020,39854,39469,37727,38626,35426,35781,36679,31935,1788,1457,1704,1898,1841,1628,1650,1534,1602,1617
36967,0.2654,1728,0.3352,27803,34369,34522,34127,33044,31274,31899,30057,31416,29689,1631,1627,1590,1541,1341,1431,1306,1369,1466,1459,32851,35767,38604,38284,36423,37399,34062,34427,35472,30841,1773,1520,1712,1898,1846,1662,1654,1548,1574,1633
35450,0.2654,1763,0.4835,26798,33148,33286,32837,31810,30096,30782,28959,30099,28727,1679,1648,1593,1498,1335,1427,1322,1401,1474,1433,31759,34525,37295,36967,35328,35901,32894,32851,34274,29912,1789,1515,1769,1889,1922,1696,1669,1567,1583,1639
34143,0.2654,1743,0.6532,25930,31943,32143,31616,30528,28934,29669,27929,29189,27734,1711,1648,1621,1549,1359,1486,1340,1419,1490,1463,30768,33401,36015,35754,34183,34729,31621,31738,33094,28957,1826,1542,1748,1965,1929,1764,1708,1624,1660,1656
32981,0.2654,1762,0.6613,25035,30811,31068,30532,29457,27833,28626,27015,28343,26866,1729,1672,1643,1530,1368,1468,1340,1432,1541,1459,29925,32211,35020,34612,33113,33374,30536,30565,32094,27956,1822,1538,1789,2003,1954,1747,1726,1600,1671,1719
31735,0.2654,1789,0.624,24180,29710,29886,29511,28401,26868,27535,26068,27323,26011,1728,1699,1676,1594,1376,1480,1350,1441,1576,1542,28959,31254,33828,33450,31974,32317,29447,29374,31045,27197,1859,1577,1801,2014,2009,1783,1721,1661,1726,1724
30638,0.2654,1814,0.6512,23406,28668,28840,28379,27327,25788,26606,25126,26454,25087,1771,1745,1715,1556,1415,1515,1397,1466,1548,1530,28078,30161,32736,32419,31132,31128,28338,28319,30045,26294,1908,1560,1812,2074,2009,1760,1752,1651,1667,1801
29632,0.2654,1821,0.6871,22666,27819,27970,27472,26386,24955,25686,24319,25573,24449,1795,1774,1718,1623,1453,1561,1404,1494,1601,1554,27375,29315,31707,31353,30114,30134,27409,27356,29112,25501,1959,1598,1826,2050,2033,1810,1789,1710,1749,1789
28487,0.2654,1879,0.5378,21865,26847,26814,26456,25478,23943,24703,23394,24690,23580,1833,1807,1764,1622,1469,1563,1424,1517,1643,1570,26453,28170,30623,30300,29154,28850,26314,26318,28144,24637,1926,1593,1888,2113,2074,1837,1796,1742,1767,1843
27379,0.2654,1863,0.7579,21104,25902,26035,25587,24570,23053,23916,22495,23901,22845,1837,1827,1773,1647,1468,1562,1423,1551,1662,1573,25609,27314,29749,29286,28246,27899,25388,25236,27230,23913,1981,1592,1873,2106,2096,1836,1820,1730,1838,1845
26454,0.2654,1882,0.8238,20463,25010,25051,24602,23822,22182,22998,21728,23106,22239,1872,1851,1801,1687,1510,1615,1443,1562,1659,1627,24985,26513,28780,28412,27290,26885,24647,24424,26318,23216,1996,1653,1863,2167,2120,1891,1822,1760,1887,1884
25477,0.2654,1953,0.6599,19670,24177,24146,23581,22835,21249,22193,21011,22416,21422,1885,1863,1846,1685,1516,1658,1492,1538,1733,1647,24103,25649,27917,27545,26464,25876,23754,23496,25442,22475,2010,1664,1930,2194,2146,1899,1851,1780,1846,1885
24609,0.2654,1947,0.7902,19013,23427,23329,22942,21977,20556,21402,20318,21639,20839,1901,1878,1851,1727,1549,1671,1528,1584,1729,1694,23510,24812,27019,26664,25635,24962,22851,22706,24690,21756,2036,1683,1995,2198,2235,1920,1919,1858,1923,1980
23740,0.2654,1985,0.8078,18374,22624,22486,22032,21244,19751,20615,19594,20968,20179,1906,1921,1869,1782,1533,1714,1528,1600,1745,1692,22865,23975,26209,25872,24847,24040,22127,21928,23820,21122,2054,1695,1991,2283,2189,1960,1963,1824,1931,1975
22822,0.2654,2015,0.7781,17724,21832,21756,21220,20546,19068,19880,18935,20325,19607,1954,1898,1905,1765,1564,1740,1582,1634,1774,1729,22106,23302,25291,25002,24125,23150,21353,21149,23088,20486,2095,1726,2028,2280,2294,1960,1958,1836,1974,2012
22083,0.4807,2053,0.6617,17140,21130,21069,20496,19884,18373,19214,18307,19723,19099,1958,2008,1926,1825,1594,1769,1650,1674,1809,1772,21474,22565,24584,24308,23417,22439,20810,20516,22528,20006,2140,1731,2049,2324,2316,1993,2009,1871,1999,2054
21247,0.4905,2087,0.7728,16691,20539,20445,19859,19264,17757,18553,17814,19208,18539,2053,2055,1960,1857,1613,1746,1611,1702,1859,1772,20871,21936,23808,23554,22841,21713,20051,19747,21808,19273,2198,1778,2098,2374,2370,2093,2021,1914,2043,2118
20479,0.5008,2126,1,16048,19767,19658,19190,18553,17094,17939,17023,18484,18007,2018,2044,2024,1828,1646,1838,1627,1690,1898,1793,20262,21207,22890,22747,22097,20811,19356,19023,21024,18794,2147,1797,2135,2407,2408,2071,2037,1916,2062,2139
19755,0.4572,2142,0.8128,15498,19240,18949,18409,17929,16554,17289,16469,17924,17500,2049,2084,2020,1886,1638,1846,1676,1764,1918,1830,19642,20641,22331,22070,21415,20270,18703,18354,20441,18141,2245,1835,2173,2439,2421,2105,2053,1980,2106,2171
19075,0.4351,2177,0.8266,14891,18512,18396,17727,17243,15882,16629,15895,17380,16989,2112,2099,2110,1912,1671,1897,1703,1767,1903,1868,19120,19862,21569,21313,20749,19372,18103,17716,19852,17633,2252,1801,2173,2496,2483,2140,2100,1996,2130,2197
18361,0.4492,2208,0.9281,14356,17937,17729,17165,16696,15467,16017,15320,16784,16524,2107,2141,2086,1921,1727,1896,1709,1832,1970,1928,18496,19385,20909,20718,20182,18915,17573,17125,19184,17093,2240,1822,2213,2525,2495,2177,2167,2079,2155,2212
17791,0.3957,2258,0.8162,14042,17431,17201,16604,16284,14971,15583,14907,16430,16097,2128,2182,2163,2036,1781,1965,1718,1815,2055,1948,17995,18873,20468,20112,19693,18294,17073,16713,18730,16620,2342,1869,2300,2579,2525,2230,2214,2044,2208,2265
17076,0.4381,2303,0.8643,13457,16841,16654,16117,15705,14344,14901,14354,15870,15595,2150,2267,2171,2043,1749,1985,1786,1861,2055,1976,17439,18193,19740,19482,19024,17679,16474,16078,18041,16100,2343,1891,2297,2604,2597,2217,2201,2080,2254,2361
16594,0.3612,2318,0.8621,13076,16303,16159,15539,15261,13964,14444,14027,15448,15281,2207,2257,2287,2049,1788,2067,1840,1931,2137,1979,17020,17756,19180,18964,18533,17169,16055,15503,17547,15706,2405,1933,2363,2674,2625,2257,2253,2120,2282,2392
15949,0.3969,2402,0.7727,12587,15810,15679,15024,14652,13418,13862,13467,15010,14880,2195,2316,2303,2073,1881,2099,1868,1939,2161,2080,16585,17260,18623,18388,18062,16624,15464,15034,17021,15214,2476,1984,2373,2711,2665,2287,2271,2186,2313,2399
15730,0.2221,2449,0.7549,12451,15642,15591,14939,14608,13414,13734,13382,14902,14770,2263,2375,2338,2149,1930,2149,1925,2041,2177,2130,16429,17039,18525,18272,17927,16446,15330,14954,16884,15136,2517,2026,2486,2780,2772,2379,2365,2243,2390,2493
14815,0.4207,2483,0.86,11702,14799,14725,14046,13803,12680,13000,12574,14169,14052,2265,2363,2423,2151,1891,2133,1923,2015,2214,2114,15615,16177,17451,17365,16982,15502,14448,14100,15957,14305,2528,2055,2485,2805,2808,2362,2356,2236,2398,2536
14316,0.4025,2490,0.9438,11298,14263,14239,13603,13429,12152,12435,12139,13707,13720,2292,2434,2415,2212,1955,2182,1966,2045,2256,2186,15086,15684,16956,16817,16485,15083,14057,13606,15490,13902,2549,2065,2530,2860,2806,2366,2398,2267,2435,2589
13756,0.4416,2588,0.7927,10959,13865,13762,13169,12990,11828,12059,11847,13387,13324,2311,2428,2454,2206,1973,2256,2031,2076,2322,2218,14686,15231,16368,16268,16030,14621,13627,13241,15038,13462,2627,2077,2531,2904,2868,2403,2425,2306,2480,2629
13234,0.472,2615,0.8846,10562,13453,13317,12749,12590,11400,11675,11446,12983,12937,2359,2481,2524,2239,2047,2291,1977,2079,2336,2282,14291,14764,15981,15790,15628,14231,13220,12827,14554,13084,2618,2097,2591,2956,2896,2443,2482,2346,2519,2667
12847,0.4428,2723,0.7552,10228,13100,13007,12392,12238,11041,11256,11051,12703,12662,2378,2572,2562,2298,2084,2333,2082,2192,2372,2373,13957,14365,15443,15343,15112,13819,12875,12460,14151,12699,2691,2129,2678,3006,2957,2498,2544,2398,2598,2737
12400,0.4556,2753,0.8614,9861,12687,12668,12047,11814,10750,10861,10673,12343,12346,2422,2625,2576,2360,2074,2400,2090,2205,2436,2362,13497,13955,15060,14971,14755,13438,12535,12034,13746,12332,2758,2167,2704,3103,2998,2564,2558,2456,2620,2781
11982,0.4268,2849,0.5966,9567,12266,12247,11728,11466,10395,10495,10421,12021,12089,2449,2644,2666,2377,2115,2458,2135,2279,2498,2409,13105,13583,14662,14562,14439,13114,12091,11632,13302,12079,2815,2196,2782,3153,3066,2606,2600,2469,2685,2815
11561,0.444,2838,0.8254,9244,11868,11950,11345,11129,10021,10199,10108,11715,11769,2464,2716,2708,2438,2135,2485,2208,2311,2515,2453,12754,13151,14302,14182,14074,12649,11706,11333,12938,11708,2837,2249,2806,3177,3102,2632,2647,2542,2699,2878
11115,0.5083,2956,0.7628,9019,11547,11550,11044,10818,9771,9832,9789,11347,11455,2521,2820,2775,2537,2231,2548,2247,2349,2598,2522,12442,12802,13774,13769,13633,12297,11420,10965,12510,11333,2917,2278,2897,3236,3150,2734,2682,2628,2799,2956
10825,0.4665,3022,0.7949,8718,11193,11256,10677,10516,9513,9495,9484,11115,11167,2572,2811,2758,2521,2259,2588,2244,2387,2618,2607,12141,12502,13350,13349,13318,11976,11096,10707,12196,11042,2940,2349,2974,3296,3262,2737,2744,2622,2860,3009
10443,0.4611,3175,0.462,8479,10942,10957,10422,10210,9207,9241,9214,10847,10921,2629,2934,2869,2605,2319,2684,2325,2464,2704,2672,11767,12138,13034,13029,12908,11641,10859,10393,11801,10824,2977,2377,3011,3378,3282,2746,2805,2722,2882,3120
10178,0.4066,3217,0.5248,8255,10639,10604,10134,9956,8935,8986,8923,10517,10693,2645,2948,2919,2659,2366,2736,2394,2523,2778,2696,11549,11671,12747,12632,12664,11337,10458,10122,11512,10520,3018,2411,3098,3499,3350,2873,2873,2739,2930,3165
9780,0.4817,3255,0.6998,8052,10368,10348,9828,9672,8706,8725,8711,10362,10380,2653,3012,2965,2658,2420,2808,2421,2535,2809,2780,11195,11413,12384,12385,12243,11075,10227,9863,11110,10208,3149,2437,3173,3495,3430,2950,2913,2828,3015,3223
9448,0.501,3364,0.6269,7772,10040,9982,9610,9347,8408,8419,8398,10121,10240,2764,3091,3026,2764,2483,2869,2505,2632,2909,2861,10896,11106,11969,12065,12010,10771,9926,9578,10775,9911,3200,2502,3212,3628,3522,2996,2975,2821,3084,3287
9153,0.5124,3443,0.6696,7584,9808,9777,9316,9050,8216,8211,8175,9852,9930,2826,3184,3072,2819,2541,2920,2548,2737,2935,2874,10743,10814,11691,11781,11649,10543,9704,9308,10523,9725,3289,2556,3274,3672,3568,3013,3037,2933,3107,3341
8891,0.4762,3483,0.7154,7322,9580,9492,9098,8814,7910,7905,7954,9619,9721,2886,3238,3143,2919,2558,3029,2595,2718,2985,2931,10372,10489,11440,11397,11362,10255,9381,9112,10169,9490,3345,2597,3359,3753,3659,3084,3102,2954,3155,3470
8503,0.5691,3592,0.6626,7182,9295,9206,8855,8535,7725,7679,7722,9382,9438,2931,3303,3215,2970,2630,3058,2624,2800,3141,3005,10191,10284,11074,11154,11116,9906,9111,8866,9947,9219,3391,2646,3435,3820,3704,3199,3099,3089,3254,3510
8299,0.4988,3728,0.4952,6993,9037,8992,8641,8369,7554,7494,7509,9101,9306,2961,3417,3266,2985,2674,3139,2696,2805,3140,3108,9856,9962,10802,10785,10786,9657,8870,8644,9620,8984,3515,2719,3476,3956,3796,3265,3210,3098,3351,3605
8025,0.5476,3823,0.5717,6807,8820,8722,8395,8100,7309,7292,7356,8944,9078,3085,3514,3336,3123,2746,3221,2807,2915,3200,3214,9715,9702,10560,10523,10489,9462,8733,8486,9388,8803,3550,2756,3596,4032,3889,3338,3274,3210,3408,3674
7765,0.5595,3950,0.4977,6736,8619,8496,8222,7903,7130,7108,7109,8731,8942,3166,3564,3380,3156,2813,3279,2872,2970,3299,3282,9453,9409,10276,10266,10232,9149,8487,8289,9101,8583,3635,2845,3687,4142,3926,3388,3361,3274,3406,3768
7517,0.5498,4055,0.4356,6461,8473,8236,8010,7658,6941,6981,6913,8501,8736,3205,3614,3449,3246,2855,3407,2938,3055,3367,3339,9264,9141,10068,10067,9942,8993,8296,8057,8876,8377,3709,2891,3747,4212,4053,3435,3447,3368,3542,3850
7276,0.5866,4176,0.4493,6348,8259,8052,7803,7447,6727,6696,6732,8344,8514,3314,3728,3558,3281,2951,3460,3014,3112,3442,3410,9018,8954,9777,9730,9676,8769,8025,7882,8594,8233,3816,2899,3820,4290,4177,3561,3508,3412,3637,3954
7054,0.5755,4263,0.4547,6219,8028,7820,7605,7289,6536,6553,6595,8055,8340,3332,3790,3613,3341,3011,3571,3075,3185,3537,3511,8827,8738,9516,9487,9465,8460,7917,7672,8356,7979,3893,2961,3897,4396,4221,3633,3608,3471,3708,4053
6876,0.5767,4407,0.4525,6037,7858,7645,7397,7059,6404,6450,6396,7948,8199,3465,3934,3727,3470,3126,3651,3110,3296,3602,3622,8668,8503,9329,9225,9209,8328,7641,7520,8117,7840,4015,3028,4044,4530,4350,3704,3696,3587,3754,4183
6643,0.5667,4523,0.3742,5905,7614,7429,7295,6854,6249,6192,6227,7759,7975,3524,4005,3727,3604,3184,3759,3191,3387,3661,3724,8460,8284,9020,9057,9039,8067,7491,7349,7876,7608,4085,3122,4086,4661,4385,3778,3740,3656,3861,4174
6415,0.64,4618,0.4865,5693,7384,7229,7026,6687,6074,6020,6045,7513,7838,3584,4114,3838,3666,3246,3848,3330,3402,3701,3757,8305,8107,8852,8865,8741,7895,7296,7190,7667,7415,4235,3186,4188,4764,4482,3839,3871,3752,3948,4298
6218,0.6125,4745,0.4143,5606,7212,6997,6883,6490,5921,5889,5912,7323,7624,3744,4189,3939,3739,3361,3938,3403,3533,3834,3936,8030,7891,8600,8645,8543,7674,7160,6974,7495,7261,4275,3308,4266,4838,4551,3953,3934,3844,4082,4426
5942,0.7416,4914,0.3817,5530,7085,6857,6727,6288,5754,5756,5805,7171,7419,3743,4294,3951,3856,3396,4023,3431,3592,3908,4008,7879,7662,8370,8431,8297,7463,6994,6834,7302,7032,4407,3342,4349,4990,4633,4030,4064,3929,4162,4483
5837,0.673,5122,0.2698,5349,6910,6727,6565,6183,5611,5607,5598,6944,7373,3866,4357,4129,3995,3502,4155,3550,3664,4012,4107,7764,7465,8221,8257,8051,7283,6752,6627,7058,6919,4469,3403,4480,5117,4748,4179,4081,4064,4241,4687
5589,0.7955,5185,0.4303,5277,6733,6514,6405,6024,5493,5468,5488,6884,7184,3970,4463,4135,4025,3609,4250,3670,3780,4091,4169,7578,7323,7966,8031,7837,7168,6685,6488,6954,6697,4583,3468,4567,5229,4865,4234,4201,4134,4329,4735
5450,0.7686,5390,0.3291,5195,6507,6363,6261,5844,5391,5289,5386,6635,6958,4091,4567,4250,4135,3664,4379,3647,3865,4191,4348,7410,7041,7787,7834,7641,6993,6466,6356,6736,6547,4644,3602,4640,5339,5000,4341,4278,4227,4459,4808
5326,0.7487,5511,0.3948,5050,6381,6205,6101,5708,5210,5209,5257,6468,6888,4161,4690,4362,4251,3758,4527,3847,3904,4303,4429,7200,6942,7622,7682,7433,6789,6402,6212,6615,6364,4766,3632,4795,5440,5074,4456,4378,4305,4644,4947
5153,0.759,5660,0.3799,4962,6204,6041,5959,5543,5078,5101,5133,6388,6735,4263,4814,4448,4345,3883,4629,3961,4083,4366,4540,7019,6820,7386,7463,7295,6634,6220,6076,6453,6242,4922,3756,4920,5631,5194,4558,4471,4467,4697,5022
4956,0.8547,5822,0.4073,4811,6021,5966,5885,5369,4980,4928,4938,6181,6579,4402,4915,4554,4449,3960,4747,4044,4170,4463,4674,6946,6640,7271,7331,7088,6524,6029,5949,6307,6049,5065,3816,5041,5742,5330,4674,4620,4640,4794,5202
4828,0.8183,6031,0.3232,4762,5922,5786,5709,5320,4838,4812,4844,6041,6365,4462,5027,4657,4565,4050,4837,4189,4280,4579,4817,6818,6451,7061,7112,6941,6328,5989,5865,6115,5984,5227,3921,5152,5866,5451,4727,4723,4703,4972,5324
4670,0.9132,6189,0.407,4586,5741,5686,5550,5128,4755,4734,4793,5909,6254,4619,5199,4738,4672,4165,5007,4258,4396,4693,4946,6623,6326,6872,6966,6729,6208,5855,5669,6000,5762,5282,3984,5297,6054,5615,4899,4804,4776,5096,5444
4578,0.8548,6380,0.3867,4494,5625,5476,5470,5034,4574,4565,4612,5781,6176,4726,5289,4849,4795,4290,5080,4358,4488,4822,5119,6422,6134,6727,6774,6529,6059,5690,5600,5853,5653,5402,4120,5462,6212,5672,5038,4951,4925,5274,5582
4433,0.8623,6621,0.2974,4450,5450,5423,5334,4865,4545,4507,4533,5627,6007,4825,5419,4948,4970,4399,5201,4464,4668,4943,5186,6351,6024,6579,6659,6394,5963,5561,5434,5700,5502,5561,4256,5572,6338,5843,5108,5032,5003,5369,5728
4308,0.9162,6846,0.3023,4332,5330,5255,5250,4825,4443,4365,4383,5510,5909,4990,5535,5073,5092,4472,5384,4576,4753,5045,5362,6196,5865,6433,6547,6235,5742,5432,5362,5566,5359,5704,4320,5725,6567,5960,5288,5201,5187,5457,5917
4209,0.8745,7008,0.3449,4224,5252,5135,5136,4652,4305,4265,4306,5398,5817,5098,5683,5204,5181,4637,5618,4707,4919,5186,5485,6006,5789,6330,6382,6124,5646,5279,5220,5433,5256,5831,4389,5885,6661,6105,5454,5305,5348,5624,6038
4072,0.9805,7234,0.3806,4163,5080,4998,5044,4565,4204,4155,4238,5267,5690,5290,5834,5351,5366,4759,5667,4844,4969,5326,5688,5969,5574,6189,6244,5893,5503,5192,5100,5353,5094,6005,4567,6036,6873,6202,5625,5417,5444,5788,6232
4021,0.8305,7471,0.3215,4087,4948,4908,4896,4433,4138,4050,4106,5134,5512,5377,5985,5478,5517,4870,5836,4978,5053,5464,5856,5779,5500,6051,6085,5810,5397,5089,4974,5205,4942,6139,4660,6210,7034,6407,5769,5595,5582,5898,6380
3873,1,7703,0.3909,4036,4882,4789,4837,4345,4042,3964,4056,5000,5424,5551,6112,5611,5653,5018,5992,5097,5267,5607,6010,5677,5341,5879,5944,5680,5320,5011,4900,5088,4887,6330,4791,6365,7241,6526,5838,5773,5749,6091,6450
3768,0.9212,7892,0.3943,3942,4749,4698,4715,4277,3933,3903,3941,4903,5320,5737,6307,5706,5864,5061,6235,5235,5386,5743,6187,5512,5211,5772,5778,5500,5176,4848,4796,4991,4822,6532,4916,6563,7401,6702,6062,5850,5978,6262,6683
3687,0.9307,8240,0.3127,3886,4624,4610,4613,4162,3845,3833,3836,4842,5222,5923,6448,5909,5992,5251,6350,5385,5535,5948,6339,5438,5082,5633,5665,5452,5095,4750,4661,4875,4679,6647,5059,6785,7608,6832,6247,6086,6169,6476,6860
3623,0.8828,8490,0.3336,3821,4505,4486,4485,4101,3762,3720,3773,4753,5129,6151,6645,6059,6128,5375,6577,5543,5693,6129,6520,5345,4967,5525,5516,5334,4903,4675,4593,4767,4557,6888,5239,7009,7845,7068,6516,6278,6306,6615,7100
3534,0.9255,8732,0.3977,3751,4433,4434,4409,4015,3642,3617,3724,4568,5007,6292,6805,6254,6374,5505,6660,5730,5871,6277,6695,5240,4884,5414,5379,5209,4841,4558,4526,4631,4439,7000,5297,7146,8039,7259,6621,6365,6510,6892,7244
3460,0.9227,8979,0.4533,3643,4290,4318,4325,3906,3594,3581,3613,4442,4885,6501,7020,6428,6461,5676,6860,5832,5991,6438,6913,5111,4810,5269,5340,5033,4731,4446,4409,4556,4378,7202,5494,7323,8219,7323,6779,6553,6671,7037,7457
3414,0.7851,9333,0.3647,3575,4211,4228,4292,3827,3510,3490,3506,4395,4770,6697,7201,6590,6677,5774,7105,6059,6174,6614,7132,5004,4673,5121,5142,4935,4621,4356,4292,4432,4256,7438,5595,7570,8467,7521,6986,6673,6920,7194,7689
3288,0.9254,9705,0.3376,3596,4150,4171,4137,3728,3412,3437,3479,4316,4693,6897,7414,6805,6947,5979,7279,6244,6379,6834,7342,4960,4585,5099,5049,4836,4518,4307,4261,4352,4197,7750,5833,7788,8728,7779,7254,6890,7123,7417,7893
3273,0.8114,10047,0.3339,3517,4054,4046,4068,3693,3396,3341,3420,4234,4600,7144,7668,6986,7144,6223,7512,6414,6576,7074,7623,4821,4501,5003,4990,4769,4542,4208,4186,4290,4120,7849,6018,7998,8960,7969,7531,7124,7352,7674,8220
3167,0.8832,10365,0.3656,3432,3934,3968,3975,3577,3274,3301,3293,4117,4568,7371,7830,7241,7376,6284,7685,6579,6737,7217,7726,4751,4400,4862,4839,4625,4353,4106,4034,4104,3984,8142,6183,8249,9208,8155,7646,7327,7473,7899,8344
3120,0.8411,10723,0.3745,3326,3828,3870,3901,3511,3215,3202,3267,4038,4431,7577,8026,7396,7511,6492,7874,6749,6930,7470,7960,4623,4318,4719,4806,4524,4322,4018,3970,4047,3925,8363,6375,8488,9305,8314,7895,7477,7740,8115,8730
3069,0.7581,11145,0.0715,3345,3770,3859,3796,3415,3145,3152,3166,3942,4341,7833,8342,7629,7805,6745,8181,6992,7161,7637,8246,4546,4253,4630,4640,4431,4210,3973,3906,3996,3786,8588,6620,8858,9674,8609,8251,7771,7969,8405,8912
2957,0.9017,11457,0.0715,3253,3691,3735,3707,3333,3057,3065,3045,3875,4281,8125,8494,7846,7919,6856,8303,7169,7309,7907,8503,4400,4114,4552,4478,4279,4110,3872,3841,3889,3725,8830,6783,9074,9889,8798,8428,7956,8165,8569,9148
2940,0.8044,11754,0.0715,3231,3619,3664,3667,3277,2978,3036,3016,3822,4218,8371,8699,8073,8222,7059,8519,7381,7507,8080,8697,4304,4063,4464,4432,4267,4060,3802,3767,3799,3651,9137,6990,9350,10196,8998,8669,8239,8459,8851,9420
2883,0.7865,12188,0.0715,3173,3568,3609,3568,3197,2931,2951,2958,3716,4111,8639,8943,8275,8416,7270,8832,7609,7745,8305,8908,4243,3972,4366,4328,4179,3937,3746,3645,3741,3635,9396,7218,9606,10466,9278,8953,8473,8790,9127,9676
2805,0.7958,12552,0.0715,3106,3454,3541,3493,3101,2905,2878,2925,3678,3997,8919,9180,8577,8668,7528,9000,7797,7927,8627,9222,4211,3896,4253,4235,4052,3859,3669,3627,3684,3496,9655,7436,9961,10748,9555,9268,8782,8985,9432,10059
2825,0.6717,13019,0.0715,3090,3415,3482,3469,3108,2848,2820,2850,3641,3958,9252,9612,8950,9033,7825,9349,8089,8214,8885,9547,4139,3836,4225,4195,4036,3805,3616,3542,3541,3463,9970,7747,10290,11118,9842,9609,9080,9337,9813,10438
2738,0.728,13557,0.0715,3060,3353,3437,3409,2967,2764,2778,2792,3568,3897,9557,9850,9228,9292,8044,9658,8317,8513,9228,9853,4046,3763,4124,4069,3948,3729,3545,3479,3534,3413,10309,7987,10641,11465,10114,9943,9385,9636,10112,10748
2696,0.7529,13916,0.0715,2978,3308,3397,3306,2917,2727,2712,2703,3453,3778,9812,10127,9428,9519,8240,9866,8534,8679,9373,10077,3951,3626,3968,3971,3833,3705,3450,3393,3415,3303,10540,8269,10879,11712,10369,10184,9694,9860,10414,11024
2648,0.6415,14376,0.0715,2904,3212,3266,3213,2836,2660,2625,2673,3380,3674,10159,10400,9759,9801,8519,10162,8792,8944,9649,10379,3853,3574,3958,3859,3742,3550,3406,3351,3329,3214,10879,8514,11235,11961,10693,10441,9929,10227,10741,11360
2614,0.6685,14859,0.0715,2867,3149,3236,3138,2816,2614,2555,2605,3287,3620,10508,10805,10079,10146,8721,10412,9027,9252,9935,10639,3776,3526,3896,3763,3698,3478,3335,3289,3275,3168,11195,8901,11672,12343,10923,10836,10258,10565,10985,11702
2555,0.6626,15360,0.0715,2809,3094,3176,3083,2739,2599,2501,2529,3254,3589,10887,11118,10394,10441,9092,10764,9302,9565,10206,10997,3750,3480,3769,3758,3620,3452,3280,3188,3208,3082,11584,9061,12102,12785,11320,11180,10555,10900,11482,12140
2533,0.6007,15926,0.0715,2773,3033,3117,3054,2668,2503,2464,2524,3185,3467,11282,11440,10727,10795,9349,11037,9565,9883,10555,11402,3612,3445,3683,3631,3535,3374,3174,3162,3155,3060,11979,9439,12442,13163,11587,11476,10958,11335,11823,12484
2491,0.5804,16525,0.0715,2754,2974,3067,2947,2652,2535,2440,2452,3101,3383,11611,11805,11151,11168,9657,11452,9920,10172,10913,11708,3548,3331,3665,3587,3491,3329,3181,3117,3040,2999,12373,9717,12911,13591,11965,11972,11280,11662,12224,12871
2474,0.5792,17102,0.0715,2741,2906,3056,2936,2571,2423,2365,2368,3081,3374,12000,12212,11521,11485,9976,11817,10211,10527,11235,12104,3513,3310,3582,3529,3390,3259,3106,3073,2998,2948,12679,10173,13384,14026,12332,12320,11678,12112,12634,13314
2413,0.5169,17639,0.0715,2622,2872,3032,2842,2628,2366,2304,2381,3038,3296,12563,12687,11901,11919,10317,12311,10557,10873,11606,12485,3472,3245,3519,3512,3375,3246,3048,2984,2982,2920,13185,10588,13773,14502,12730,12772,12123,12536,13111,13760
2411,0.3694,18374,0.0715,2615,2833,2936,2793,2497,2383,2298,2311,2954,3218,13013,13105,12374,12325,10696,12734,10938,11321,12047,12934,3417,3190,3492,3382,3253,3181,3030,2974,2917,2857,13584,10908,14312,15024,13210,13194,12518,12935,13609,14172
2364,0.4867,18936,0.0715,2593,2793,2871,2786,2459,2262,2274,2246,2900,3118,13468,13628,12770,12766,11095,13113,11317,11672,12413,13326,3325,3117,3399,3325,3246,3102,2964,2889,2860,2815,14040,11383,14880,15530,13496,13599,12924,13376,14066,14688
2301,0.5049,19605,0.0715,2501,2738,2809,2715,2405,2270,2242,2236,2842,3111,13858,14049,13189,13156,11335,13612,11643,11985,12770,13700,3266,3091,3374,3273,3216,3070,2936,2830,2860,2748,14466,11723,15382,15979,14049,14089,13327,13905,14528,15113
2294,0.4926,20333,0.0715,2501,2709,2789,2643,2408,2228,2156,2214,2761,3086,14454,14592,13689,13728,11899,14112,12085,12476,13251,14313,3233,3034,3274,3227,3174,3054,2889,2809,2784,2725,15027,12309,16081,16576,14488,14581,13935,14378,15125,15723
2308,0.28,21100,0.0715,2426,2674,2746,2634,2328,2192,2110,2162,2724,2985,14955,15079,14105,14183,12203,14556,12482,12938,13641,14676,3146,2992,3215,3176,3088,2948,2824,2778,2725,2693,15436,12708,16496,17069,14895,14990,14283,14838,15580,16309
2215,0.388,21842,0.0715,2460,2645,2686,2523,2280,2175,2086,2116,2689,2935,15447,15589,14610,14691,12704,15102,12863,13318,14122,15165,3096,2946,3151,3072,3037,2887,2824,2718,2635,2615,15966,13178,17168,17638,15417,15437,14794,15355,16215,16824
2208,0.441,22651,0.0715,2369,2594,2615,2509,2259,2079,2032,2075,2638,2864,15987,16071,15162,15128,13154,15551,13293,13811,14551,15661,3012,2892,3076,3024,3015,2850,2715,2654,2633,2564,16567,13719,17737,18254,15875,16001,15314,15854,16681,17272
2175,0.3791,23406,0.0715,2347,2524,2603,2444,2176,2075,2010,2049,2560,2799,16725,16712,15684,15732,13539,16133,13773,14231,15023,16232,2999,2863,3042,3000,2929,2809,2673,2581,2570,2552,17118,14190,18444,19008,16431,16424,15895,16553,17318,17886
2169,0.2113,24263,0.0715,2328,2519,2539,2449,2166,2045,1955,1998,2519,2751,17327,17279,16263,16265,14045,16659,14285,14820,15573,16808,2934,2768,3004,2929,2892,2749,2642,2559,2513,2514,17754,14680,19125,19665,17053,16995,16468,17013,18005,18547
2135,0.3015,25174,0.0715,2262,2494,2488,2347,2158,2016,1973,2010,2471,2696,18010,17892,16833,16902,14611,17387,14703,15365,16029,17489,2887,2782,2948,2884,2852,2738,2591,2553,2469,2498,18378,15248,19866,20331,17573,17647,17047,17683,18620,19215
2113,0.2331,25998,0.0715,2240,2438,2439,2334,2109,1991,1897,1951,2422,2619,18745,18564,17470,17437,15077,17961,15332,15823,16602,18079,2892,2754,2858,2879,2811,2669,2574,2491,2426,2390,19075,15841,20576,21072,18229,18199,17602,18369,19244,19867
2083,0.2736,26958,0.0715,2188,2392,2449,2300,2054,1945,1856,1892,2335,2598,19422,19212,18120,18064,15736,18616,15856,16409,17150,18682,2798,2643,2862,2789,2774,2653,2508,2462,2380,2377,19761,16459,21300,21741,18775,18748,18298,18911,20029,20596
2064,0.1927,27954,0.0715,2150,2379,2360,2279,2035,1924,1819,1855,2375,2563,20138,19930,18824,18829,16258,19342,16419,16960,17782,19532,2761,2638,2831,2774,2694,2611,2463,2398,2339,2346,20550,17101,22040,22589,19495,19506,19071,19620,20732,21339
2046,0.1583,28996,0.0715,2128,2338,2354,2192,1993,1874,1774,1846,2291,2477,20941,20568,19496,19582,16820,20038,17086,17638,18331,20109,2710,2588,2761,2685,2665,2545,2468,2352,2331,2320,21242,17808,22915,23409,20190,20000,19775,20388,21416,22005
2013,0.1066,30017,0.0715,2115,2281,2307,2188,1936,1851,1753,1810,2250,2451,21627,21353,20241,20305,17491,20778,17760,18300,18946,20809,2640,2559,2721,2666,2634,2509,2405,2342,2283,2201,22048,18491,23893,24254,20869,20799,20518,21140,22327,22913
2006,0.0988,31219,0.0715,2023,2260,2272,2165,1949,1800,1733,1796,2247,2434,22542,22205,21077,21169,18166,21652,18403,18979,19747,21673,2642,2522,2657,2585,2577,2502,2356,2326,2266,2251,22837,19236,24772,25213,21658,21509,21344,21960,23198,23706
1932,0.1476,32349,0.0715,2049,2187,2214,2119,1916,1799,1724,1773,2181,2400,23355,22973,21820,21926,18903,22450,19030,19658,20454,22432,2547,2451,2617,2586,2566,2400,2341,2246,2186,2187,23705,19873,25755,26025,22401,22292,22147,22795,23934,24570
1964,0.0139,33395,0.0715,1959,2193,2176,2052,1899,1763,1678,1731,2166,2327,24246,23783,22648,22668,19600,23214,19711,20302,21141,23325,2546,2444,2573,2522,2481,2394,2279,2227,2168,2174,24656,20730,26713,26977,23189,22924,23020,23603,24888,25459
1922,0.0533,34536,0.0715,2024,2152,2148,2060,1830,1767,1665,1705,2073,2325,25105,24703,23600,23544,20290,24120,20508,21062,21913,24102,2496,2386,2560,2471,2449,2343,2258,2204,2132,2111,25528,21547,27660,27887,23971,23765,23966,24521,25744,26383
1924,0,35904,0.0715,1973,2133,2120,1976,1798,1701,1603,1670,2089,2242,26103,25707,24456,24401,21044,24924,21242,21834,22730,24873,2457,2359,2532,2443,2382,2334,2230,2156,2125,2141,26476,22315,28817,28959,24901,24565,24933,25344,26719,27282
1864,0.1556,36917,0.0715,1959,2090,2067,2005,1788,1676,1604,1645,2037,2222,27146,26617,25510,25330,21916,25876,22089,22643,23491,25920,2439,2330,2466,2386,2407,2268,2202,2152,2068,2091,27562,23191,29867,30068,25727,25419,25896,26337,27743,28305
60084,0.1023,1540,0.6233,,,,,,,,,,,,,,,,,,,,,,,,,,,,,,,,,,,,,,,,
57757,0.0788,1573,0.2331,,,,,,,,,,,,,,,,,,,,,,,,,,,,,,,,,,,,,,,,
55771,0.0437,1584,0.3282,,,,,,,,,,,,,,,,,,,,,,,,,,,,,,,,,,,,,,,,
53691,0.0235,1625,0.1073,,,,,,,,,,,,,,,,,,,,,,,,,,,,,,,,,,,,,,,,
51637,0.0113,1626,0.1738,,,,,,,,,,,,,,,,,,,,,,,,,,,,,,,,,,,,,,,,
49609,0.0067,1630,0.275,,,,,,,,,,,,,,,,,,,,,,,,,,,,,,,,,,,,,,,,
47660,0.0032,1670,0.106,,,,,,,,,,,,,,,,,,,,,,,,,,,,,,,,,,,,,,,,
45848,0,1694,0.238,,,,,,,,,,,,,,,,,,,,,,,,,,,,,,,,,,,,,,,,
43911,0.0105,1709,0.1257,,,,,,,,,,,,,,,,,,,,,,,,,,,,,,,,,,,,,,,,
42163,0.0142,1736,0.0333,,,,,,,,,,,,,,,,,,,,,,,,,,,,,,,,,,,,,,,,
40600,0.012,1753,0.1485,,,,,,,,,,,,,,,,,,,,,,,,,,,,,,,,,,,,,,,,
38929,0.0259,1786,0.1463,,,,,,,,,,,,,,,,,,,,,,,,,,,,,,,,,,,,,,,,
37254,0.0442,1771,0.1889,,,,,,,,,,,,,,,,,,,,,,,,,,,,,,,,,,,,,,,,
35812,0.0521,1847,0.0283,,,,,,,,,,,,,,,,,,,,,,,,,,,,,,,,,,,,,,,,
34367,0.0627,1864,0.9924,,,,,,,,,,,,,,,,,,,,,,,,,,,,,,,,,,,,,,,,
32903,0.083,1887,0.9067,,,,,,,,,,,,,,,,,,,,,,,,,,,,,,,,,,,,,,,,
31743,0.0806,1902,0.9629,,,,,,,,,,,,,,,,,,,,,,,,,,,,,,,,,,,,,,,,
30418,0.1042,1946,0.9912,,,,,,,,,,,,,,,,,,,,,,,,,,,,,,,,,,,,,,,,
29145,0.1182,1985,0.5944,,,,,,,,,,,,,,,,,,,,,,,,,,,,,,,,,,,,,,,,
27976,0.1422,2015,0.864,,,,,,,,,,,,,,,,,,,,,,,,,,,,,,,,,,,,,,,,
27010,0.1426,2023,1,,,,,,,,,,,,,,,,,,,,,,,,,,,,,,,,,,,,,,,,
25830,0.1745,2115,0.7536,,,,,,,,,,,,,,,,,,,,,,,,,,,,,,,,,,,,,,,,
24772,0.1954,2134,0.754,,,,,,,,,,,,,,,,,,,,,,,,,,,,,,,,,,,,,,,,
23842,0.2102,2150,0.917,,,,,,,,,,,,,,,,,,,,,,,,,,,,,,,,,,,,,,,,
22814,0.2339,2226,0.518,,,,,,,,,,,,,,,,,,,,,,,,,,,,,,,,,,,,,,,,
21874,0.2597,2243,0.6045,,,,,,,,,,,,,,,,,,,,,,,,,,,,,,,,,,,,,,,,
21087,0.2662,2291,0.4928,,,,,,,,,,,,,,,,,,,,,,,,,,,,,,,,,,,,,,,,
20171,0.3064,2341,0.6054,,,,,,,,,,,,,,,,,,,,,,,,,,,,,,,,,,,,,,,,
19518,0.3036,2375,0.5726,,,,,,,,,,,,,,,,,,,,,,,,,,,,,,,,,,,,,,,,
18675,0.3307,2432,0.5595,,,,,,,,,,,,,,,,,,,,,,,,,,,,,,,,,,,,,,,,
17818,0.374,2511,0.4365,,,,,,,,,,,,,,,,,,,,,,,,,,,,,,,,,,,,,,,,
17131,0.3964,2549,0.4899,,,,,,,,,,,,,,,,,,,,,,,,,,,,,,,,,,,,,,,,
16369,0.4362,2560,0.5996,,,,,,,,,,,,,,,,,,,,,,,,,,,,,,,,,,,,,,,,
15781,0.4517,2673,0.4156,,,,,,,,,,,,,,,,,,,,,,,,,,,,,,,,,,,,,,,,
15183,0.46,2708,0.268,,,,,,,,,,,,,,,,,,,,,,,,,,,,,,,,,,,,,,,,
14571,0.4917,2756,0.3237,,,,,,,,,,,,,,,,,,,,,,,,,,,,,,,,,,,,,,,,
14042,0.511,2816,0.3356,,,,,,,,,,,,,,,,,,,,,,,,,,,,,,,,,,,,,,,,
13496,0.5332,2827,0.4148,,,,,,,,,,,,,,,,,,,,,,,,,,,,,,,,,,,,,,,,
13220,0.5003,3020,0,,,,,,,,,,,,,,,,,,,,,,,,,,,,,,,,,,,,,,,,
12367,0.6131,3001,0.2795,,,,,,,,,,,,,,,,,,,,,,,,,,,,,,,,,,,,,,,,
11961,0.6179,3062,0.7828,,,,,,,,,,,,,,,,,,,,,,,,,,,,,,,,,,,,,,,,
11466,0.6452,3153,0.6075,,,,,,,,,,,,,,,,,,,,,,,,,,,,,,,,,,,,,,,,
11011,0.6796,3188,0.7257,,,,,,,,,,,,,,,,,,,,,,,,,,,,,,,,,,,,,,,,
10680,0.6806,3267,0.676,,,,,,,,,,,,,,,,,,,,,,,,,,,,,,,,,,,,,,,,
10241,0.7153,3353,0.6098,,,,,,,,,,,,,,,,,,,,,,,,,,,,,,,,,,,,,,,,
9824,0.7448,3385,0.6522,,,,,,,,,,,,,,,,,,,,,,,,,,,,,,,,,,,,,,,,
9584,0.7357,3491,0.5937,,,,,,,,,,,,,,,,,,,,,,,,,,,,,,,,,,,,,,,,
9144,0.7767,3589,0.4438,,,,,,,,,,,,,,,,,,,,,,,,,,,,,,,,,,,,,,,,
8885,0.7847,3657,0.5213,,,,,,,,,,,,,,,,,,,,,,,,,,,,,,,,,,,,,,,,
8529,0.8131,3739,0.459,,,,,,,,,,,,,,,,,,,,,,,,,,,,,,,,,,,,,,,,
8199,0.8422,3860,0.3469,,,,,,,,,,,,,,,,,,,,,,,,,,,,,,,,,,,,,,,,
7993,0.8455,3956,0.3849,,,,,,,,,,,,,,,,,,,,,,,,,,,,,,,,,,,,,,,,
7750,0.8521,4011,0.4361,,,,,,,,,,,,,,,,,,,,,,,,,,,,,,,,,,,,,,,,
7466,0.8671,4112,0.2178,,,,,,,,,,,,,,,,,,,,,,,,,,,,,,,,,,,,,,,,
7248,0.8773,4218,0.2056,,,,,,,,,,,,,,,,,,,,,,,,,,,,,,,,,,,,,,,,
7022,0.8759,4301,0.6432,,,,,,,,,,,,,,,,,,,,,,,,,,,,,,,,,,,,,,,,
6832,0.8818,4413,0.6359,,,,,,,,,,,,,,,,,,,,,,,,,,,,,,,,,,,,,,,,
6590,0.9121,4518,0.6457,,,,,,,,,,,,,,,,,,,,,,,,,,,,,,,,,,,,,,,,
6386,0.9269,4616,0.6596,,,,,,,,,,,,,,,,,,,,,,,,,,,,,,,,,,,,,,,,
6182,0.9436,4706,0.6878,,,,,,,,,,,,,,,,,,,,,,,,,,,,,,,,,,,,,,,,
6020,0.9383,4848,0.5942,,,,,,,,,,,,,,,,,,,,,,,,,,,,,,,,,,,,,,,,
5865,0.9398,4992,0.5387,,,,,,,,,,,,,,,,,,,,,,,,,,,,,,,,,,,,,,,,
5675,0.9479,5119,0.4745,,,,,,,,,,,,,,,,,,,,,,,,,,,,,,,,,,,,,,,,
5557,0.9304,5235,0.4646,,,,,,,,,,,,,,,,,,,,,,,,,,,,,,,,,,,,,,,,
5410,0.9438,5327,0.5561,,,,,,,,,,,,,,,,,,,,,,,,,,,,,,,,,,,,,,,,
5282,0.9367,5498,0.4673,,,,,,,,,,,,,,,,,,,,,,,,,,,,,,,,,,,,,,,,
5094,0.9719,5659,0.434,,,,,,,,,,,,,,,,,,,,,,,,,,,,,,,,,,,,,,,,
4998,0.9689,5758,0.5363,,,,,,,,,,,,,,,,,,,,,,,,,,,,,,,,,,,,,,,,
4862,0.9833,5894,0.5611,,,,,,,,,,,,,,,,,,,,,,,,,,,,,,,,,,,,,,,,
4747,0.9817,6083,0.4874,,,,,,,,,,,,,,,,,,,,,,,,,,,,,,,,,,,,,,,,
4591,0.973,6205,0.4411,,,,,,,,,,,,,,,,,,,,,,,,,,,,,,,,,,,,,,,,
4477,0.9657,6431,0.31,,,,,,,,,,,,,,,,,,,,,,,,,,,,,,,,,,,,,,,,
4358,1,6542,0.4528,,,,,,,,,,,,,,,,,,,,,,,,,,,,,,,,,,,,,,,,
4332,0.9606,6721,0.4542,,,,,,,,,,,,,,,,,,,,,,,,,,,,,,,,,,,,,,,,
4196,0.9896,6947,0.3919,,,,,,,,,,,,,,,,,,,,,,,,,,,,,,,,,,,,,,,,
4166,0.9696,7067,0.5287,,,,,,,,,,,,,,,,,,,,,,,,,,,,,,,,,,,,,,,,
4015,0.9706,7342,0.3245,,,,,,,,,,,,,,,,,,,,,,,,,,,,,,,,,,,,,,,,
3971,0.9431,7508,0.3703,,,,,,,,,,,,,,,,,,,,,,,,,,,,,,,,,,,,,,,,
3881,0.9644,7716,0.4018,,,,,,,,,,,,,,,,,,,,,,,,,,,,,,,,,,,,,,,,
3788,0.9624,7929,0.3817,,,,,,,,,,,,,,,,,,,,,,,,,,,,,,,,,,,,,,,,
3710,0.9608,8116,0.4231,,,,,,,,,,,,,,,,,,,,,,,,,,,,,,,,,,,,,,,,
3611,0.9719,8417,0.3217,,,,,,,,,,,,,,,,,,,,,,,,,,,,,,,,,,,,,,,,
3576,0.9376,8576,0.4095,,,,,,,,,,,,,,,,,,,,,,,,,,,,,,,,,,,,,,,,
3586,0.9031,8870,0.3932,,,,,,,,,,,,,,,,,,,,,,,,,,,,,,,,,,,,,,,,
3454,0.9141,9124,0.3401,,,,,,,,,,,,,,,,,,,,,,,,,,,,,,,,,,,,,,,,
3368,0.9534,9336,0.4439,,,,,,,,,,,,,,,,,,,,,,,,,,,,,,,,,,,,,,,,
3312,0.9336,9645,0.386,,,,,,,,,,,,,,,,,,,,,,,,,,,,,,,,,,,,,,,,
3246,0.9189,9908,0.3893,,,,,,,,,,,,,,,,,,,,,,,,,,,,,,,,,,,,,,,,
3190,0.9125,10275,0.3114,,,,,,,,,,,,,,,,,,,,,,,,,,,,,,,,,,,,,,,,
3125,0.9221,10621,0.2822,,,,,,,,,,,,,,,,,,,,,,,,,,,,,,,,,,,,,,,,
3115,0.8851,10889,0.3452,,,,,,,,,,,,,,,,,,,,,,,,,,,,,,,,,,,,,,,,
3073,0.8932,11240,0.3566,,,,,,,,,,,,,,,,,,,,,,,,,,,,,,,,,,,,,,,,
3006,0.8738,11569,0.3429,,,,,,,,,,,,,,,,,,,,,,,,,,,,,,,,,,,,,,,,
2969,0.8815,11943,0.3603,,,,,,,,,,,,,,,,,,,,,,,,,,,,,,,,,,,,,,,,
2931,0.8703,12317,0.3675,,,,,,,,,,,,,,,,,,,,,,,,,,,,,,,,,,,,,,,,
2892,0.8574,12670,0.4065,,,,,,,,,,,,,,,,,,,,,,,,,,,,,,,,,,,,,,,,
2814,0.8703,13099,0.3773,,,,,,,,,,,,,,,,,,,,,,,,,,,,,,,,,,,,,,,,
2785,0.8428,13685,0.224,,,,,,,,,,,,,,,,,,,,,,,,,,,,,,,,,,,,,,,,
2791,0.8092,14144,0.2317,,,,,,,,,,,,,,,,,,,,,,,,,,,,,,,,,,,,,,,,
2682,0.8631,14495,0.3346,,,,,,,,,,,,,,,,,,,,,,,,,,,,,,,,,,,,,,,,
2679,0.8314,14951,0.3708,,,,,,,,,,,,,,,,,,,,,,,,,,,,,,,,,,,,,,,,
2638,0.8287,15373,0.447,,,,,,,,,,,,,,,,,,,,,,,,,,,,,,,,,,,,,,,,
2628,0.795,15896,0.4519,,,,,,,,,,,,,,,,,,,,,,,,,,,,,,,,,,,,,,,,
2599,0.778,16499,0.4085,,,,,,,,,,,,,,,,,,,,,,,,,,,,,,,,,,,,,,,,
2513,0.8193,16999,0.4738,,,,,,,,,,,,,,,,,,,,,,,,,,,,,,,,,,,,,,,,
2496,0.821,17628,0.4758,,,,,,,,,,,,,,,,,,,,,,,,,,,,,,,,,,,,,,,,
2481,0.7748,18278,0.4467,,,,,,,,,,,,,,,,,,,,,,,,,,,,,,,,,,,,,,,,
2444,0.7661,18844,0.5179,,,,,,,,,,,,,,,,,,,,,,,,,,,,,,,,,,,,,,,,
2417,0.7721,19474,0.5806,,,,,,,,,,,,,,,,,,,,,,,,,,,,,,,,,,,,,,,,
2357,0.7672,20188,0.5694,,,,,,,,,,,,,,,,,,,,,,,,,,,,,,,,,,,,,,,,
2366,0.7355,20967,0.5677,,,,,,,,,,,,,,,,,,,,,,,,,,,,,,,,,,,,,,,,
2329,0.7402,21576,0.303,,,,,,,,,,,,,,,,,,,,,,,,,,,,,,,,,,,,,,,,
2300,0.7355,22365,0.3304,,,,,,,,,,,,,,,,,,,,,,,,,,,,,,,,,,,,,,,,
2258,0.7456,23048,0.4555,,,,,,,,,,,,,,,,,,,,,,,,,,,,,,,,,,,,,,,,
2227,0.7483,23857,0.5245,,,,,,,,,,,,,,,,,,,,,,,,,,,,,,,,,,,,,,,,
2182,0.7702,24798,0.33,,,,,,,,,,,,,,,,,,,,,,,,,,,,,,,,,,,,,,,,
2180,0.7535,25656,0.4261,,,,,,,,,,,,,,,,,,,,,,,,,,,,,,,,,,,,,,,,
2142,0.7583,26464,0.5717,,,,,,,,,,,,,,,,,,,,,,,,,,,,,,,,,,,,,,,,
2175,0.6507,27449,0.4055,,,,,,,,,,,,,,,,,,,,,,,,,,,,,,,,,,,,,,,,
2107,0.7177,28476,0.4901,,,,,,,,,,,,,,,,,,,,,,,,,,,,,,,,,,,,,,,,
2081,0.7305,29329,0.4872,,,,,,,,,,,,,,,,,,,,,,,,,,,,,,,,,,,,,,,,
2056,0.7158,30415,0.5802,,,,,,,,,,,,,,,,,,,,,,,,,,,,,,,,,,,,,,,,
2052,0.6956,31570,0.6795,,,,,,,,,,,,,,,,,,,,,,,,,,,,,,,,,,,,,,,,
2022,0.7001,32700,0.3807,,,,,,,,,,,,,,,,,,,,,,,,,,,,,,,,,,,,,,,,
1977,0.6822,33797,0.3342,,,,,,,,,,,,,,,,,,,,,,,,,,,,,,,,,,,,,,,,
1989,0.6795,34997,0.5185,,,,,,,,,,,,,,,,,,,,,,,,,,,,,,,,,,,,,,,,
1947,0.7144,36218,0.3638,,,,,,,,,,,,,,,,,,,,,,,,,,,,,,,,,,,,,,,,
1940,0.6724,37528,0.5362,,,,,,,,,,,,,,,,,,,,,,,,,,,,,,,,,,,,,,,,
65108,0.2995,1546,0.1823,,,,,,,,,,,,,,,,,,,,,,,,,,,,,,,,,,,,,,,,
64706,0.2027,1561,0.0997,,,,,,,,,,,,,,,,,,,,,,,,,,,,,,,,,,,,,,,,
59862,0.545,1614,0,,,,,,,,,,,,,,,,,,,,,,,,,,,,,,,,,,,,,,,,
58095,0.3283,1557,0.4951,,,,,,,,,,,,,,,,,,,,,,,,,,,,,,,,,,,,,,,,
55892,0.4629,1589,0.5479,,,,,,,,,,,,,,,,,,,,,,,,,,,,,,,,,,,,,,,,
53976,0.3337,1603,0.304,,,,,,,,,,,,,,,,,,,,,,,,,,,,,,,,,,,,,,,,
52187,0.6106,1633,0.4579,,,,,,,,,,,,,,,,,,,,,,,,,,,,,,,,,,,,,,,,
50362,0.5095,1685,0.1158,,,,,,,,,,,,,,,,,,,,,,,,,,,,,,,,,,,,,,,,
48566,0.4398,1626,0.678,,,,,,,,,,,,,,,,,,,,,,,,,,,,,,,,,,,,,,,,
46774,0.3794,1699,0.029,,,,,,,,,,,,,,,,,,,,,,,,,,,,,,,,,,,,,,,,
45253,0.4659,1665,0.3598,,,,,,,,,,,,,,,,,,,,,,,,,,,,,,,,,,,,,,,,
43621,0.4271,1717,0.2636,,,,,,,,,,,,,,,,,,,,,,,,,,,,,,,,,,,,,,,,
42116,0.3645,1717,0.3052,,,,,,,,,,,,,,,,,,,,,,,,,,,,,,,,,,,,,,,,
40650,0.3164,1716,0.3951,,,,,,,,,,,,,,,,,,,,,,,,,,,,,,,,,,,,,,,,
39310,0.2447,1739,0.2488,,,,,,,,,,,,,,,,,,,,,,,,,,,,,,,,,,,,,,,,
37852,0.2564,1746,0.5529,,,,,,,,,,,,,,,,,,,,,,,,,,,,,,,,,,,,,,,,
36556,0.2176,1788,0.3459,,,,,,,,,,,,,,,,,,,,,,,,,,,,,,,,,,,,,,,,
35376,0.1578,1765,0.4751,,,,,,,,,,,,,,,,,,,,,,,,,,,,,,,,,,,,,,,,
34115,0.1601,1804,0.4788,,,,,,,,,,,,,,,,,,,,,,,,,,,,,,,,,,,,,,,,
32882,0.1556,1808,0.4101,,,,,,,,,,,,,,,,,,,,,,,,,,,,,,,,,,,,,,,,
31821,0.1317,1850,0.4842,,,,,,,,,,,,,,,,,,,,,,,,,,,,,,,,,,,,,,,,
30653,0.1429,1832,0.5499,,,,,,,,,,,,,,,,,,,,,,,,,,,,,,,,,,,,,,,,
29672,0.1194,1899,0.409,,,,,,,,,,,,,,,,,,,,,,,,,,,,,,,,,,,,,,,,
28679,0.1212,1889,0.7214,,,,,,,,,,,,,,,,,,,,,,,,,,,,,,,,,,,,,,,,
27631,0.1432,1930,0.5149,,,,,,,,,,,,,,,,,,,,,,,,,,,,,,,,,,,,,,,,
26824,0.0943,1961,0.4744,,,,,,,,,,,,,,,,,,,,,,,,,,,,,,,,,,,,,,,,
25888,0.1022,1963,0.4581,,,,,,,,,,,,,,,,,,,,,,,,,,,,,,,,,,,,,,,,
24905,0.1742,2008,0.5655,,,,,,,,,,,,,,,,,,,,,,,,,,,,,,,,,,,,,,,,
24143,0.141,2042,0.4053,,,,,,,,,,,,,,,,,,,,,,,,,,,,,,,,,,,,,,,,
23497,0.0841,2104,0.2654,,,,,,,,,,,,,,,,,,,,,,,,,,,,,,,,,,,,,,,,
22487,0.2002,2068,0.5679,,,,,,,,,,,,,,,,,,,,,,,,,,,,,,,,,,,,,,,,
21887,0.1401,2086,0.5364,,,,,,,,,,,,,,,,,,,,,,,,,,,,,,,,,,,,,,,,
21190,0.1392,2084,0.631,,,,,,,,,,,,,,,,,,,,,,,,,,,,,,,,,,,,,,,,
20416,0.2225,2146,0.7754,,,,,,,,,,,,,,,,,,,,,,,,,,,,,,,,,,,,,,,,
19831,0.174,2159,0.6088,,,,,,,,,,,,,,,,,,,,,,,,,,,,,,,,,,,,,,,,
19259,0.1558,2170,0.6933,,,,,,,,,,,,,,,,,,,,,,,,,,,,,,,,,,,,,,,,
18628,0.1795,2228,0.591,,,,,,,,,,,,,,,,,,,,,,,,,,,,,,,,,,,,,,,,
18093,0.1748,2277,0.5969,,,,,,,,,,,,,,,,,,,,,,,,,,,,,,,,,,,,,,,,
17901,0,2335,0.5063,,,,,,,,,,,,,,,,,,,,,,,,,,,,,,,,,,,,,,,,
16967,0.2138,2333,0.6814,,,,,,,,,,,,,,,,,,,,,,,,,,,,,,,,,,,,,,,,
16435,0.2333,2391,0.6027,,,,,,,,,,,,,,,,,,,,,,,,,,,,,,,,,,,,,,,,
15892,0.2523,2353,0.7836,,,,,,,,,,,,,,,,,,,,,,,,,,,,,,,,,,,,,,,,
15478,0.2294,2401,0.7638,,,,,,,,,,,,,,,,,,,,,,,,,,,,,,,,,,,,,,,,
14942,0.2802,2428,0.7964,,,,,,,,,,,,,,,,,,,,,,,,,,,,,,,,,,,,,,,,
14566,0.2582,2462,0.8681,,,,,,,,,,,,,,,,,,,,,,,,,,,,,,,,,,,,,,,,
14088,0.2896,2525,0.7292,,,,,,,,,,,,,,,,,,,,,,,,,,,,,,,,,,,,,,,,
13723,0.2851,2568,0.8118,,,,,,,,,,,,,,,,,,,,,,,,,,,,,,,,,,,,,,,,
13215,0.3613,2571,0.9437,,,,,,,,,,,,,,,,,,,,,,,,,,,,,,,,,,,,,,,,
12975,0.2971,2656,0.8849,,,,,,,,,,,,,,,,,,,,,,,,,,,,,,,,,,,,,,,,
12620,0.2688,2660,0.8737,,,,,,,,,,,,,,,,,,,,,,,,,,,,,,,,,,,,,,,,
12227,0.3236,2741,0.8719,,,,,,,,,,,,,,,,,,,,,,,,,,,,,,,,,,,,,,,,
11897,0.317,2795,0.8172,,,,,,,,,,,,,,,,,,,,,,,,,,,,,,,,,,,,,,,,
11501,0.3798,2821,0.9467,,,,,,,,,,,,,,,,,,,,,,,,,,,,,,,,,,,,,,,,
11210,0.3455,2917,0.6874,,,,,,,,,,,,,,,,,,,,,,,,,,,,,,,,,,,,,,,,
10909,0.3767,2914,1,,,,,,,,,,,,,,,,,,,,,,,,,,,,,,,,,,,,,,,,
10595,0.383,3002,0.8262,,,,,,,,,,,,,,,,,,,,,,,,,,,,,,,,,,,,,,,,
10287,0.432,3058,0.9345,,,,,,,,,,,,,,,,,,,,,,,,,,,,,,,,,,,,,,,,
10065,0.3636,3121,0.7766,,,,,,,,,,,,,,,,,,,,,,,,,,,,,,,,,,,,,,,,
9752,0.4061,3163,0.8354,,,,,,,,,,,,,,,,,,,,,,,,,,,,,,,,,,,,,,,,
9523,0.3981,3283,0.6979,,,,,,,,,,,,,,,,,,,,,,,,,,,,,,,,,,,,,,,,
9214,0.1815,3309,0.8048,,,,,,,,,,,,,,,,,,,,,,,,,,,,,,,,,,,,,,,,
8959,0.23,3452,0.6973,,,,,,,,,,,,,,,,,,,,,,,,,,,,,,,,,,,,,,,,
8795,0.1685,3467,0.7915,,,,,,,,,,,,,,,,,,,,,,,,,,,,,,,,,,,,,,,,
8513,0.2372,3539,0.8444,,,,,,,,,,,,,,,,,,,,,,,,,,,,,,,,,,,,,,,,
8284,0.2677,3602,0.9168,,,,,,,,,,,,,,,,,,,,,,,,,,,,,,,,,,,,,,,,
8053,0.1505,3715,0.7876,,,,,,,,,,,,,,,,,,,,,,,,,,,,,,,,,,,,,,,,
7813,0.1579,3753,0.7974,,,,,,,,,,,,,,,,,,,,,,,,,,,,,,,,,,,,,,,,
7635,0.1955,3868,0.8497,,,,,,,,,,,,,,,,,,,,,,,,,,,,,,,,,,,,,,,,
7413,0.2365,3945,0.8833,,,,,,,,,,,,,,,,,,,,,,,,,,,,,,,,,,,,,,,,
7228,0.2382,4075,0.7609,,,,,,,,,,,,,,,,,,,,,,,,,,,,,,,,,,,,,,,,
7026,0.2807,4155,0.8219,,,,,,,,,,,,,,,,,,,,,,,,,,,,,,,,,,,,,,,,
6836,0.3007,4251,0.8078,,,,,,,,,,,,,,,,,,,,,,,,,,,,,,,,,,,,,,,,
6653,0.1442,4357,0.7845,,,,,,,,,,,,,,,,,,,,,,,,,,,,,,,,,,,,,,,,
6495,0.1552,4483,0.7465,,,,,,,,,,,,,,,,,,,,,,,,,,,,,,,,,,,,,,,,
6347,0.1816,4608,0.7664,,,,,,,,,,,,,,,,,,,,,,,,,,,,,,,,,,,,,,,,
6171,0.1926,4713,0.733,,,,,,,,,,,,,,,,,,,,,,,,,,,,,,,,,,,,,,,,
5997,0.2785,4876,0.7372,,,,,,,,,,,,,,,,,,,,,,,,,,,,,,,,,,,,,,,,
5813,0.2858,5034,0.5747,,,,,,,,,,,,,,,,,,,,,,,,,,,,,,,,,,,,,,,,
5680,0.2964,5156,0.5959,,,,,,,,,,,,,,,,,,,,,,,,,,,,,,,,,,,,,,,,
5514,0.3389,5285,0.5976,,,,,,,,,,,,,,,,,,,,,,,,,,,,,,,,,,,,,,,,
5401,0.1639,5429,0.5831,,,,,,,,,,,,,,,,,,,,,,,,,,,,,,,,,,,,,,,,
5264,0.2012,5637,0.6074,,,,,,,,,,,,,,,,,,,,,,,,,,,,,,,,,,,,,,,,
5088,0.2725,5782,0.6168,,,,,,,,,,,,,,,,,,,,,,,,,,,,,,,,,,,,,,,,
4977,0.2937,6003,0.5324,,,,,,,,,,,,,,,,,,,,,,,,,,,,,,,,,,,,,,,,
4897,0.2683,6223,0.4452,,,,,,,,,,,,,,,,,,,,,,,,,,,,,,,,,,,,,,,,
4723,0.3748,6381,0.4934,,,,,,,,,,,,,,,,,,,,,,,,,,,,,,,,,,,,,,,,
4588,0.2527,6634,0.734,,,,,,,,,,,,,,,,,,,,,,,,,,,,,,,,,,,,,,,,
4518,0.2505,6836,0.7507,,,,,,,,,,,,,,,,,,,,,,,,,,,,,,,,,,,,,,,,
4415,0.2515,7142,0.5632,,,,,,,,,,,,,,,,,,,,,,,,,,,,,,,,,,,,,,,,
4366,0.1696,7463,0.3592,,,,,,,,,,,,,,,,,,,,,,,,,,,,,,,,,,,,,,,,
4191,0.354,7631,0.5121,,,,,,,,,,,,,,,,,,,,,,,,,,,,,,,,,,,,,,,,
4114,0.3337,7958,0.3582,,,,,,,,,,,,,,,,,,,,,,,,,,,,,,,,,,,,,,,,
3971,0.4334,8314,0.4702,,,,,,,,,,,,,,,,,,,,,,,,,,,,,,,,,,,,,,,,
3895,0.4268,8563,0.4729,,,,,,,,,,,,,,,,,,,,,,,,,,,,,,,,,,,,,,,,
3803,0.438,8885,0.3853,,,,,,,,,,,,,,,,,,,,,,,,,,,,,,,,,,,,,,,,
3710,0.1806,9222,0.8897,,,,,,,,,,,,,,,,,,,,,,,,,,,,,,,,,,,,,,,,
3617,0.2195,9620,0.7568,,,,,,,,,,,,,,,,,,,,,,,,,,,,,,,,,,,,,,,,
3555,0.2436,10050,0.6311,,,,,,,,,,,,,,,,,,,,,,,,,,,,,,,,,,,,,,,,
3493,0.2047,10575,0.361,,,,,,,,,,,,,,,,,,,,,,,,,,,,,,,,,,,,,,,,
3344,0.3639,10901,0.4049,,,,,,,,,,,,,,,,,,,,,,,,,,,,,,,,,,,,,,,,
3305,0.3016,11298,0.4967,,,,,,,,,,,,,,,,,,,,,,,,,,,,,,,,,,,,,,,,
3233,0.3606,11752,0.4395,,,,,,,,,,,,,,,,,,,,,,,,,,,,,,,,,,,,,,,,
3141,0.424,12252,0.6498,,,,,,,,,,,,,,,,,,,,,,,,,,,,,,,,,,,,,,,,
3105,0.4255,12820,0.5109,,,,,,,,,,,,,,,,,,,,,,,,,,,,,,,,,,,,,,,,
3004,0.5217,13368,0.4069,,,,,,,,,,,,,,,,,,,,,,,,,,,,,,,,,,,,,,,,
2940,0.5055,13868,0.3529,,,,,,,,,,,,,,,,,,,,,,,,,,,,,,,,,,,,,,,,
2895,0.4762,14561,0.6538,,,,,,,,,,,,,,,,,,,,,,,,,,,,,,,,,,,,,,,,
2793,0.6374,15308,0.4581,,,,,,,,,,,,,,,,,,,,,,,,,,,,,,,,,,,,,,,,
2759,0.6338,15895,0.4386,,,,,,,,,,,,,,,,,,,,,,,,,,,,,,,,,,,,,,,,
2730,0.582,16530,0.3819,,,,,,,,,,,,,,,,,,,,,,,,,,,,,,,,,,,,,,,,
2644,0.6907,17409,0.5133,,,,,,,,,,,,,,,,,,,,,,,,,,,,,,,,,,,,,,,,
2636,0.5872,18018,0.5446,,,,,,,,,,,,,,,,,,,,,,,,,,,,,,,,,,,,,,,,
2569,0.6549,18727,0.9369,,,,,,,,,,,,,,,,,,,,,,,,,,,,,,,,,,,,,,,,
2506,0.641,19631,0.7479,,,,,,,,,,,,,,,,,,,,,,,,,,,,,,,,,,,,,,,,
2420,0.8185,20414,0.761,,,,,,,,,,,,,,,,,,,,,,,,,,,,,,,,,,,,,,,,
2378,0.7833,21266,0.7078,,,,,,,,,,,,,,,,,,,,,,,,,,,,,,,,,,,,,,,,
2355,0.8785,22200,0.682,,,,,,,,,,,,,,,,,,,,,,,,,,,,,,,,,,,,,,,,
2309,0.5729,23181,0.5997,,,,,,,,,,,,,,,,,,,,,,,,,,,,,,,,,,,,,,,,
2236,0.7943,24092,0.6671,,,,,,,,,,,,,,,,,,,,,,,,,,,,,,,,,,,,,,,,
2225,0.5999,25211,0.5318,,,,,,,,,,,,,,,,,,,,,,,,,,,,,,,,,,,,,,,,
2196,0.648,26161,0.6299,,,,,,,,,,,,,,,,,,,,,,,,,,,,,,,,,,,,,,,,
2115,0.7859,27300,0.6089,,,,,,,,,,,,,,,,,,,,,,,,,,,,,,,,,,,,,,,,
2071,0.8357,28476,0.6095,,,,,,,,,,,,,,,,,,,,,,,,,,,,,,,,,,,,,,,,
2051,0.8969,29576,0.7316,,,,,,,,,,,,,,,,,,,,,,,,,,,,,,,,,,,,,,,,
2047,0.7187,30773,0.7855,,,,,,,,,,,,,,,,,,,,,,,,,,,,,,,,,,,,,,,,
1972,0.8529,32109,0.8144,,,,,,,,,,,,,,,,,,,,,,,,,,,,,,,,,,,,,,,,
1953,0.9447,33510,0.8797,,,,,,,,,,,,,,,,,,,,,,,,,,,,,,,,,,,,,,,,
1902,1,34747,0.5708,,,,,,,,,,,,,,,,,,,,,,,,,,,,,,,,,,,,,,,,
