i690,i750,i800,i850,ia,i690_left,i690_right,i690_ctr,ii690,ii750,ii800,ii850,iia,ii690_left,ii690_right,ii690_ctr
62114,62670,60711,60525,0.2654,60032,65108,62114,1539,1821,1916,1584,0.1264,1572,1546,1539
59827,60250,58493,58663,0.2654,57772,64706,59827,1539,1851,1958,1579,0,1553,1561,1539
57844,58269,56349,56790,0.2654,55644,59862,57844,1533,1886,1964,1595,0.3734,1612,1614,1533
55736,56540,54466,55076,0.2654,53651,58095,55736,1573,1902,2007,1581,0.0488,1620,1557,1573
53660,54368,52587,52926,0.2654,51504,55892,53660,1577,1934,1999,1619,0.397,1628,1589,1577
51755,52299,50558,50967,0.2654,49600,53976,51755,1593,1961,1990,1604,0.1378,1653,1603,1593
49887,50448,48893,49138,0.2654,47631,52187,49887,1603,1994,2044,1636,0.4256,1666,1633,1603
48131,48578,46900,47238,0.2654,45718,50362,48131,1623,1994,2082,1656,0.2846,1683,1685,1623
46295,46804,45247,45370,0.2654,43924,48566,46295,1592,2014,2117,1687,0.6316,1699,1626,1592
44680,44986,43567,43789,0.2654,42097,46774,44680,1641,2043,2112,1698,0.3291,1763,1699,1641
43007,43362,41920,42259,0.2654,40467,45253,43007,1655,2025,2142,1728,0.3644,1753,1665,1655
41319,41678,40349,40523,0.2654,38804,43621,41319,1686,2071,2191,1711,0.2124,1801,1717,1686
39715,39979,38924,39050,0.2654,37206,42116,39715,1645,2098,2213,1731,0.7958,1807,1717,1645
38314,38508,37403,37422,0.2654,35806,40650,38314,1704,2135,2232,1784,0.5862,1798,1716,1704
36967,37148,36067,36053,0.2654,34390,39310,36967,1728,2147,2207,1789,0.3352,1857,1739,1728
35450,35676,34611,34792,0.2654,32936,37852,35450,1763,2182,2287,1831,0.4835,1893,1746,1763
34143,34333,33250,33482,0.2654,31616,36556,34143,1743,2223,2363,1817,0.6532,1914,1788,1743
32981,33192,32123,32316,0.2654,30466,35376,32981,1762,2263,2393,1872,0.6613,1975,1765,1762
31735,31860,30788,31111,0.2654,29240,34115,31735,1789,2316,2368,1883,0.624,2002,1804,1789
30638,30676,29805,29834,0.2654,28023,32882,30638,1814,2351,2410,1898,0.6512,2041,1808,1814
29632,29661,28671,28817,0.2654,26925,31821,29632,1821,2352,2448,1864,0.6871,2076,1850,1821
28487,28560,27645,27707,0.2654,25753,30653,28487,1879,2400,2479,1925,0.5378,2112,1832,1879
27379,27438,26507,26625,0.2654,24724,29672,27379,1863,2449,2515,1953,0.7579,2151,1899,1863
26454,26451,25646,25716,0.2654,23795,28679,26454,1882,2508,2570,1987,0.8238,2173,1889,1882
25477,25432,24680,24755,0.2654,22775,27631,25477,1953,2529,2633,2084,0.6599,2222,1930,1953
24609,24545,23740,23889,0.2654,21882,26824,24609,1947,2546,2690,2096,0.7902,2265,1961,1947
23740,23617,22868,23041,0.2654,20983,25888,23740,1985,2611,2731,2134,0.8078,2295,1963,1985
22822,22803,21982,22166,0.2654,20159,24905,22822,2015,2655,2775,2119,0.7781,2355,2008,2015
22083,22033,21312,21530,0.4807,19380,24143,22083,2053,2691,2838,2200,0.6617,2368,2042,2053
21247,21247,20503,20698,0.4905,18617,23497,21247,2087,2807,2886,2235,0.7728,2428,2104,2087
20479,20423,19756,19980,0.5008,17812,22487,20479,2126,2809,2919,2263,1,2480,2068,2126
19755,19675,19117,19210,0.4572,17156,21887,19755,2142,2887,3005,2326,0.8128,2560,2086,2142
19075,18908,18391,18462,0.4351,16390,21190,19075,2177,2897,3034,2314,0.8266,2579,2084,2177
18361,18233,17728,17786,0.4492,15761,20416,18361,2208,2997,3108,2316,0.9281,2661,2146,2208
17791,17712,17084,17310,0.3957,15172,19831,17791,2258,3064,3180,2472,0.8162,2705,2159,2258
17076,17014,16507,16543,0.4381,14537,19259,17076,2303,3152,3230,2467,0.8643,2763,2170,2303
16594,16444,16068,16063,0.3612,14093,18628,16594,2318,3193,3331,2513,0.8621,2793,2228,2318
15949,15810,15310,15533,0.3969,13424,18093,15949,2402,3332,3377,2565,0.7727,2865,2277,2402
15730,15468,14939,15237,0.2221,13297,17901,15730,2449,3427,3515,2652,0.7549,2955,2335,2449
14815,14621,14236,14342,0.4207,12329,16967,14815,2483,3426,3540,2667,0.86,3015,2333,2483
14316,14107,13809,13738,0.4025,11914,16435,14316,2490,3528,3637,2768,0.9438,3061,2391,2490
13756,13526,13297,13263,0.4416,11498,15892,13756,2588,3646,3756,2756,0.7927,3111,2353,2588
13234,13141,12796,12859,0.472,10976,15478,13234,2615,3704,3777,2881,0.8846,3202,2401,2615
12847,12651,12427,12396,0.4428,10690,14942,12847,2723,3857,3895,2892,0.7552,3266,2428,2723
12400,12234,11962,11968,0.4556,10279,14566,12400,2753,3908,4023,3003,0.8614,3353,2462,2753
11982,11793,11629,11555,0.4268,9838,14088,11982,2849,4038,4133,3047,0.5966,3386,2525,2849
11561,11427,11234,11140,0.444,9535,13723,11561,2838,4165,4250,3121,0.8254,3467,2568,2838
11115,11022,10767,10784,0.5083,9226,13215,11115,2956,4255,4374,3180,0.7628,3599,2571,2956
10825,10658,10462,10428,0.4665,8865,12975,10825,3022,4409,4489,3300,0.7949,3673,2656,3022
10443,10275,10112,10110,0.4611,8552,12620,10443,3175,4501,4622,3370,0.462,3748,2660,3175
10178,9942,9821,9785,0.4066,8245,12227,10178,3217,4654,4742,3445,0.5248,3863,2741,3217
9780,9603,9502,9428,0.4817,8001,11897,9780,3255,4795,4861,3575,0.6998,3926,2795,3255
9448,9248,9169,9178,0.501,7705,11501,9448,3364,4920,5031,3652,0.6269,4061,2821,3364
9153,8969,8876,8861,0.5124,7488,11210,9153,3443,5116,5150,3772,0.6696,4125,2917,3443
8891,8671,8488,8541,0.4762,7224,10909,8891,3483,5179,5314,3882,0.7154,4222,2914,3483
8503,8374,8323,8245,0.5691,7058,10595,8503,3592,5397,5436,3994,0.6626,4275,3002,3592
8299,8110,8021,7976,0.4988,6758,10287,8299,3728,5514,5634,4088,0.4952,4405,3058,3728
8025,7814,7752,7742,0.5476,6589,10065,8025,3823,5726,5776,4204,0.5717,4525,3121,3823
7765,7577,7474,7496,0.5595,6407,9752,7765,3950,5885,6004,4310,0.4977,4639,3163,3950
7517,7295,7242,7262,0.5498,6183,9523,7517,4055,6079,6204,4412,0.4356,4741,3283,4055
7276,7086,7051,6989,0.5866,6036,9214,7276,4176,6256,6338,4588,0.4493,4824,3309,4176
7054,6857,6791,6798,0.5755,5841,8959,7054,4263,6467,6548,4670,0.4547,4977,3452,4263
6876,6660,6616,6611,0.5767,5713,8795,6876,4407,6767,6736,4849,0.4525,5118,3467,4407
6643,6369,6450,6337,0.5667,5536,8513,6643,4523,6883,6936,5002,0.3742,5210,3539,4523
6415,6181,6228,6162,0.64,5400,8284,6415,4618,7061,7135,5091,0.4865,5335,3602,4618
6218,5996,6023,5919,0.6125,5236,8053,6218,4745,7308,7426,5263,0.4143,5493,3715,4745
5942,5789,5813,5776,0.7416,5150,7813,5942,4914,7555,7609,5397,0.3817,5619,3753,4914
5837,5643,5658,5537,0.673,4947,7635,5837,5122,7828,7876,5514,0.2698,5808,3868,5122
5589,5429,5410,5410,0.7955,4816,7413,5589,5185,8058,8126,5753,0.4303,5923,3945,5185
5450,5278,5269,5244,0.7686,4681,7228,5450,5390,8307,8414,5883,0.3291,6111,4075,5390
5326,5105,5137,5072,0.7487,4605,7026,5326,5511,8565,8660,6100,0.3948,6282,4155,5511
5153,4932,5017,4934,0.759,4516,6836,5153,5660,8838,8927,6273,0.3799,6409,4251,5660
4956,4802,4831,4814,0.8547,4408,6653,4956,5822,9174,9224,6448,0.4073,6535,4357,5822
4828,4669,4674,4641,0.8183,4283,6495,4828,6031,9453,9531,6696,0.3232,6730,4483,6031
4670,4512,4541,4524,0.9132,4236,6347,4670,6189,9786,9866,6851,0.407,6925,4608,6189
4578,4403,4464,4387,0.8548,4068,6171,4578,6380,10120,10133,7025,0.3867,7136,4713,6380
4433,4248,4273,4297,0.8623,4058,5997,4433,6621,10402,10453,7361,0.2974,7340,4876,6621
4308,4141,4199,4142,0.9162,3953,5813,4308,6846,10851,10814,7515,0.3023,7469,5034,6846
4209,4003,4091,4052,0.8745,3866,5680,4209,7008,11127,11151,7783,0.3449,7723,5156,7008
4072,3890,3981,3889,0.9805,3772,5514,4072,7234,11563,11563,8067,0.3806,7906,5285,7234
4021,3793,3860,3804,0.8305,3695,5401,4021,7471,11957,11910,8352,0.3215,8160,5429,7471
3873,3693,3762,3733,1,3643,5264,3873,7703,12369,12369,8660,0.3909,8351,5637,7703
3768,3595,3645,3592,0.9212,3576,5088,3768,7892,12723,12768,8856,0.3943,8617,5782,7892
3687,3564,3612,3573,0.9307,3473,4977,3687,8240,13264,13214,9195,0.3127,8855,6003,8240
3623,3446,3523,3497,0.8828,3473,4897,3623,8490,13798,13683,9514,0.3336,9091,6223,8490
3534,3392,3443,3391,0.9255,3341,4723,3534,8732,14183,14189,9824,0.3977,9399,6381,8732
3460,3273,3317,3333,0.9227,3276,4588,3460,8979,14662,14603,10210,0.4533,9658,6634,8979
3414,3187,3267,3236,0.7851,3242,4518,3414,9333,15186,15071,10483,0.3647,9908,6836,9333
3288,3159,3169,3154,0.9254,3214,4415,3288,9705,15804,15722,10931,0.3376,10261,7142,9705
3273,3086,3175,3132,0.8114,3200,4366,3273,10047,16409,16199,11314,0.3339,10618,7463,10047
3167,2996,3077,3034,0.8832,3129,4191,3167,10365,16932,16793,11661,0.3656,10914,7631,10365
3120,2947,3002,3002,0.8411,3058,4114,3120,10723,17468,17294,12068,0.3745,11250,7958,10723
3069,2878,2978,2888,0.7581,3011,3971,3069,11145,18216,17989,12565,0.0715,11626,8314,11145
2957,2824,2874,2834,0.9017,2929,3895,2957,11457,18760,18568,12917,0.0715,11911,8563,11457
2940,2807,2841,2799,0.8044,2902,3803,2940,11754,19508,19264,13390,0.0715,12343,8885,11754
2883,2729,2744,2738,0.7865,2868,3710,2883,12188,20097,19947,13881,0.0715,12712,9222,12188
2805,2651,2725,2729,0.7958,2832,3617,2805,12552,20785,20585,14265,0.0715,13115,9620,12552
2825,2624,2660,2671,0.6717,2835,3555,2825,13019,21680,21464,14988,0.0715,13636,10050,13019
2738,2576,2673,2633,0.728,2778,3493,2738,13557,22447,22205,15482,0.0715,14023,10575,13557
2696,2549,2575,2548,0.7529,2695,3344,2696,13916,23158,22886,15903,0.0715,14486,10901,13916
2648,2484,2530,2505,0.6415,2642,3305,2648,14376,23863,23678,16408,0.0715,14892,11298,14376
2614,2474,2494,2468,0.6685,2674,3233,2614,14859,24743,24499,16963,0.0715,15388,11752,14859
2555,2402,2493,2422,0.6626,2617,3141,2555,15360,25671,25319,17657,0.0715,15879,12252,15360
2533,2316,2485,2422,0.6007,2549,3105,2533,15926,26610,26185,18247,0.0715,16441,12820,15926
2491,2311,2364,2363,0.5804,2549,3004,2491,16525,27440,27265,18956,0.0715,17005,13368,16525
2474,2340,2347,2318,0.5792,2518,2940,2474,17102,28446,28199,19684,0.0715,17641,13868,17102
2413,2275,2323,2293,0.5169,2481,2895,2413,17639,29622,29197,20470,0.0715,18251,14561,17639
2411,2244,2283,2271,0.3694,2428,2793,2411,18374,30708,30265,21175,0.0715,18908,15308,18374
2364,2233,2235,2249,0.4867,2416,2759,2364,18936,31805,31352,21957,0.0715,19503,15895,18936
2301,2173,2237,2172,0.5049,2371,2730,2301,19605,32974,32539,22710,0.0715,20084,16530,19605
2294,2138,2211,2178,0.4926,2350,2644,2294,20333,34197,33777,23619,0.0715,20937,17409,20333
2308,2119,2204,2161,0.28,2336,2636,2308,21100,35406,34934,24465,0.0715,21644,18018,21100
2215,2085,2176,2125,0.388,2273,2569,2215,21842,36742,36339,25319,0.0715,22336,18727,21842
2208,2095,2139,2096,0.441,2226,2506,2208,22651,38022,37464,26172,0.0715,23056,19631,22651
2175,2028,2091,2058,0.3791,2227,2420,2175,23406,39412,38860,27242,0.0715,23938,20414,23406
2169,2011,2083,2031,0.2113,2234,2378,2169,24263,40849,40326,28179,0.0715,24702,21266,24263
2135,2013,2024,2002,0.3015,2180,2355,2135,25174,42415,41578,29315,0.0715,25646,22200,25174
2113,1950,2021,1990,0.2331,2144,2309,2113,25998,44027,43101,30414,0.0715,26482,23181,25998
2083,1949,2020,1997,0.2736,2133,2236,2083,26958,45420,44640,31501,0.0715,27455,24092,26958
2064,1888,1967,1925,0.1927,2096,2225,2064,27954,47173,46407,32641,0.0715,28364,25211,27954
2046,1898,1947,1899,0.1583,2096,2196,2046,28996,48940,48037,33807,0.0715,29312,26161,28996
2013,1938,1946,1889,0.1066,2044,2115,2013,30017,50694,49741,35169,0.0715,30379,27300,30017
2006,1880,1924,1855,0.0988,2061,2071,2006,31219,52694,51493,36476,0.0715,31529,28476,31219
1932,1831,1898,1873,0.1476,2004,2051,1932,32349,54291,53382,37800,0.0715,32723,29576,32349
1964,1852,1876,1848,0.0139,2002,2047,1964,33395,56148,55246,39056,0.0715,33796,30773,33395
1922,1791,1856,1785,0.0533,1985,1972,1922,34536,57839,57170,40265,0.0715,34974,32109,34536
1924,1813,1823,1791,0,1976,1953,1924,35904,59755,59045,41712,0.0715,36257,33510,35904
1864,1737,1811,1812,0.1556,1910,1902,1864,36917,61664,60900,42983,0.0715,37576,34747,36917
60084,60776,60080,60604,0.1023,,,,1540,1883,1972,1621,0.6233,,,
57757,58673,57868,58630,0.0788,,,,1573,1950,2015,1614,0.2331,,,
55771,56927,55815,56744,0.0437,,,,1584,2015,2063,1633,0.3282,,,
53691,54925,53778,54867,0.0235,,,,1625,1981,2092,1692,0.1073,,,
51637,52780,51854,52699,0.0113,,,,1626,2030,2125,1671,0.1738,,,
49609,50688,49827,50775,0.0067,,,,1630,2046,2127,1721,0.275,,,
47660,48811,47901,48783,0.0032,,,,1670,2121,2168,1708,0.106,,,
45848,46855,45918,46910,0,,,,1694,2088,2234,1753,0.238,,,
43911,44934,44312,45013,0.0105,,,,1709,2142,2251,1796,0.1257,,,
42163,43247,42503,43312,0.0142,,,,1736,2196,2286,1811,0.0333,,,
40600,41596,40858,41695,0.012,,,,1753,2205,2320,1831,0.1485,,,
38929,39801,39207,39913,0.0259,,,,1786,2224,2378,1817,0.1463,,,
37254,38150,37680,38305,0.0442,,,,1771,2325,2377,1878,0.1889,,,
35812,36631,36127,36755,0.0521,,,,1847,2337,2465,1912,0.0283,,,
34367,35217,34738,35516,0.0627,,,,1864,2407,2472,1929,0.9924,,,
32903,33733,33252,33931,0.083,,,,1887,2445,2548,1968,0.9067,,,
31743,32460,32019,32512,0.0806,,,,1902,2476,2610,2012,0.9629,,,
30418,31156,30729,31368,0.1042,,,,1946,2552,2661,2037,0.9912,,,
29145,29902,29413,30120,0.1182,,,,1985,2614,2661,2046,0.5944,,,
27976,28695,28280,28920,0.1422,,,,2015,2647,2732,2142,0.864,,,
27010,27658,27290,27793,0.1426,,,,2023,2683,2811,2152,1,,,
25830,26381,26015,26522,0.1745,,,,2115,2713,2873,2182,0.7536,,,
24772,25415,24996,25531,0.1954,,,,2134,2828,2912,2222,0.754,,,
23842,24271,23980,24560,0.2102,,,,2150,2899,2942,2283,0.917,,,
22814,23234,23035,23575,0.2339,,,,2226,2936,3070,2305,0.518,,,
21874,22413,22092,22756,0.2597,,,,2243,3010,3088,2358,0.6045,,,
21087,21371,21244,21584,0.2662,,,,2291,3061,3208,2381,0.4928,,,
20171,20550,20326,20733,0.3064,,,,2341,3139,3258,2426,0.6054,,,
19518,19870,19514,20081,0.3036,,,,2375,3246,3342,2511,0.5726,,,
18675,19121,18720,19259,0.3307,,,,2432,3328,3439,2611,0.5595,,,
17818,18192,17953,18429,0.374,,,,2511,3383,3491,2618,0.4365,,,
17131,17475,17248,17703,0.3964,,,,2549,3475,3564,2667,0.4899,,,
16369,16712,16618,17046,0.4362,,,,2560,3530,3654,2713,0.5996,,,
15781,16088,15922,16240,0.4517,,,,2673,3632,3743,2792,0.4156,,,
15183,15503,15320,15698,0.46,,,,2708,3749,3849,2828,0.268,,,
14571,14831,14645,15046,0.4917,,,,2756,3782,3921,2901,0.3237,,,
14042,14286,14151,14521,0.511,,,,2816,3980,4068,2972,0.3356,,,
13496,13686,13574,13962,0.5332,,,,2827,4029,4156,3018,0.4148,,,
13220,13333,13173,13623,0.5003,,,,3020,4189,4291,3172,0,,,
12367,12618,12539,12817,0.6131,,,,3001,4194,4386,3180,0.2795,,,
11961,12156,12062,12307,0.6179,,,,3062,4332,4445,3244,0.7828,,,
11466,11601,11645,11834,0.6452,,,,3153,4426,4546,3311,0.6075,,,
11011,11163,11224,11464,0.6796,,,,3188,4503,4658,3392,0.7257,,,
10680,10726,10802,10943,0.6806,,,,3267,4691,4821,3479,0.676,,,
10241,10382,10401,10603,0.7153,,,,3353,4748,4915,3528,0.6098,,,
9824,9979,9951,10164,0.7448,,,,3385,4894,5062,3585,0.6522,,,
9584,9631,9681,9797,0.7357,,,,3491,5009,5165,3713,0.5937,,,
9144,9259,9289,9452,0.7767,,,,3589,5131,5316,3801,0.4438,,,
8885,8954,8955,9146,0.7847,,,,3657,5283,5456,3908,0.5213,,,
8529,8620,8643,8843,0.8131,,,,3739,5441,5595,3978,0.459,,,
8199,8327,8404,8557,0.8422,,,,3860,5624,5798,4092,0.3469,,,
7993,8015,8056,8176,0.8455,,,,3956,5698,5876,4173,0.3849,,,
7750,7713,7834,7952,0.8521,,,,4011,5905,6073,4284,0.4361,,,
7466,7527,7575,7667,0.8671,,,,4112,6041,6190,4421,0.2178,,,
7248,7215,7295,7470,0.8773,,,,4218,6187,6389,4540,0.2056,,,
7022,6990,7102,7220,0.8759,,,,4301,6409,6523,4633,0.6432,,,
6832,6761,6882,6959,0.8818,,,,4413,6599,6677,4739,0.6359,,,
6590,6566,6624,6750,0.9121,,,,4518,6676,6897,4866,0.6457,,,
6386,6327,6460,6535,0.9269,,,,4616,6926,7083,4979,0.6596,,,
6182,6210,6303,6343,0.9436,,,,4706,7093,7312,5135,0.6878,,,
6020,5993,6091,6124,0.9383,,,,4848,7253,7523,5251,0.5942,,,
5865,5830,5902,5965,0.9398,,,,4992,7449,7732,5349,0.5387,,,
5675,5676,5750,5864,0.9479,,,,5119,7742,7895,5566,0.4745,,,
5557,5498,5543,5658,0.9304,,,,5235,7933,8131,5665,0.4646,,,
5410,5353,5415,5458,0.9438,,,,5327,8102,8363,5789,0.5561,,,
5282,5179,5286,5297,0.9367,,,,5498,8348,8597,5987,0.4673,,,
5094,5061,5133,5153,0.9719,,,,5659,8660,8842,6093,0.434,,,
4998,4894,4986,4996,0.9689,,,,5758,8874,9070,6345,0.5363,,,
4862,4756,4844,4895,0.9833,,,,5894,9099,9271,6468,0.5611,,,
4747,4638,4740,4763,0.9817,,,,6083,9373,9570,6619,0.4874,,,
4591,4490,4609,4635,0.973,,,,6205,9630,9948,6845,0.4411,,,
4477,4365,4514,4491,0.9657,,,,6431,9894,10085,7048,0.31,,,
4358,4280,4407,4439,1,,,,6542,10202,10489,7183,0.4528,,,
4332,4160,4317,4327,0.9606,,,,6721,10504,10748,7426,0.4542,,,
4196,4059,4241,4216,0.9896,,,,6947,10785,11038,7685,0.3919,,,
4166,4016,4094,4087,0.9696,,,,7067,11145,11412,7846,0.5287,,,
4015,3905,4035,3970,0.9706,,,,7342,11461,11718,8080,0.3245,,,
3971,3816,3936,3899,0.9431,,,,7508,11806,12018,8300,0.3703,,,
3881,3708,3819,3824,0.9644,,,,7716,12139,12378,8534,0.4018,,,
3788,3632,3769,3732,0.9624,,,,7929,12505,12750,8772,0.3817,,,
3710,3593,3658,3678,0.9608,,,,8116,12872,13141,9072,0.4231,,,
3611,3482,3601,3588,0.9719,,,,8417,13256,13536,9308,0.3217,,,
3576,3388,3559,3515,0.9376,,,,8576,13676,13922,9628,0.4095,,,
3586,3333,3448,3456,0.9031,,,,8870,14164,14415,9963,0.3932,,,
3454,3316,3397,3391,0.9141,,,,9124,14741,14865,10265,0.3401,,,
3368,3242,3318,3320,0.9534,,,,9336,15043,15283,10644,0.4439,,,
3312,3119,3260,3224,0.9336,,,,9645,15493,15782,10852,0.386,,,
3246,3101,3204,3214,0.9189,,,,9908,16056,16255,11168,0.3893,,,
3190,3066,3195,3145,0.9125,,,,10275,16596,16750,11702,0.3114,,,
3125,2994,3099,3055,0.9221,,,,10621,17220,17386,12091,0.2822,,,
3115,2917,3064,3039,0.8851,,,,10889,17717,17849,12415,0.3452,,,
3073,2876,2998,2977,0.8932,,,,11240,18290,18382,12728,0.3566,,,
3006,2839,2955,2925,0.8738,,,,11569,18864,19100,13154,0.3429,,,
2969,2779,2837,2835,0.8815,,,,11943,19406,19641,13662,0.3603,,,
2931,2736,2851,2799,0.8703,,,,12317,20040,20283,14044,0.3675,,,
2892,2700,2760,2758,0.8574,,,,12670,20884,20955,14552,0.4065,,,
2814,2626,2730,2698,0.8703,,,,13099,21458,21647,15016,0.3773,,,
2785,2607,2761,2716,0.8428,,,,13685,22354,22531,15584,0.224,,,
2791,2604,2714,2651,0.8092,,,,14144,23235,23329,16218,0.2317,,,
2682,2537,2627,2582,0.8631,,,,14495,23677,23894,16593,0.3346,,,
2679,2469,2601,2547,0.8314,,,,14951,24588,24811,17101,0.3708,,,
2638,2455,2560,2514,0.8287,,,,15373,25261,25664,17667,0.447,,,
2628,2418,2511,2480,0.795,,,,15896,26261,26461,18364,0.4519,,,
2599,2331,2490,2448,0.778,,,,16499,27271,27345,19005,0.4085,,,
2513,2350,2438,2407,0.8193,,,,16999,28069,28306,19564,0.4738,,,
2496,2318,2449,2370,0.821,,,,17628,29150,29382,20386,0.4758,,,
2481,2339,2382,2349,0.7748,,,,18278,30453,30388,21167,0.4467,,,
2444,2293,2369,2308,0.7661,,,,18844,31485,31425,21914,0.5179,,,
2417,2232,2349,2290,0.7721,,,,19474,32495,32480,22652,0.5806,,,
2357,2215,2311,2264,0.7672,,,,20188,33705,33619,23449,0.5694,,,
2366,2222,2279,2290,0.7355,,,,20967,34994,35041,24351,0.5677,,,
2329,2171,2260,2224,0.7402,,,,21576,36147,36032,25173,0.303,,,
2300,2148,2217,2167,0.7355,,,,22365,37427,37396,25979,0.3304,,,
2258,2117,2176,2155,0.7456,,,,23048,38733,38812,27045,0.4555,,,
2227,2062,2172,2117,0.7483,,,,23857,40068,40092,27979,0.5245,,,
2182,2050,2135,2095,0.7702,,,,24798,41482,41484,28980,0.33,,,
2180,2034,2112,2050,0.7535,,,,25656,42877,42903,30009,0.4261,,,
2142,2005,2113,2010,0.7583,,,,26464,44497,44486,31196,0.5717,,,
2175,1987,2075,2034,0.6507,,,,27449,46047,46019,32261,0.4055,,,
2107,1974,2037,2002,0.7177,,,,28476,47614,47625,33410,0.4901,,,
2081,1922,2040,1975,0.7305,,,,29329,49354,49357,34656,0.4872,,,
2056,1935,1990,1967,0.7158,,,,30415,51294,51042,36040,0.5802,,,
2052,1884,1970,1944,0.6956,,,,31570,53172,52694,37441,0.6795,,,
2022,1860,1954,1907,0.7001,,,,32700,54917,54613,38738,0.3807,,,
1977,1844,1944,1868,0.6822,,,,33797,56644,56402,39933,0.3342,,,
1989,1792,1926,1890,0.6795,,,,34997,58452,58519,41292,0.5185,,,
1947,1792,1871,1870,0.7144,,,,36218,60441,60514,42830,0.3638,,,
1940,1782,1881,1838,0.6724,,,,37528,63012,62810,44155,0.5362,,,
65108,64567,65164,64849,0.2995,,,,1546,1936,2058,1558,0.1823,,,
64706,61735,64216,63423,0.2027,,,,1561,1937,2067,1577,0.0997,,,
59862,59248,59676,59657,0.545,,,,1614,1941,2080,1596,0,,,
58095,57361,57684,57781,0.3283,,,,1557,1992,2128,1596,0.4951,,,
55892,55332,55681,55877,0.4629,,,,1589,1997,2157,1650,0.5479,,,
53976,53365,53967,53850,0.3337,,,,1603,2048,2158,1658,0.304,,,
52187,51619,52088,51961,0.6106,,,,1633,2018,2172,1636,0.4579,,,
50362,49883,50123,50270,0.5095,,,,1685,2050,2219,1660,0.1158,,,
48566,48038,48477,48326,0.4398,,,,1626,2078,2261,1655,0.678,,,
46774,46422,46696,46695,0.3794,,,,1699,2144,2281,1696,0.029,,,
45253,44678,45022,45142,0.4659,,,,1665,2140,2288,1702,0.3598,,,
43621,42961,43450,43404,0.4271,,,,1717,2161,2344,1728,0.2636,,,
42116,41292,42035,41765,0.3645,,,,1717,2190,2354,1740,0.3052,,,
40650,39990,40513,40351,0.3164,,,,1716,2189,2322,1777,0.3951,,,
39310,38655,39092,39026,0.2447,,,,1739,2268,2384,1772,0.2488,,,
37852,37094,37647,37393,0.2564,,,,1746,2285,2453,1788,0.5529,,,
36556,35699,36268,36092,0.2176,,,,1788,2327,2469,1854,0.3459,,,
35376,34532,35109,34804,0.1578,,,,1765,2346,2511,1828,0.4751,,,
34115,33461,33798,33572,0.1601,,,,1804,2376,2496,1871,0.4788,,,
32882,32076,32677,32438,0.1556,,,,1808,2428,2537,1876,0.4101,,,
31821,31103,31454,31372,0.1317,,,,1850,2442,2578,1911,0.4842,,,
30653,29849,30272,30055,0.1429,,,,1832,2485,2616,1917,0.5499,,,
29672,28890,29307,29035,0.1194,,,,1899,2497,2686,1961,0.409,,,
28679,27817,28327,28119,0.1212,,,,1889,2564,2742,2002,0.7214,,,
27631,26768,27256,27041,0.1432,,,,1930,2548,2749,2008,0.5149,,,
26824,25999,26292,26249,0.0943,,,,1961,2655,2752,2011,0.4744,,,
25888,25044,25435,25287,0.1022,,,,1963,2701,2822,2071,0.4581,,,
24905,24165,24522,24292,0.1742,,,,2008,2715,2852,2051,0.5655,,,
24143,23465,23636,23561,0.141,,,,2042,2746,2876,2141,0.4053,,,
23497,22698,22871,22890,0.0841,,,,2104,2802,2910,2148,0.2654,,,
22487,21878,22098,22050,0.2002,,,,2068,2852,3026,2191,0.5679,,,
21887,21142,21428,21242,0.1401,,,,2086,2887,3029,2186,0.5364,,,
21190,20388,20682,20549,0.1392,,,,2084,2923,3110,2230,0.631,,,
20416,19650,20062,19841,0.2225,,,,2146,2997,3161,2231,0.7754,,,
19831,19116,19435,19337,0.174,,,,2159,3064,3171,2323,0.6088,,,
19259,18461,18742,18587,0.1558,,,,2170,3106,3243,2291,0.6933,,,
18628,17954,18225,18058,0.1795,,,,2228,3121,3296,2348,0.591,,,
18093,17407,17626,17537,0.1748,,,,2277,3214,3365,2433,0.5969,,,
17901,16993,17141,17256,0,,,,2335,3316,3461,2489,0.5063,,,
16967,16094,16519,16229,0.2138,,,,2333,3328,3483,2504,0.6814,,,
16435,15640,15935,15721,0.2333,,,,2391,3383,3581,2513,0.6027,,,
15892,15090,15484,15257,0.2523,,,,2353,3448,3613,2560,0.7836,,,
15478,14600,15049,14746,0.2294,,,,2401,3548,3705,2609,0.7638,,,
14942,14208,14660,14341,0.2802,,,,2428,3541,3772,2578,0.7964,,,
14566,13758,14179,13891,0.2582,,,,2462,3622,3856,2629,0.8681,,,
14088,13284,13775,13419,0.2896,,,,2525,3723,3920,2709,0.7292,,,
13723,12987,13325,13066,0.2851,,,,2568,3850,4021,2803,0.8118,,,
13215,12546,12880,12616,0.3613,,,,2571,3886,4059,2851,0.9437,,,
12975,12194,12570,12395,0.2971,,,,2656,3985,4167,2888,0.8849,,,
12620,11796,12119,11945,0.2688,,,,2660,4060,4245,2941,0.8737,,,
12227,11442,11903,11613,0.3236,,,,2741,4128,4333,3024,0.8719,,,
11897,11159,11514,11301,0.317,,,,2795,4217,4443,3058,0.8172,,,
11501,10778,11205,10891,0.3798,,,,2821,4304,4517,3127,0.9467,,,
11210,10555,10780,10596,0.3455,,,,2917,4417,4638,3186,0.6874,,,
10909,10206,10580,10285,0.3767,,,,2914,4562,4744,3265,1,,,
10595,9895,10298,10097,0.383,,,,3002,4640,4849,3370,0.8262,,,
10287,9636,9948,9721,0.432,,,,3058,4713,4949,3413,0.9345,,,
10065,9320,9690,9468,0.3636,,,,3121,4859,5075,3480,0.7766,,,
9752,9125,9469,9167,0.4061,,,,3163,4964,5199,3539,0.8354,,,
9523,8847,9134,8965,0.3981,,,,3283,5130,5313,3656,0.6979,,,
9214,8590,8933,8730,0.1815,,,,3309,5218,5448,3755,0.8048,,,
8959,8362,8626,8410,0.23,,,,3452,5364,5574,3791,0.6973,,,
8795,8140,8450,8327,0.1685,,,,3467,5526,5763,3898,0.7915,,,
8513,7874,8168,8007,0.2372,,,,3539,5645,5903,3991,0.8444,,,
8284,7646,8031,7773,0.2677,,,,3602,5823,6069,4099,0.9168,,,
8053,7481,7754,7547,0.1505,,,,3715,5950,6178,4225,0.7876,,,
7813,7194,7589,7345,0.1579,,,,3753,6166,6345,4303,0.7974,,,
7635,7063,7394,7140,0.1955,,,,3868,6329,6489,4408,0.8497,,,
7413,6827,7136,6934,0.2365,,,,3945,6528,6735,4566,0.8833,,,
7228,6659,7052,6815,0.2382,,,,4075,6740,6884,4652,0.7609,,,
7026,6488,6805,6563,0.2807,,,,4155,6902,7148,4778,0.8219,,,
6836,6270,6600,6410,0.3007,,,,4251,7072,7326,4976,0.8078,,,
6653,6160,6449,6215,0.1442,,,,4357,7229,7632,5108,0.7845,,,
6495,5981,6243,6112,0.1552,,,,4483,7557,7771,5222,0.7465,,,
6347,5825,6093,5921,0.1816,,,,4608,7730,8011,5355,0.7664,,,
6171,5657,5928,5745,0.1926,,,,4713,8063,8246,5522,0.733,,,
5997,5530,5756,5566,0.2785,,,,4876,8271,8568,5707,0.7372,,,
5813,5379,5648,5472,0.2858,,,,5034,8524,8835,5940,0.5747,,,
5680,5217,5493,5301,0.2964,,,,5156,8857,9108,6075,0.5959,,,
5514,5121,5331,5175,0.3389,,,,5285,9176,9479,6293,0.5976,,,
5401,4934,5223,5071,0.1639,,,,5429,9441,9689,6478,0.5831,,,
5264,4844,5066,4902,0.2012,,,,5637,9815,10047,6752,0.6074,,,
5088,4688,4934,4797,0.2725,,,,5782,10158,10462,6926,0.6168,,,
4977,4602,4829,4640,0.2937,,,,6003,10567,10762,7194,0.5324,,,
4897,4467,4689,4536,0.2683,,,,6223,10973,11156,7488,0.4452,,,
4723,4342,4532,4386,0.3748,,,,6381,11333,11643,7688,0.4934,,,
4588,4226,4450,4377,0.2527,,,,6634,11789,11997,7953,0.734,,,
4518,4080,4283,4204,0.2505,,,,6836,12230,12526,8315,0.7507,,,
4415,4035,4256,4127,0.2515,,,,7142,12800,12995,8613,0.5632,,,
4366,3886,4174,4030,0.1696,,,,7463,13246,13493,9040,0.3592,,,
4191,3824,3990,3907,0.354,,,,7631,13750,13999,9252,0.5121,,,
4114,3799,3947,3850,0.3337,,,,7958,14279,14586,9607,0.3582,,,
3971,3672,3851,3755,0.4334,,,,8314,14929,15163,10100,0.4702,,,
3895,3533,3770,3581,0.4268,,,,8563,15422,15777,10409,0.4729,,,
3803,3434,3659,3563,0.438,,,,8885,16211,16349,10798,0.3853,,,
3710,3422,3582,3457,0.1806,,,,9222,16892,17084,11199,0.8897,,,
3617,3308,3531,3366,0.2195,,,,9620,17552,17834,11681,0.7568,,,
3555,3255,3395,3337,0.2436,,,,10050,18444,18699,12285,0.6311,,,
3493,3183,3334,3282,0.2047,,,,10575,19130,19358,12774,0.361,,,
3344,3089,3306,3162,0.3639,,,,10901,19856,20174,13251,0.4049,,,
3305,3023,3218,3119,0.3016,,,,11298,20783,21002,13781,0.4967,,,
3233,2953,3134,2994,0.3606,,,,11752,21533,21915,14280,0.4395,,,
3141,2868,3008,2921,0.424,,,,12252,22603,22809,15005,0.6498,,,
3105,2798,3013,2880,0.4255,,,,12820,23414,23763,15544,0.5109,,,
3004,2734,2908,2806,0.5217,,,,13368,24489,24860,16227,0.4069,,,
2940,2704,2870,2769,0.5055,,,,13868,25676,25898,17012,0.3529,,,
2895,2656,2825,2698,0.4762,,,,14561,26793,27046,17769,0.6538,,,
2793,2606,2739,2600,0.6374,,,,15308,27972,28213,18630,0.4581,,,
2759,2545,2667,2619,0.6338,,,,15895,29210,29414,19376,0.4386,,,
2730,2546,2639,2577,0.582,,,,16530,30520,30671,20060,0.3819,,,
2644,2466,2564,2503,0.6907,,,,17409,31938,32129,21109,0.5133,,,
2636,2389,2558,2491,0.5872,,,,18018,33275,33403,21921,0.5446,,,
2569,2306,2498,2394,0.6549,,,,18727,34639,34907,22834,0.9369,,,
2506,2323,2446,2364,0.641,,,,19631,36092,36315,23785,0.7479,,,
2420,2273,2399,2297,0.8185,,,,20414,37545,37750,24816,0.761,,,
2378,2213,2343,2275,0.7833,,,,21266,39253,39441,25897,0.7078,,,
2355,2158,2278,2224,0.8785,,,,22200,40836,41123,27013,0.682,,,
2309,2106,2220,2157,0.5729,,,,23181,42621,42807,28144,0.5997,,,
2236,2089,2209,2124,0.7943,,,,24092,44288,44669,29276,0.6671,,,
2225,2048,2180,2101,0.5999,,,,25211,46203,46443,30456,0.5318,,,
2196,1998,2095,2035,0.648,,,,26161,48103,48386,31774,0.6299,,,
2115,1982,2096,2047,0.7859,,,,27300,50206,50182,33207,0.6089,,,
2071,1951,2033,1996,0.8357,,,,28476,52295,52241,34507,0.6095,,,
2051,1936,2014,1940,0.8969,,,,29576,54279,54330,35966,0.7316,,,
2047,1863,2030,1912,0.7187,,,,30773,56148,56437,37262,0.7855,,,
1972,1845,1953,1900,0.8529,,,,32109,58242,58561,38577,0.8144,,,
1953,1816,1909,1871,0.9447,,,,33510,60379,60830,40153,0.8797,,,
1902,1788,1890,1851,1,,,,34747,63100,63636,41530,0.5708,,,
55973,56734,56899,47557,0.2079,,,,3409,3586,3531,3325,0.7747,,,
53970,54596,54469,45680,0.1982,,,,3356,3604,3520,3349,1,,,
52034,52730,52239,44044,0.0379,,,,3421,3624,3565,3335,0.5099,,,
49870,50374,50198,41785,0.2386,,,,3429,3641,3579,3342,0.2069,,,
47751,48466,47855,39866,0.1546,,,,3424,3632,3593,3315,0.6167,,,
45842,46384,45707,38229,0.0651,,,,3405,3636,3559,3392,0.5084,,,
43845,44577,43739,36436,0.2942,,,,3448,3697,3600,3354,0.3274,,,
42018,42547,41737,34660,0.2272,,,,3382,3649,3576,3342,0.8648,,,
40235,40814,39855,33084,0.1693,,,,3408,3657,3582,3321,0.6288,,,
38622,39106,38081,31551,0.1057,,,,3437,3686,3606,3317,0.2973,,,
36953,37341,36262,29932,0.0758,,,,3432,3652,3613,3341,0.3896,,,
35358,35694,34570,28400,0.0595,,,,3463,3712,3605,3361,0.2874,,,
33852,34154,33011,27129,0.0264,,,,3475,3708,3625,3344,0.467,,,
32455,32721,31505,25847,0.1721,,,,3456,3745,3614,3373,0.4141,,,
31101,31294,30077,24481,0.1457,,,,3445,3752,3663,3344,0.5482,,,
29680,29848,28632,23426,0.1542,,,,3520,3785,3678,3369,0.1853,,,
28585,28639,27347,22316,0.1126,,,,3515,3806,3710,3357,0.1575,,,
27327,27405,26120,21347,0.1235,,,,3516,3828,3755,3420,0.3697,,,
26138,26147,24909,20246,0.1287,,,,3526,3886,3796,3441,0.3837,,,
25202,25225,23946,19430,0.0967,,,,3565,3894,3818,3450,0.207,,,
24147,24057,22771,18456,0.1033,,,,3616,4003,3846,3455,0.2435,,,
23158,23056,21778,17686,0.1096,,,,3602,4005,3867,3510,0.3484,,,
22238,22216,20886,16944,0.1226,,,,3644,4029,3893,3494,0.2761,,,
21429,21347,20039,16231,0.09,,,,3659,4097,3974,3546,0.439,,,
20573,20615,19207,15536,0.1893,,,,3696,4126,3973,3550,0.256,,,
19867,19875,18475,14961,0.1578,,,,3747,4208,4057,3577,0.2321,,,
19182,19048,17715,14310,0.1324,,,,3768,4213,4102,3605,0.2146,,,
18416,18490,17019,13828,0.1798,,,,3851,4299,4138,3610,0.0363,,,
17861,17876,16389,13411,0.1333,,,,3889,4355,4189,3739,0.1688,,,
17239,17095,15790,12863,0.2182,,,,3904,4439,4269,3734,0.1951,,,
16705,16682,15256,12365,0.1979,,,,3957,4467,4304,3769,0.2008,,,
16202,16030,14716,12016,0.1479,,,,3975,4546,4335,3824,0.2949,,,
15581,15537,14273,11629,0.1975,,,,4026,4618,4443,3845,0.1354,,,
15325,15120,13823,11317,0.0711,,,,4081,4648,4505,3876,0.1663,,,
14668,14569,13379,10869,0.1437,,,,4117,4771,4594,3884,0.1422,,,
14286,14185,12927,10589,0.1294,,,,4165,4825,4637,3962,0.1001,,,
13939,13827,12527,10324,0.0787,,,,4220,4916,4704,4019,0.1891,,,
13837,13615,12330,10201,0.0718,,,,4280,5008,4785,4078,0.1418,,,
13183,12977,11785,9697,0.1945,,,,4416,5145,4920,4177,0,,,
12745,12632,11536,9426,0.2158,,,,4370,5158,4893,4201,0.1498,,,
12475,12325,11249,9189,0.1379,,,,4473,5201,4941,4161,0.0176,,,
12114,11948,10940,8944,0.1816,,,,4518,5309,5019,4217,0.1435,,,
11879,11637,10557,8736,0.2679,,,,4576,5359,5138,4299,0.2466,,,
11621,11345,10419,8499,0.2186,,,,4643,5447,5169,4318,0.2053,,,
11287,11081,10146,8413,0.2137,,,,4671,5572,5283,4359,0.2235,,,
11099,10799,9923,8228,0.1402,,,,4722,5636,5382,4447,0.1737,,,
10772,10620,9647,7973,0.209,,,,4803,5755,5469,4467,0.1274,,,
10623,10449,9530,7863,0.2775,,,,4776,5854,5517,4494,0.3562,,,
10398,10115,9268,7684,0.2168,,,,4872,5904,5644,4587,0.2947,,,
10152,9903,9100,7559,0.2259,,,,4966,6049,5725,4652,0.1657,,,
9920,9657,8902,7444,0.2162,,,,5040,6117,5811,4700,0.1708,,,
9698,9504,8743,7313,0.2359,,,,5075,6215,5922,4716,0.2005,,,
9578,9327,8525,7172,0.1351,,,,5182,6333,6034,4819,0.1838,,,
9381,9111,8375,7015,0.2676,,,,5197,6502,6087,4846,0.2129,,,
9158,8912,8205,6913,0.2515,,,,5299,6584,6246,4849,0.1635,,,
9007,8777,8092,6821,0.2113,,,,5358,6658,6286,4941,0.1292,,,
8792,8623,7940,6681,0.2655,,,,5370,6839,6414,5003,0.1979,,,
8605,8415,7791,6686,0.2512,,,,5512,6924,6506,5088,0.1551,,,
8514,8262,7634,6453,0.2361,,,,5521,7055,6656,5141,0.2029,,,
8340,8089,7500,6465,0.1717,,,,5658,7176,6827,5198,0.2066,,,
8104,7892,7331,6359,0.2312,,,,5743,7287,6901,5310,0.1179,,,
8003,7851,7219,6268,0.2463,,,,5806,7412,7014,5346,0.1209,,,
7913,7723,7193,6185,0.1574,,,,5927,7677,7206,5438,0.1495,,,
7774,7518,7011,6114,0.0916,,,,5936,7789,7337,5497,0.1973,,,
7634,7405,6910,5997,0.1447,,,,6037,7960,7422,5572,0.1275,,,
7465,7342,6808,5945,0.1574,,,,6143,8076,7636,5654,0.1583,,,
7340,7189,6716,5855,0.1345,,,,6230,8304,7783,5752,0.1413,,,
7256,7073,6550,5789,0.1464,,,,6278,8446,7981,5760,0.1688,,,
7165,6938,6505,5709,0.0696,,,,6440,8601,8088,5973,0.1571,,,
7042,6865,6396,5617,0.1259,,,,6492,8893,8294,6028,0.1695,,,
6898,6743,6292,5546,0.1627,,,,6685,9015,8480,6096,0.1306,,,
6790,6665,6246,5411,0.1852,,,,6784,9216,8642,6194,0.1364,,,
6763,6600,6126,5432,0.1067,,,,6891,9480,8905,6352,0.1539,,,
6621,6442,6067,5328,0.1164,,,,6987,9709,9073,6465,0.1841,,,
6546,6335,5951,5323,0.0614,,,,7158,9917,9301,6512,0.1238,,,
6436,6260,5944,5286,0.1548,,,,7275,10202,9574,6706,0.1205,,,
6322,6182,5820,5246,0.1581,,,,7377,10460,9768,6792,0.1755,,,
6274,6152,5810,5187,0.1529,,,,7504,10759,10104,6964,0.168,,,
6196,6086,5660,5116,0.1206,,,,7707,11018,10243,7048,0.1528,,,
6091,5926,5657,5111,0.1378,,,,7832,11311,10601,7310,0.1601,,,
6030,5906,5595,5075,0.0871,,,,8040,11698,10907,7339,0.1217,,,
5952,5852,5491,5021,0.1247,,,,8158,11996,11149,7580,0.1048,,,
5906,5781,5472,5009,0.2066,,,,8293,12280,11535,7743,0.1376,,,
5863,5686,5413,4938,0,,,,8528,12707,11780,7901,0.1467,,,
5794,5671,5347,4957,0.0905,,,,8707,13114,12153,8142,0.1039,,,
5692,5582,5284,4841,0.1491,,,,8995,13484,12523,8303,0.0837,,,
5619,5524,5229,4907,0.2132,,,,9120,13899,12951,8549,0.1229,,,
5590,5510,5209,4808,0.2551,,,,9358,14312,13268,8777,0.1228,,,
5593,5508,5191,4820,0.0507,,,,9556,14805,13832,8929,0.1612,,,
5506,5400,5069,4790,0.0524,,,,9910,15359,14276,9252,0.0893,,,
5431,5305,5096,4704,0.1196,,,,10163,15777,14616,9551,0.0762,,,
5420,5325,5061,4714,0.054,,,,10358,16236,15136,9749,0.1114,,,
5336,5233,4949,4686,0.0714,,,,10637,16857,15700,10070,0.1153,,,
5286,5159,4998,4654,0.1371,,,,10886,17297,16169,10354,0.1219,,,
5241,5147,4946,4667,0.1622,,,,11238,17932,16765,10663,0.1135,,,
5214,5130,4932,4600,0.1091,,,,11506,18465,17341,10953,0.1384,,,
5171,5086,4888,4619,0.2386,,,,11799,19196,17897,11336,0.153,,,
5143,5078,4873,4619,0.1885,,,,12220,20028,18721,11829,0.1453,,,
5112,5018,4827,4529,0.0436,,,,12716,20676,19416,12191,0.0986,,,
5057,4988,4792,4519,0.134,,,,12945,21346,20009,12515,0.1397,,,
5012,4934,4764,4513,0.2102,,,,13355,22067,20735,12935,0.1456,,,
5004,4938,4729,4474,0.0992,,,,13667,22739,21589,13310,0.131,,,
4943,4844,4733,4484,0.1728,,,,14191,23661,22365,13858,0.1041,,,
4905,4832,4676,4470,0.3579,,,,14590,24649,23239,14363,0.127,,,
4887,4836,4643,4418,0.3635,,,,15115,25374,24150,14821,0.1344,,,
4907,4854,4645,4496,0.2074,,,,15605,26458,25048,15416,0.1488,,,
4815,4791,4648,4505,0.4061,,,,16148,27569,26112,16057,0.1531,,,
4816,4770,4612,4460,0.1754,,,,16778,28718,27197,16700,0.1381,,,
4793,4723,4598,4400,0.2128,,,,17278,29860,28378,17340,0.0893,,,
4801,4775,4600,4442,0.3633,,,,17873,30960,29460,18037,0.1064,,,
4772,4718,4587,4441,0.4067,,,,18648,32325,30793,18872,0.1016,,,
4794,4682,4601,4397,0.0996,,,,19121,33480,31919,19496,0.1179,,,
4706,4696,4545,4398,0.3828,,,,19788,34803,33301,20203,0.1312,,,
4715,4649,4553,4423,0.3017,,,,20546,36104,34571,21078,0.1412,,,
4730,4696,4563,4413,0.2532,,,,21237,37491,36044,21885,0.1129,,,
4656,4608,4555,4371,0.545,,,,21940,39077,37577,22815,0.1575,,,
4674,4587,4566,4356,0.5921,,,,22808,40628,39051,23832,0.0979,,,
4659,4594,4536,4395,0.339,,,,23610,42273,40721,24688,0.1435,,,
4607,4659,4528,4381,0.7945,,,,24478,43825,42578,25743,0.0741,,,
4618,4598,4524,4386,0.2354,,,,25359,45721,44199,26880,0.1226,,,
4602,4581,4486,4415,0.2856,,,,26299,47425,46110,27998,0.1483,,,
4607,4553,4509,4394,0.6061,,,,27391,49447,48031,29211,0.1735,,,
4583,4610,4516,4354,0.5779,,,,28482,51524,50067,30612,0.1254,,,
4568,4563,4519,4369,0.4578,,,,29590,53398,52129,31797,0.1661,,,
4544,4525,4442,4361,0.5801,,,,30631,55416,54371,33143,0.1311,,,
4526,4583,4492,4341,1,,,,31708,57372,56584,34369,0.0585,,,
4566,4523,4449,4402,0.2031,,,,32902,59445,58788,35760,0.1272,,,
60903,60818,58006,55510,0.1126,,,,34125,62358,61514,37207,0.0904,,,
58523,58663,55881,53700,0.1217,,,,5124,5318,5419,5205,0.3236,,,
56450,56653,53847,51886,0.0642,,,,5098,5336,5418,5214,0.4671,,,
54608,54873,51965,50327,0.0876,,,,5047,5307,5399,5173,0.4671,,,
52578,52923,49949,48298,0.1091,,,,5134,5315,5462,5209,0.1801,,,
50641,50825,48093,46400,0.0662,,,,5082,5326,5401,5163,0.1801,,,
48781,49024,46293,44681,0.1311,,,,5037,5322,5359,5170,0.6107,,,
46963,47333,44529,42975,0.0873,,,,5116,5318,5408,5131,0.6107,,,
45093,45475,42890,41152,0.0616,,,,5003,5281,5306,5136,0.6107,,,
43371,43738,41211,39433,0.1423,,,,4986,5244,5401,5143,0.6107,,,
41748,42180,39486,37969,0.1119,,,,5024,5249,5363,5143,0.5102,,,
40147,40349,38126,36383,0.0871,,,,4997,5187,5354,5042,0.9267,,,
38531,38643,36396,34923,0.0723,,,,4982,5241,5319,5030,0.6427,,,
37033,37244,35012,33490,0.0492,,,,4955,5204,5322,5036,0.9494,,,
35603,35899,33778,32185,0.0701,,,,4902,5168,5333,4953,0.2652,,,
34098,34371,32385,30858,0.0691,,,,4879,5161,5267,5034,0.8977,,,
32775,33103,31023,29532,0.1638,,,,4853,5165,5311,4982,0.8977,,,
31550,31854,29761,28489,0.1422,,,,4824,5151,5269,4951,0.7542,,,
30297,30626,28631,27380,0.1395,,,,4774,5105,5226,4885,0.7542,,,
29150,29489,27565,26170,0.1293,,,,4775,5141,5231,4931,0.7542,,,
28092,28422,26511,25340,0.1194,,,,4772,5108,5234,4902,0.9672,,,
26953,27191,25369,24167,0.1223,,,,4828,5038,5232,4901,0.1982,,,
25819,26187,24429,23252,0.1279,,,,4742,5076,5261,4894,0.7542,,,
24784,25155,23557,22267,0.1316,,,,4709,5048,5241,4829,0.823,,,
23882,24257,22490,21334,0.1275,,,,4699,5032,5185,4806,0.5185,,,
22973,23291,21680,20625,0.1219,,,,4667,5037,5150,4770,1,,,
21975,22280,20843,19723,0.1367,,,,4646,4994,5164,4765,0.2734,,,
21224,21451,20037,18888,0.1374,,,,4636,4976,5188,4768,0,,,
20348,20883,19301,18489,0.1498,,,,4613,5049,5232,4761,0.4737,,,
19659,20061,18580,17752,0.0858,,,,4607,5014,5168,4731,0.1791,,,
18777,19136,17834,16955,0.1064,,,,4645,5033,5207,4734,0.0646,,,
18113,18486,17219,16258,0.1136,,,,4542,5012,5116,4668,0.2038,,,
17406,17737,16525,15633,0.13,,,,4510,5027,5114,4685,0.5831,,,
16662,17034,15958,15128,0.0882,,,,4498,5009,5139,4666,0.6178,,,
16204,16583,15356,14593,0.0751,,,,4467,5029,5097,4639,0.3104,,,
15518,15883,14818,13928,0.1014,,,,4480,5008,5189,4613,0.2726,,,
14961,15268,14312,13562,0.1111,,,,4428,4958,5159,4602,0.4149,,,
14355,14761,13751,13066,0.1442,,,,4412,4979,5180,4621,0.3788,,,
14194,14444,13362,12773,0.0891,,,,4446,4993,5150,4563,0.2861,,,
13263,13579,12756,12051,0.1821,,,,4510,5120,5221,4630,0.054,,,
12769,13102,12295,11548,0.0802,,,,4356,4965,5161,4582,0.3908,,,
12326,12628,11906,11137,0.1016,,,,4371,5009,5174,4525,0.1145,,,
11885,12058,11518,10744,0.1237,,,,4292,5028,5192,4538,0.6202,,,
11474,11659,11076,10422,0.1277,,,,4358,5010,5182,4568,0.2374,,,
11055,11328,10640,10059,0.1531,,,,4337,5065,5227,4540,0.0868,,,
10638,10984,10375,9754,0.0759,,,,4290,5034,5231,4529,0.2269,,,
10316,10622,10027,9403,0.0854,,,,4351,5082,5267,4499,0.0327,,,
9941,10194,9609,9131,0.1015,,,,4301,5072,5261,4505,0.1606,,,
9649,9987,9393,8863,0.1085,,,,4299,5101,5307,4527,0.0292,,,
9292,9636,9038,8577,0.1616,,,,4249,5157,5406,4525,0.1274,,,
9060,9344,8846,8291,0.1498,,,,4227,5198,5406,4519,0.3771,,,
8803,9025,8562,8133,0.0638,,,,4252,5223,5411,4493,0.1653,,,
8481,8775,8340,7943,0.0955,,,,4278,5238,5535,4509,0.1331,,,
8282,8518,8090,7748,0.0808,,,,4298,5293,5543,4601,0.0423,,,
7998,8299,7851,7463,0.1332,,,,4353,5411,5550,4567,0.0051,,,
7843,8093,7677,7253,0.1145,,,,4315,5375,5603,4590,0.1713,,,
7595,7880,7514,7146,0.1598,,,,4291,5441,5667,4598,0.1807,,,
7433,7622,7331,6944,0.0603,,,,4309,5513,5707,4614,0.2262,,,
7227,7425,7166,6751,0.0901,,,,4350,5566,5842,4622,0.1517,,,
7049,7317,6941,6630,0.097,,,,4364,5637,5923,4631,0.1725,,,
6888,7108,6830,6478,0.0959,,,,4363,5737,5953,4658,0.1607,,,
6730,6980,6682,6261,0.1248,,,,4372,5752,6006,4672,0.1242,,,
6593,6864,6523,6264,0.1352,,,,4398,5854,6090,4752,0.1576,,,
6442,6575,6393,6063,0.1409,,,,4409,5997,6222,4794,0.176,,,
6299,6524,6272,5940,0.0753,,,,4410,6019,6314,4825,0.1663,,,
6171,6355,6091,5788,0.0941,,,,4452,6164,6427,4832,0.162,,,
6058,6248,6059,5721,0.091,,,,4497,6188,6541,4871,0.1434,,,
5853,6164,5884,5636,0.1484,,,,4517,6302,6597,4956,0.1863,,,
5832,6085,5783,5503,0.1051,,,,4536,6420,6760,4956,0.1731,,,
5704,5919,5743,5459,0.1292,,,,4566,6595,6921,4998,0.1715,,,
5604,5808,5625,5308,0.1417,,,,4614,6696,7052,5032,0.1455,,,
5512,5684,5483,5319,0.1429,,,,4633,6800,7138,5118,0.161,,,
5459,5627,5405,5203,0.1171,,,,4697,6966,7309,5147,0.1176,,,
5358,5535,5339,5089,0.1488,,,,4666,7047,7440,5231,0.1745,,,
5237,5393,5311,5037,0.1574,,,,4740,7198,7578,5279,0.1527,,,
5169,5341,5195,4966,0.1832,,,,4779,7371,7791,5317,0.2165,,,
5130,5235,5142,4899,0.1557,,,,4840,7537,7942,5420,0.2292,,,
5038,5235,5044,4876,0.1544,,,,4873,7699,8134,5407,0.2352,,,
4948,5110,4985,4741,0.2016,,,,4989,7901,8360,5548,0.1524,,,
4938,5022,4956,4707,0.2012,,,,5036,8147,8533,5688,0.1757,,,
4800,5002,4853,4660,0.01,,,,5091,8314,8752,5691,0.2141,,,
4740,4908,4807,4593,0.0362,,,,5075,8484,8984,5798,0.226,,,
4679,4829,4738,4512,0.0419,,,,5221,8715,9203,5881,0.1773,,,
4640,4776,4677,4547,0.01,,,,5292,8957,9429,6025,0.1705,,,
4606,4729,4635,4402,0.0037,,,,5282,9257,9699,6151,0.211,,,
4510,4698,4559,4364,0.0416,,,,5456,9527,9994,6219,0.1504,,,
4448,4629,4528,4301,0.07,,,,5528,9798,10253,6305,0.1463,,,
4445,4615,4475,4308,0,,,,5559,10106,10583,6433,0.182,,,
4380,4515,4425,4263,0.0138,,,,5690,10412,10952,6578,0.1461,,,
4312,4462,4400,4239,0.1293,,,,5771,10773,11205,6762,0.1481,,,
4272,4400,4354,4149,0.0882,,,,5923,11168,11605,6908,0.1528,,,
4245,4380,4274,4123,0.0919,,,,6018,11435,11958,7039,0.1427,,,
4218,4315,4191,4098,0.1019,,,,6128,11809,12408,7222,0.1504,,,
4126,4240,4167,4021,0.0773,,,,6382,12236,12812,7413,0.1684,,,
4099,4198,4078,4044,0.0641,,,,6349,12612,13208,7531,0.21,,,
4014,4181,4129,3984,0.1999,,,,6662,13112,13685,7710,0.1332,,,
3946,4128,4061,3926,0.2716,,,,6738,13582,14152,7964,0.1751,,,
3965,4112,4045,3901,0.2532,,,,6866,14187,14688,8277,0.1854,,,
3948,4022,4046,3925,0.1125,,,,7136,14781,15381,8501,0.1596,,,
3865,4018,3985,3807,0.1998,,,,7320,15389,15931,8738,0.1738,,,
3853,3979,3922,3806,0.1259,,,,7477,15859,16419,8938,0.1821,,,
3849,3934,3875,3775,0.1122,,,,7620,16519,17095,9233,0.1952,,,
3749,3890,3797,3746,0.2935,,,,7914,17157,17859,9569,0.1735,,,
3751,3863,3823,3688,0.1634,,,,8245,17960,18585,9857,0.1825,,,
3734,3832,3774,3698,0.0886,,,,8456,18740,19285,10210,0.1851,,,
3719,3797,3753,3655,0.1325,,,,8751,19460,20131,10616,0.1678,,,
3647,3759,3764,3619,0.3316,,,,9093,20533,21082,11013,0.2,,,
3638,3740,3721,3631,0.359,,,,9476,21471,22115,11474,0.1839,,,
3603,3720,3677,3575,0.3353,,,,9855,22428,23116,11926,0.1738,,,
3547,3688,3654,3570,0.3432,,,,10203,23584,24214,12428,0.1667,,,
3577,3652,3620,3562,0.2411,,,,10571,24584,25277,12913,0.2009,,,
3547,3611,3609,3541,0.2517,,,,11037,25946,26518,13563,0.1877,,,
3480,3615,3557,3496,0.4939,,,,11502,27101,27746,14009,0.1755,,,
3448,3561,3546,3442,0.4752,,,,11978,28389,29027,14567,0.1718,,,
3422,3521,3467,3441,0.5218,,,,12424,29659,30426,15289,0.1736,,,
3408,3492,3514,3446,0.4448,,,,13017,31166,31998,15975,0.202,,,
3409,3503,3498,3422,0.2698,,,,13586,32730,33551,16738,0.1946,,,
3324,3449,3441,3371,0.5906,,,,14201,34504,35175,17493,0.1843,,,
3339,3436,3455,3353,0.4285,,,,14871,36195,36936,18305,0.1751,,,
3316,3382,3390,3285,0.7244,,,,15515,37863,38793,19145,0.1786,,,
3280,3384,3356,3295,0.5502,,,,16274,39851,40675,20073,0.1764,,,
3271,3348,3347,3302,0.4583,,,,17025,41881,42736,20917,0.1702,,,
3250,3385,3348,3291,0.799,,,,17945,43999,44814,22099,0.1528,,,
3226,3324,3301,3241,0.6793,,,,18788,46353,47175,23186,0.1617,,,
3196,3271,3293,3230,0.5109,,,,19677,48521,49506,24218,0.1636,,,
3166,3255,3268,3215,0.5503,,,,20612,50758,51906,25439,0.1661,,,
3154,3263,3259,3208,1,,,,21496,53186,54316,26548,0.1869,,,
3107,3195,3226,3188,0.9884,,,,22628,55699,56917,27775,0.1921,,,
57637,60683,59148,55990,0.259,,,,23634,58310,59744,29061,0.212,,,
55368,58343,56890,53951,0.3191,,,,2319,2493,2635,2460,0.4889,,,
53274,56380,54615,52064,0.2449,,,,2350,2474,2705,2452,0.6166,,,
51363,54549,52557,50198,0.2522,,,,2312,2451,2637,2414,0.6166,,,
49296,52302,50577,47911,0.2799,,,,2321,2490,2712,2412,0.425,,,
47358,50121,48538,45905,0.3089,,,,2299,2486,2692,2446,0.425,,,
45485,48290,46541,44184,0.2621,,,,2309,2516,2673,2425,0.7444,,,
43536,46366,44637,42467,0.3077,,,,2323,2529,2711,2447,0.7444,,,
41780,44516,42918,40345,0.265,,,,2315,2534,2711,2431,0.7444,,,
40045,42628,40992,38640,0.2302,,,,2299,2469,2719,2435,0.7444,,,
38548,40953,39492,37142,0.2626,,,,2293,2499,2743,2370,0.7444,,,
36918,39275,37861,35401,0.238,,,,2325,2516,2737,2449,1,,,
35546,37542,36275,33959,0.3201,,,,2286,2489,2719,2416,1,,,
33974,35839,34787,32457,0.3018,,,,2294,2510,2751,2436,1,,,
32689,34640,33313,31035,0.2674,,,,2271,2513,2761,2406,1,,,
31275,33194,31961,29815,0.2516,,,,2276,2532,2761,2433,1,,,
30034,31819,30722,28453,0.2252,,,,2297,2494,2770,2423,1,,,
28879,30623,29365,27329,0.3238,,,,2279,2537,2772,2446,0.8722,,,
27743,29326,28202,26202,0.3082,,,,2280,2544,2825,2433,0.8722,,,
26491,28128,27017,25111,0.3009,,,,2281,2509,2806,2408,0.8722,,,
25553,27160,25983,24193,0.2649,,,,2260,2538,2812,2449,0.8722,,,
24454,25884,24894,23157,0.2643,,,,2283,2545,2851,2472,0.8722,,,
23512,24840,23871,22100,0.2484,,,,2261,2594,2863,2478,0.8722,,,
22469,23852,22900,21166,0.252,,,,2245,2582,2912,2446,0.8722,,,
21615,22816,21973,20291,0.2367,,,,2265,2572,2891,2455,0.8722,,,
20708,22111,21115,19460,0.2415,,,,2256,2606,2910,2489,0.8722,,,
19890,21082,20170,18764,0.2342,,,,2300,2633,2951,2417,0.8722,,,
18999,20300,19520,17917,0.2434,,,,2246,2646,2967,2478,0.8722,,,
18283,19587,18673,17245,0.2394,,,,2277,2639,2973,2477,0.7444,,,
17545,18827,17923,16649,0.231,,,,2274,2643,3007,2502,0.7444,,,
16803,17893,17194,15870,0.2422,,,,2281,2673,3022,2519,0.7444,,,
16228,17264,16466,15243,0.2279,,,,2218,2678,3028,2488,0.7444,,,
15545,16481,15889,14607,0.2411,,,,2231,2706,3085,2499,0.7444,,,
14871,15808,15249,13960,0.2521,,,,2287,2689,3116,2505,0.2584,,,
14366,15335,14644,13641,0.25,,,,2249,2698,3128,2519,0.3758,,,
13670,14755,14096,12928,0.2715,,,,2274,2719,3164,2517,0.9171,,,
13153,13983,13568,12429,0.2776,,,,2278,2740,3206,2539,0.0231,,,
12715,13581,12980,12025,0.2638,,,,2283,2751,3236,2571,0.0806,,,
12439,13223,12725,11784,0.2256,,,,2264,2848,3284,2571,0.116,,,
11690,12376,12087,11070,0.303,,,,2320,2850,3379,2594,0,,,
11138,11983,11629,10634,0.3317,,,,2266,2835,3319,2554,0.256,,,
10869,11462,11193,10249,0.3,,,,2279,2877,3375,2589,0.0094,,,
10409,11071,10815,9871,0.3326,,,,2277,2890,3469,2581,0.0589,,,
9947,10694,10420,9534,0.3642,,,,2288,2936,3496,2639,0.132,,,
9606,10271,10069,9159,0.3658,,,,2314,2932,3555,2649,0.0125,,,
9286,9870,9661,8840,0.3528,,,,2278,2978,3575,2633,0.1547,,,
8870,9554,9324,8556,0.3984,,,,2280,3032,3628,2673,0.0032,,,
8592,9177,8995,8280,0.193,,,,2275,3025,3689,2658,0.0998,,,
8265,8879,8684,7958,0.2155,,,,2307,3081,3730,2707,0.4355,,,
8003,8557,8404,7732,0.2197,,,,2353,3130,3804,2769,0.3108,,,
7712,8286,8185,7479,0.2332,,,,2347,3166,3879,2714,0.3682,,,
7447,7972,7890,7197,0.2311,,,,2328,3230,3919,2758,0.4148,,,
7172,7725,7582,6960,0.2608,,,,2341,3233,3997,2794,0.275,,,
6966,7502,7378,6771,0.271,,,,2345,3319,4108,2876,0.3387,,,
6752,7237,7083,6590,0.2754,,,,2357,3415,4143,2859,0.4076,,,
6480,6957,6843,6362,0.1679,,,,2372,3425,4271,2855,0.3708,,,
6234,6723,6675,6101,0.1996,,,,2388,3530,4316,2904,0.2551,,,
6112,6514,6448,5946,0.1905,,,,2407,3537,4404,2951,0.2429,,,
5886,6358,6343,5769,0.2182,,,,2393,3577,4520,2959,0.3622,,,
5665,6117,6056,5589,0.2504,,,,2453,3681,4588,3072,0.2404,,,
5531,5891,5892,5481,0.2438,,,,2417,3710,4667,3031,0.326,,,
5312,5720,5749,5311,0.2947,,,,2473,3809,4834,3122,0.2419,,,
5159,5618,5512,5170,0.2896,,,,2482,3886,4916,3129,0.2679,,,
5002,5416,5442,5007,0.3196,,,,2491,3972,5069,3163,0.2277,,,
4829,5227,5222,4847,0.3438,,,,2487,4044,5219,3170,0.2874,,,
4684,5087,5131,4697,0.3576,,,,2493,4145,5323,3267,0.3951,,,
4565,4894,4927,4598,0.3643,,,,2541,4238,5465,3293,0.3278,,,
4420,4772,4835,4428,0.3936,,,,2560,4368,5614,3333,0.3265,,,
4310,4650,4651,4326,0.4274,,,,2623,4419,5785,3385,0.2684,,,
4189,4537,4562,4207,0.4601,,,,2613,4539,5897,3488,0.3507,,,
4052,4372,4409,4142,0.1831,,,,2619,4669,6051,3465,0.3879,,,
3977,4259,4316,4028,0.1853,,,,2686,4789,6242,3574,0.3042,,,
3828,4102,4230,3924,0.2313,,,,2676,4858,6374,3594,0.3594,,,
3752,4055,4106,3832,0.244,,,,2695,5087,6576,3641,0.3482,,,
3645,3940,3974,3755,0.2615,,,,2757,5137,6714,3764,0.3245,,,
3573,3807,3878,3664,0.2763,,,,2815,5350,6911,3764,0.2797,,,
3469,3728,3814,3556,0.3088,,,,2812,5436,7127,3885,0.3257,,,
3326,3615,3669,3452,0.4057,,,,2861,5534,7377,3932,0.304,,,
3331,3538,3601,3459,0.3296,,,,2875,5758,7568,4010,0.4623,,,
3224,3454,3547,3319,0.3993,,,,2994,5988,7843,4108,0.3866,,,
3160,3373,3455,3232,0.3324,,,,3012,6109,8023,4193,0.4201,,,
3087,3295,3403,3192,0.4352,,,,3041,6244,8245,4248,0.3817,,,
3011,3224,3346,3154,0.2191,,,,3098,6448,8537,4341,0.4209,,,
2952,3147,3192,3123,0.2389,,,,3119,6606,8791,4456,0.4575,,,
2864,3082,3198,3050,0.2419,,,,3176,6917,9013,4551,0.4537,,,
2835,3039,3112,2980,0.2757,,,,3261,7162,9399,4657,0.4014,,,
2797,3015,3030,2935,0.3121,,,,3305,7401,9676,4753,0.4373,,,
2726,2939,3005,2857,0.3136,,,,3362,7594,9919,4860,0.4579,,,
2655,2834,2942,2827,0.2995,,,,3460,7851,10296,4979,0.4162,,,
2631,2825,2926,2788,0.4071,,,,3526,8121,10671,5168,0.395,,,
2565,2757,2845,2727,0.5073,,,,3594,8488,11078,5281,0.4404,,,
2512,2742,2826,2717,0.4596,,,,3664,8668,11407,5364,0.4535,,,
2508,2656,2764,2662,0.3974,,,,3709,8982,11781,5556,0.4516,,,
2449,2626,2711,2603,0.4647,,,,3858,9387,12280,5698,0.42,,,
2425,2578,2690,2594,0.3742,,,,3951,9664,12648,5841,0.4223,,,
2374,2532,2602,2536,0.5844,,,,4038,10091,13047,6033,0.415,,,
2322,2495,2556,2482,0.0673,,,,4156,10494,13541,6186,0.4381,,,
2288,2479,2577,2461,0.0907,,,,4245,10860,14051,6407,0.4359,,,
2286,2421,2510,2474,0.0082,,,,4435,11418,14676,6670,0.4079,,,
2223,2358,2472,2364,0.127,,,,4513,11863,15240,6879,0.4267,,,
2205,2313,2425,2378,0.0908,,,,4676,12275,15733,7054,0.4202,,,
2175,2320,2382,2304,0,,,,4785,12824,16444,7304,0.4331,,,
2089,2281,2370,2309,0.4146,,,,4966,13364,17158,7501,0.4112,,,
2090,2223,2303,2249,0.2934,,,,5202,13988,17894,7795,0.4085,,,
2056,2217,2275,2209,0.2704,,,,5361,14613,18644,8021,0.4139,,,
2075,2217,2268,2204,0.1155,,,,5544,15205,19454,8370,0.4114,,,
2027,2139,2256,2164,0.3615,,,,5799,15949,20262,8732,0.397,,,
1989,2126,2250,2186,0.4412,,,,6059,16741,21180,9101,0.3957,,,
1977,2116,2188,2153,0.3655,,,,6274,17691,22092,9494,0.401,,,
1981,2094,2138,2124,0.1904,,,,6553,18517,23217,9883,0.3924,,,
1915,2037,2137,2108,0.3725,,,,6814,19329,24296,10285,0.3918,,,
1867,2012,2115,2078,0.9578,,,,7199,20535,25431,10807,0.3674,,,
1862,1975,2057,2034,0.6112,,,,7517,21476,26669,11256,0.3764,,,
1878,1979,2053,1985,0.3906,,,,7833,22509,28033,11745,0.3748,,,
1846,1972,2033,1989,0.4567,,,,8289,23683,29301,12283,0.3555,,,
1827,1936,2063,1994,0.3221,,,,8583,24948,30698,12873,0.4155,,,
1794,1919,2002,1991,0.7199,,,,9096,26284,32335,13512,0.3922,,,
1808,1883,1932,1982,0.3839,,,,9608,27691,34134,14202,0.3864,,,
1740,1867,1963,1956,1,,,,10098,29380,35702,14952,0.3831,,,
1782,1853,1938,1897,0.4953,,,,10670,30814,37688,15671,0.3749,,,
1739,1866,1939,1881,0.7202,,,,11300,32634,39733,16452,0.3652,,,
1743,1822,1923,1855,0.536,,,,11891,34338,41749,17329,0.3824,,,
1708,1812,1884,1893,0.8445,,,,12609,36409,43954,18178,0.3718,,,
1699,1822,1879,1871,0.7036,,,,13322,38449,46383,19224,0.3696,,,
1681,1780,1830,1840,0.757,,,,14096,40598,48711,20279,0.365,,,
1683,1788,1844,1808,0.1651,,,,14887,42658,51335,21274,0.3661,,,
1638,1729,1823,1805,0.2734,,,,15682,44901,54042,22338,0.3687,,,
1638,1744,1800,1802,0.2734,,,,16597,47422,56652,23548,0.3786,,,
57158,58992,58440,57825,0.4035,,,,17586,49940,59703,24744,0.3782,,,
55061,56869,56099,55827,0.2882,,,,2002,2112,2291,2048,0.3716,,,
53006,54923,53856,53712,0.3878,,,,1958,2106,2331,2066,0.4954,,,
51005,52965,51788,51941,0.2926,,,,1993,2111,2311,2076,0.4954,,,
48926,50878,49799,49685,0.4942,,,,1959,2098,2394,2050,0.2477,,,
47098,48879,47755,47578,0.3988,,,,2009,2071,2340,2051,0.2477,,,
45286,47111,45829,45680,0.3185,,,,1931,2142,2327,2019,0.6193,,,
43364,45251,44039,43852,0.4118,,,,1972,2156,2342,2118,0.6193,,,
41685,43393,42266,42015,0.4792,,,,1968,2137,2397,1988,0.6193,,,
39971,41767,40661,40268,0.4274,,,,1946,2137,2348,2051,0.6193,,,
38483,40368,38846,38590,0.3606,,,,1942,2167,2378,2066,0.6193,,,
36939,38622,37390,36879,0.4553,,,,1943,2115,2402,2056,0.867,,,
35524,37052,35946,35300,0.3969,,,,1995,2119,2406,2046,0.867,,,
34270,35724,34420,33908,0.4672,,,,1978,2120,2402,2086,0.867,,,
33089,34320,33110,32610,0.388,,,,1965,2121,2404,2047,0.867,,,
31584,32916,31781,31110,0.4685,,,,1966,2156,2420,2083,0.867,,,
30481,31470,30472,29770,0.4,,,,2008,2169,2455,2097,0.9,,,
29314,30499,29251,28650,0.3744,,,,1973,2136,2507,2041,0.6696,,,
28193,29267,28104,27433,0.3353,,,,1947,2169,2482,2076,0.7431,,,
27170,28054,27044,26348,0.2977,,,,1945,2199,2479,2052,0.7431,,,
26195,27048,26002,25275,0.4455,,,,1944,2188,2511,2112,0.7431,,,
25058,25961,24886,24111,0.4657,,,,1953,2174,2531,2119,0.7431,,,
24158,24919,23846,23173,0.4209,,,,1929,2207,2542,2087,0.7431,,,
23203,23886,22881,22175,0.407,,,,1961,2186,2594,2091,0.7431,,,
22233,22985,21873,21281,0.4142,,,,1974,2189,2604,2121,0.7431,,,
21403,22179,21047,20414,0.3927,,,,1949,2222,2656,2130,0.7431,,,
20521,21165,20109,19562,0.4031,,,,1916,2254,2644,2083,0.7431,,,
19781,20366,19354,18687,0.3826,,,,1962,2214,2627,2108,0.7431,,,
19028,19750,18535,18135,0.3713,,,,1925,2258,2700,2097,0.6193,,,
18344,19007,17926,17331,0.3563,,,,1962,2206,2688,2146,0.7569,,,
17464,18083,17104,16525,0.3927,,,,1978,2298,2756,2125,0.5155,,,
16958,17426,16386,15874,0.36,,,,1963,2299,2767,2162,0.2068,,,
16199,16763,15897,15225,0.3999,,,,1965,2297,2753,2143,0.8036,,,
15531,16037,15232,14584,0.4122,,,,1972,2289,2832,2155,0.8593,,,
15118,15633,14733,14196,0.3725,,,,1941,2345,2803,2166,1,,,
14478,14928,13968,13488,0.3967,,,,1990,2316,2899,2193,0.7759,,,
13900,14403,13483,13027,0.4225,,,,1989,2326,2878,2173,0.5438,,,
13435,13881,12929,12502,0.4001,,,,1953,2385,2947,2184,0,,,
13155,13542,12650,12229,0.331,,,,1980,2426,3034,2176,0.526,,,
12390,12729,12108,11455,0.4355,,,,2033,2420,2999,2211,0.2029,,,
11880,12290,11535,10998,0.2996,,,,1963,2443,3044,2166,0.4812,,,
11454,11742,11183,10548,0.3079,,,,1975,2445,3088,2196,0.4606,,,
11085,11347,10779,10208,0.2947,,,,1990,2444,3089,2195,0.3691,,,
10681,10947,10402,9840,0.3204,,,,1981,2452,3187,2215,0.3483,,,
10343,10600,10026,9442,0.3149,,,,1986,2508,3222,2294,0.5105,,,
9878,10231,9649,9152,0.3716,,,,1967,2473,3255,2247,0.7048,,,
9566,9878,9336,8791,0.3477,,,,2017,2543,3303,2270,0.3397,,,
9257,9486,8961,8440,0.3638,,,,2023,2571,3316,2265,0.1519,,,
8921,9211,8691,8188,0.4058,,,,1949,2545,3397,2264,0.748,,,
8605,8905,8397,7941,0.4009,,,,1983,2586,3425,2355,0.8156,,,
8405,8638,8136,7666,0.3842,,,,2017,2656,3553,2339,0.3049,,,
8128,8280,7897,7389,0.3983,,,,1969,2669,3605,2317,0.8292,,,
7806,8041,7595,7209,0.4179,,,,2001,2689,3654,2367,0.6148,,,
7580,7749,7377,6899,0.4002,,,,2015,2758,3762,2410,0.3421,,,
7343,7502,7139,6719,0.4193,,,,2070,2763,3769,2421,0.1242,,,
7095,7331,6888,6490,0.4529,,,,2080,2798,3849,2440,0.1633,,,
6866,7033,6712,6273,0.4616,,,,2056,2834,3947,2450,0.3045,,,
6641,6835,6468,6072,0.3338,,,,2044,2962,3995,2486,0.3227,,,
6432,6624,6389,5990,0.3494,,,,2044,2917,4113,2502,0.3741,,,
6246,6425,6086,5709,0.3656,,,,2042,2916,4166,2488,0.397,,,
6054,6212,5957,5571,0.3729,,,,2118,3026,4271,2529,0.2427,,,
5879,6027,5771,5378,0.3672,,,,2136,3052,4398,2595,0.1944,,,
5644,5906,5582,5270,0.4654,,,,2101,3110,4481,2611,0.2469,,,
5523,5744,5454,5099,0.422,,,,2118,3160,4547,2617,0.3419,,,
5371,5543,5299,4898,0.4257,,,,2094,3223,4691,2649,0.3532,,,
5209,5346,5132,4851,0.4516,,,,2142,3274,4746,2736,0.2561,,,
5041,5161,5033,4593,0.5156,,,,2159,3336,4900,2733,0.2555,,,
4920,5042,4835,4526,0.5142,,,,2170,3381,5039,2767,0.3262,,,
4761,4875,4747,4406,0.5367,,,,2156,3412,5163,2824,0.384,,,
4615,4777,4568,4330,0.4956,,,,2172,3501,5317,2805,0.34,,,
4510,4604,4464,4203,0.2815,,,,2202,3591,5422,2905,0.1883,,,
4362,4504,4334,4087,0.3074,,,,2212,3680,5544,2883,0.3224,,,
4242,4345,4261,3957,0.3099,,,,2222,3722,5727,2976,0.3007,,,
4125,4260,4142,3851,0.3975,,,,2247,3840,5885,2985,0.2605,,,
4030,4151,4055,3781,0.3882,,,,2260,3838,6027,3059,0.3617,,,
3941,4031,3936,3660,0.3637,,,,2315,3979,6162,3108,0.2854,,,
3774,3931,3778,3632,0.4955,,,,2318,4056,6354,3173,0.2789,,,
3710,3846,3694,3504,0.4189,,,,2313,4227,6630,3208,0.3508,,,
3636,3748,3633,3430,0.4226,,,,2385,4327,6814,3290,0.2304,,,
3532,3629,3545,3374,0.4973,,,,2387,4381,7017,3318,0.267,,,
3452,3581,3441,3311,0.5144,,,,2434,4526,7253,3473,0.2745,,,
3362,3439,3434,3202,0.5153,,,,2437,4618,7504,3481,0.3075,,,
3256,3377,3332,3127,0.5857,,,,2453,4790,7725,3557,0.2999,,,
3223,3374,3246,3068,0.2107,,,,2527,4946,7983,3639,0.2625,,,
3123,3256,3187,3041,0.2735,,,,2528,5039,8176,3729,0.3103,,,
3072,3183,3090,2953,0.2043,,,,2576,5256,8529,3859,0.3003,,,
3030,3136,3067,2882,0.2489,,,,2635,5364,8804,3940,0.2489,,,
2948,3047,3000,2845,0.2988,,,,2654,5580,9169,3988,0.3076,,,
2843,2995,2961,2771,0.4049,,,,2731,5733,9393,4100,0.2812,,,
2860,2962,2887,2772,0.3349,,,,2788,5948,9845,4222,0.2783,,,
2714,2868,2837,2667,0.4495,,,,2807,6205,10200,4347,0.2736,,,
2715,2852,2809,2603,0.4199,,,,2799,6398,10535,4477,0.2892,,,
2684,2756,2739,2660,0.3262,,,,2924,6587,10998,4629,0.2617,,,
2616,2745,2675,2526,0.3919,,,,2992,6832,11390,4720,0.2353,,,
2550,2653,2625,2531,0.505,,,,3112,7073,11847,4868,0.2065,,,
2518,2617,2608,2461,0.5268,,,,3104,7402,12348,4991,0.2709,,,
2450,2554,2533,2447,0.59,,,,3221,7692,12831,5211,0.2542,,,
2412,2492,2553,2389,0.6039,,,,3267,7957,13329,5382,0.27,,,
2382,2501,2466,2383,0.6741,,,,3373,8340,13990,5557,0.2593,,,
2346,2444,2457,2313,0.5593,,,,3505,8701,14569,5805,0.2525,,,
2285,2399,2383,2322,0.1306,,,,3525,8954,15164,5908,0.2702,,,
2270,2348,2345,2230,0.0479,,,,3664,9366,15794,6130,0.2711,,,
2239,2345,2301,2217,0.0208,,,,3770,9666,16464,6334,0.2654,,,
2163,2280,2269,2175,0.1755,,,,3865,10196,17249,6603,0.2702,,,
2156,2231,2268,2168,0.1622,,,,4043,10575,18029,6843,0.2498,,,
2119,2179,2246,2118,0.2068,,,,4152,11122,18799,7062,0.2669,,,
2107,2183,2182,2119,0.2618,,,,4295,11532,19741,7425,0.2677,,,
2041,2176,2171,2085,0.3367,,,,4471,12139,20629,7717,0.2696,,,
2044,2150,2177,2053,0.2046,,,,4621,12785,21512,8120,0.266,,,
2057,2079,2108,2067,0,,,,4839,13327,22574,8463,0.2482,,,
1978,2090,2112,2040,0.3978,,,,5007,13992,23602,8747,0.2477,,,
1934,2039,2076,2003,0.4248,,,,5247,14697,24880,9191,0.251,,,
1933,2030,2060,1986,0.3376,,,,5370,15449,25922,9571,0.2308,,,
1900,2012,2031,1926,0.457,,,,5582,16124,27116,9998,0.2351,,,
1896,1981,1964,1927,0.3928,,,,5806,16891,28414,10374,0.2431,,,
1886,1956,1980,1927,0.3057,,,,6083,17787,29820,10874,0.2387,,,
1876,1918,1981,1874,0.2935,,,,6361,18666,31309,11414,0.2363,,,
1813,1901,1910,1873,0.6396,,,,6641,19664,32979,12019,0.242,,,
1776,1851,1899,1838,0.554,,,,7028,20593,34630,12554,0.2297,,,
1767,1845,1887,1804,0.6351,,,,7261,21651,36364,13152,0.2465,,,
1744,1832,1866,1816,0.9193,,,,7635,22808,38209,13826,0.2487,,,
1713,1816,1840,1777,0.6621,,,,7996,23991,40149,14454,0.2607,,,
1703,1793,1849,1764,1,,,,8376,25331,42143,15220,0.2589,,,
1707,1815,1825,1767,0.8425,,,,8840,26700,44411,16017,0.2644,,,
1668,1765,1794,1724,0.9983,,,,9319,28096,46550,16828,0.2653,,,
1674,1732,1763,1727,0.5966,,,,9769,29512,48996,17631,0.26,,,
1658,1747,1776,1731,0.9511,,,,10304,31019,51405,18438,0.2596,,,
1638,1715,1760,1678,0.6373,,,,10893,32595,54020,19316,0.2668,,,
58279,60423,52872,51159,0.2202,,,,11437,34416,56615,20407,0.2443,,,
56629,58378,51094,49316,0.2202,,,,2400,2674,2623,2315,1,,,
54924,56634,49292,47758,0.2202,,,,2448,2667,2622,2314,0.937,,,
53368,55037,47620,46208,0.2202,,,,2497,2739,2681,2309,0.7753,,,
51584,53079,45932,44260,0.2202,,,,2477,2707,2691,2366,0.9001,,,
49904,51314,44308,42565,0.2202,,,,2518,2775,2677,2339,0.7319,,,
48250,49415,42837,40938,0.2202,,,,2522,2805,2747,2380,0.8599,,,
46819,47886,41080,39374,0.2202,,,,2539,2838,2768,2436,0.8174,,,
45259,45965,39574,37676,0.2202,,,,2558,2857,2777,2401,0.9239,,,
43700,44505,38199,36328,0.2202,,,,2598,2868,2808,2389,0.5731,,,
42339,43090,36748,34987,0.2202,,,,2615,2900,2861,2428,0.7389,,,
41045,41443,35531,33506,0.2202,,,,2653,2933,2822,2465,0.788,,,
39485,39919,34222,32221,0.2202,,,,2623,2970,2914,2507,0.7914,,,
38216,38685,32948,31087,0.2202,,,,2648,3020,2969,2482,0.8174,,,
37041,37454,31789,29921,0.2202,,,,2694,3010,2914,2503,0.732,,,
35789,36097,30571,28699,0.2202,,,,2737,3059,3030,2553,0.7702,,,
34667,34847,29494,27645,0.2202,,,,2710,3127,3059,2558,0.8395,,,
33593,33854,28551,26678,0.2202,,,,2812,3179,3056,2621,0.6386,,,
32380,32761,27532,25678,0.2202,,,,2821,3196,3080,2605,0.72,,,
31448,31680,26459,24803,0.2202,,,,2839,3286,3127,2644,0.7169,,,
30549,30694,25706,23960,0.2202,,,,2857,3271,3178,2647,0.6428,,,
29443,29614,24666,22987,0.2202,,,,2934,3322,3241,2699,0.519,,,
28565,28577,23862,22161,0.2202,,,,2942,3376,3246,2707,0.5687,,,
27676,27687,23069,21288,0.2202,,,,2947,3421,3307,2727,0.6124,,,
26834,26750,22266,20511,0.2202,,,,2995,3480,3378,2734,0.6221,,,
25996,25893,21409,19848,0.2202,,,,3040,3524,3331,2761,0.5245,,,
25096,25008,20781,19093,0.2202,,,,3043,3554,3464,2761,0.6653,,,
24379,24172,20031,18414,0.2202,,,,3067,3595,3470,2843,0.56,,,
23584,23499,19356,17897,0.2202,,,,3106,3700,3497,2865,0.5764,,,
22925,22696,18787,17274,0.2202,,,,3175,3694,3599,2900,0.5357,,,
22123,21864,18058,16467,0.2202,,,,3199,3772,3605,2964,0.4994,,,
21470,21216,17472,15922,0.2202,,,,3236,3836,3610,2941,0.5552,,,
20698,20436,16951,15376,0.2202,,,,3270,3905,3744,2996,0.5775,,,
20122,19818,16289,14855,0.2202,,,,3304,3967,3707,3019,0.4814,,,
19567,19279,15862,14404,0.2202,,,,3325,4051,3831,3062,0.5182,,,
18874,18526,15306,13831,0.2202,,,,3409,4098,3870,3114,0.4532,,,
18389,17955,14799,13401,0.2202,,,,3392,4142,3934,3127,0.4888,,,
17835,17562,14301,13041,0.2202,,,,3449,4200,4013,3160,0.5078,,,
17542,17210,14002,12773,0.2202,,,,3526,4320,4093,3222,0.3951,,,
16650,16270,13380,12039,0.2202,,,,3608,4391,4187,3258,0.4423,,,
16138,15746,12955,11699,0.2202,,,,3636,4417,4267,3248,0.4012,,,
15707,15265,12570,11272,0.2202,,,,3711,4503,4248,3369,0.3662,,,
15192,14850,12195,10886,0.2202,,,,3755,4538,4388,3401,0.3848,,,
14716,14357,11825,10546,0.2202,,,,3755,4667,4429,3472,0.3933,,,
14289,13927,11464,10179,0.2202,,,,3872,4779,4594,3463,0.3554,,,
13864,13469,11151,9917,0.2202,,,,3877,4814,4679,3528,0.4201,,,
13519,13070,10834,9614,0.2202,,,,3981,4925,4753,3605,0.3223,,,
13062,12669,10472,9280,0.2202,,,,4008,5046,4805,3644,0.3708,,,
12771,12339,10135,9019,0.2202,,,,4088,5113,4874,3703,0.3334,,,
12314,12027,9942,8818,0.2202,,,,4162,5232,5002,3782,0.2944,,,
12091,11635,9591,8543,0.2202,,,,4233,5382,5105,3818,0.3086,,,
11710,11359,9416,8341,0.2202,,,,4271,5484,5205,3934,0.3573,,,
11461,11053,9086,8151,0.2202,,,,4397,5585,5402,3976,0.2722,,,
11110,10755,8886,7906,0.2202,,,,4454,5751,5449,4065,0.2961,,,
10838,10390,8664,7680,0.2202,,,,4536,5873,5660,4190,0.3162,,,
10525,10172,8404,7418,0.2202,,,,4653,5969,5761,4312,0.1898,,,
10322,9891,8238,7283,0.2202,,,,4709,6135,5806,4299,0.269,,,
10030,9685,8015,7116,0.2202,,,,4800,6245,6019,4420,0.2464,,,
9784,9410,7847,6935,0.2202,,,,4936,6441,6130,4546,0.1812,,,
9546,9235,7722,6756,0.2202,,,,5020,6607,6287,4610,0.1838,,,
9309,8935,7491,6613,0.3581,,,,5146,6761,6428,4682,0.1734,,,
9081,8798,7291,6402,0.3908,,,,5199,6880,6576,4788,0.175,,,
8963,8645,7137,6353,0.2784,,,,5340,7082,6765,4958,0.1687,,,
8686,8360,6981,6183,0.3312,,,,5482,7322,6942,5001,0.125,,,
8493,8140,6827,6087,0.2776,,,,5581,7507,7152,5101,0.1221,,,
8320,7956,6693,5918,0.2763,,,,5665,7580,7296,5230,0.1102,,,
8082,7756,6527,5751,0.3199,,,,5762,7803,7472,5371,0.1416,,,
7852,7567,6396,5650,0.3609,,,,5922,8038,7771,5506,0.1025,,,
7770,7419,6212,5589,0.2381,,,,6082,8195,7915,5617,0.0657,,,
7598,7274,6154,5406,0.24,,,,6212,8393,8142,5737,0.0516,,,
7398,7064,6000,5323,0.2135,,,,6251,8688,8367,5908,0.1166,,,
7247,6930,5901,5211,0.2927,,,,6494,8863,8617,6025,0.0016,,,
7073,6755,5740,5156,0.3181,,,,6588,9142,8810,6184,0.0815,,,
6934,6643,5627,4994,0.2668,,,,6762,9435,9083,6405,0.0599,,,
6790,6551,5521,4900,0.2657,,,,6890,9654,9332,6498,0.0515,,,
6659,6317,5438,4847,0.2306,,,,7124,9960,9572,6674,0,,,
6531,6207,5328,4768,0.2735,,,,7224,10309,9849,6866,0.0241,,,
6349,6093,5222,4639,0.3497,,,,7464,10570,10083,7028,0.0017,,,
6247,5989,5151,4581,0.3141,,,,7638,10851,10461,7251,0.0368,,,
6107,5816,5066,4494,0.3602,,,,7890,11168,10749,7420,0.0368,,,
6002,5738,4920,4442,0.2614,,,,8130,11525,11127,7664,0.0368,,,
5907,5634,4837,4331,0.255,,,,8263,11859,11402,7853,0.0368,,,
5795,5539,4815,4268,0.2344,,,,8526,12153,11857,8164,0.0368,,,
5693,5426,4747,4222,0.2425,,,,8745,12598,12179,8343,0.0368,,,
5598,5369,4615,4155,0.3061,,,,8998,13034,12584,8702,0.0368,,,
5413,5211,4514,4117,0.4176,,,,9318,13570,13067,8975,0.0368,,,
5344,5115,4478,4016,0.3116,,,,9572,13905,13397,9225,0.0368,,,
5264,5057,4365,3955,0.3704,,,,9780,14357,13880,9492,0.0368,,,
5193,4992,4314,3933,0.2409,,,,10056,14847,14352,9798,0.0368,,,
5142,4971,4322,3911,0.2416,,,,10379,15420,14856,10212,0.0368,,,
5012,4815,4243,3862,0.3415,,,,10784,15968,15473,10568,0.0368,,,
4977,4771,4206,3798,0.2843,,,,11002,16428,15850,10781,0.0368,,,
4901,4692,4129,3703,0.2771,,,,11392,16954,16423,11180,0.0368,,,
4782,4608,4059,3685,0.3292,,,,11773,17603,16950,11607,0.0368,,,
4724,4562,4021,3671,0.3582,,,,12132,18124,17493,11887,0.0368,,,
4622,4504,4013,3609,0.3746,,,,12503,18786,18141,12295,0.0368,,,
4558,4409,3950,3577,0.4303,,,,12759,19378,18699,12841,0.0368,,,
4564,4381,3878,3575,0.1286,,,,13283,20018,19353,13263,0.0368,,,
4501,4317,3871,3503,0.1978,,,,13742,20837,20168,13818,0.0368,,,
4381,4237,3783,3465,0.3619,,,,14116,21517,20874,14351,0.0368,,,
4387,4151,3740,3388,0.1948,,,,14509,22206,21424,14731,0.0368,,,
4272,4160,3698,3426,0.3031,,,,15021,22820,22296,15198,0.0368,,,
4251,4110,3690,3366,0.239,,,,15521,23561,23126,15723,0.0368,,,
4190,4062,3597,3341,0.2685,,,,16055,24481,23923,16377,0.0368,,,
4144,4025,3601,3282,0.2606,,,,16534,25374,24806,16871,0.0368,,,
4049,3940,3556,3281,0.3248,,,,16953,26233,25710,17557,0.0368,,,
4111,3906,3549,3266,0,,,,17554,27159,26637,18220,0.0368,,,
3944,3844,3487,3250,0.3578,,,,18295,28248,27705,19028,0.0368,,,
3954,3827,3485,3188,0.3012,,,,18926,29339,28691,19796,0.0368,,,
3851,3783,3427,3162,0.4358,,,,19532,30359,29817,20424,0.0368,,,
3904,3784,3436,3194,0.0652,,,,20258,31496,30839,21260,0.0368,,,
3805,3691,3361,3114,0.2512,,,,20937,32714,32167,22226,0.0368,,,
3760,3652,3334,3113,0.3327,,,,21634,33771,33269,22930,0.0368,,,
3722,3630,3305,3146,0.3155,,,,22362,35053,34371,23837,0.0368,,,
3722,3556,3295,3060,0.1671,,,,23057,36255,35661,24820,0.0368,,,
3650,3568,3266,3020,0.3468,,,,23865,37622,37026,25641,0.0368,,,
3578,3523,3221,3037,0.4298,,,,24712,39065,38480,26785,0.0368,,,
3569,3520,3236,2982,0.3553,,,,25671,40408,39932,27813,0.0368,,,
3551,3463,3215,2995,0.3073,,,,26481,41909,41524,28936,0.0368,,,
3530,3415,3178,2966,0.2407,,,,27488,43349,43161,30008,0.0368,,,
3460,3387,3127,2966,0.431,,,,28435,45016,44689,31159,0.0368,,,
3429,3314,3130,2912,0.4379,,,,29332,46481,46350,32343,0.0368,,,
3414,3321,3121,2929,0.3778,,,,30546,48376,48009,33906,0.0368,,,
3398,3315,3078,2874,0.3159,,,,31707,50247,49964,35292,0.0368,,,
3327,3294,3057,2913,0.4248,,,,32730,51960,51875,36531,0.0368,,,
3237,3261,3055,2896,1,,,,33941,53603,53826,38008,0.0368,,,
3278,3220,3042,2852,0.4087,,,,35164,55415,55846,39262,0.0368,,,
3230,3208,2998,2834,0.7853,,,,36457,57341,57901,40719,0.0368,,,
,,,,,,,,37859,59347,60124,42356,0.0368,,,
