pixel,reflectance1,reflectance2,absorption1,absorption2,side,mm
1,3.44E-05,1.87E-07,0.199227878,0.526974364,0,patient 10
2,3.44E-05,2.01E-07,0.199227878,0.466424634,0,
3,3.22E-05,1.89E-07,0.199227878,0.639055486,0,
4,3.02E-05,1.61E-07,0.199227878,1,0,
5,2.89E-05,2.03E-07,0.199227878,0.648401331,0,
6,2.77E-05,2.22E-07,0.199227878,0.552936329,0,
7,2.65E-05,2.09E-07,0.199227878,0.732813894,0,
8,2.53E-05,2.34E-07,0.199227878,0.598795686,0,
9,2.42E-05,2.70E-07,0.199227878,0.403090328,0,
10,2.30E-05,2.50E-07,0.199227878,0.615922392,0,
11,2.19E-05,2.48E-07,0.199227878,0.698773868,0,
12,2.10E-05,2.86E-07,0.199227878,0.505377013,0,
13,2.01E-05,3.06E-07,0.199227878,0.444497541,0,
14,1.91E-05,3.01E-07,0.199227878,0.550066811,0,
15,1.83E-05,3.27E-07,0.199227878,0.463861764,0,
16,1.75E-05,3.49E-07,0.199227878,0.410101532,0,
17,1.66E-05,3.65E-07,0.199227878,0.395987443,0,
18,1.59E-05,3.52E-07,0.199227878,0.540538488,0,
19,1.51E-05,3.62E-07,0.199227878,0.560926414,0,
20,1.45E-05,4.02E-07,0.199227878,0.427007783,0,
21,1.39E-05,4.31E-07,0.199227878,0.367562725,0,
22,1.31E-05,3.82E-07,0.199227878,0.684373969,0,
23,1.26E-05,4.28E-07,0.199227878,0.534471432,0,
24,1.20E-05,4.64E-07,0.199227878,0.44589615,0,
25,1.15E-05,4.75E-07,0.199227878,0.477531228,0,
26,1.10E-05,5.05E-07,0.199227878,0.428643462,0,
27,1.04E-05,5.05E-07,0.199227878,0.50775165,0,
28,9.95E-06,5.45E-07,0.199227878,0.431196746,0,
29,9.54E-06,5.50E-07,0.199227878,0.4912243,0,
30,9.11E-06,5.76E-07,0.199227878,0.475921315,0,
31,8.66E-06,5.80E-07,0.199227878,0.54392336,0,
32,8.34E-06,6.13E-07,0.199227878,0.510044637,0,
33,7.90E-06,6.38E-07,0.199227878,0.507456182,0,
34,7.58E-06,6.73E-07,0.199227878,0.476422854,0,
35,7.25E-06,6.94E-07,0.199227878,0.495822836,0,
36,6.91E-06,6.87E-07,0.199227878,0.602956675,0,
37,6.61E-06,7.99E-07,0.168076785,0.358320203,0,
38,6.28E-06,7.50E-07,0.200585637,0.585684492,0,
39,6.08E-06,8.35E-07,0.073055813,0.434217712,0,
40,5.68E-06,8.51E-07,0.249088169,0.479746957,0,
41,5.47E-06,9.24E-07,0.171546013,0.384983146,0,
42,5.25E-06,9.41E-07,0.134978003,0.431581107,0,
43,4.99E-06,9.66E-07,0.162329108,0.463517057,0,
44,4.75E-06,1.05E-06,0.182151257,0.371998639,0,
45,4.51E-06,1.08E-06,0.232023304,0.392173444,0,
46,4.35E-06,1.11E-06,0.155420284,0.414978514,0,
47,4.18E-06,1.21E-06,0.095615434,0.305423475,0,
48,3.94E-06,1.21E-06,0.214244437,0.401946367,0,
49,3.79E-06,1.29E-06,0.158071595,0.340808646,0,
50,3.60E-06,1.35E-06,0.199362718,0.338311369,0,
51,3.45E-06,1.39E-06,0.17240709,0.364911803,0,
52,3.29E-06,1.46E-06,0.185935729,0.346641233,0,
53,3.11E-06,1.49E-06,0.270112483,0.381807744,0,
54,3.04E-06,1.59E-06,0.105175285,0.335101049,0,
55,2.85E-06,1.67E-06,0.252920742,0.301889293,0,
56,2.71E-06,1.69E-06,0.304523306,0.377857022,0,
57,2.62E-06,1.80E-06,0.218392859,0.326356941,0,
58,2.49E-06,1.89E-06,0.283314085,0.300623917,0,
59,2.39E-06,1.94E-06,0.254810752,0.334523328,0,
60,2.27E-06,2.05E-06,0.28547868,0.301405578,0,
61,2.20E-06,2.15E-06,0.218099612,0.29079047,0,
62,2.09E-06,2.30E-06,0.255167144,0.222270504,0,
63,1.98E-06,2.32E-06,0.317845217,0.306403385,0,
64,1.92E-06,2.44E-06,0.25090686,0.279889984,0,
65,1.84E-06,2.58E-06,0.238326788,0.241768699,0,
66,1.74E-06,2.67E-06,0.304294385,0.25613683,0,
67,1.67E-06,2.78E-06,0.286787603,0.264022894,0,
68,1.58E-06,2.90E-06,0.37304543,0.256867846,0,
69,1.52E-06,3.08E-06,0.373207969,0.208427229,0,
70,1.46E-06,3.20E-06,0.328077618,0.215919767,0,
71,1.37E-06,3.34E-06,0.451532222,0.215855847,0,
72,1.33E-06,3.52E-06,0.37432791,0.192038714,0,
73,1.27E-06,3.64E-06,0.412063273,0.211770385,0,
74,1.23E-06,3.79E-06,0.309361221,0.221178583,0,
75,1.13E-06,4.00E-06,0.58575403,0.18758477,0,
76,1.10E-06,4.15E-06,0.498871436,0.199121316,0,
77,1.07E-06,4.38E-06,0.438413808,0.166526297,0,
78,1.02E-06,4.59E-06,0.439115304,0.154701587,0,
79,9.99E-07,4.80E-06,0.309549272,0.150299235,0,
80,9.27E-07,5.05E-06,0.510466994,0.126819231,0,
81,8.84E-07,5.23E-06,0.548295814,0.151794772,0,
82,8.46E-07,5.53E-06,0.554358561,0.114162002,0,
83,8.11E-07,5.83E-06,0.560543705,0.084190483,0,
84,7.85E-07,6.05E-06,0.499859973,0.10355553,0,
85,7.36E-07,6.29E-06,0.636220818,0.119201363,0,
86,7.14E-07,6.62E-06,0.564900047,0.096733821,0,
87,7.09E-07,6.93E-06,0.359883256,0.092189104,0,
88,6.52E-07,7.24E-06,0.609994941,0.093475392,0,
89,6.29E-07,7.67E-06,0.574291088,0.05152476,0,
90,6.11E-07,8.01E-06,0.506082517,0.054906381,0,
91,5.77E-07,8.37E-06,0.59261834,0.054922776,0,
92,5.61E-07,8.81E-06,0.519526786,0.033870321,0,
93,5.42E-07,9.26E-06,0.486296065,0.015856149,0,
94,4.82E-07,9.57E-06,0.909070082,0.058214604,0,
95,4.89E-07,1.01E-05,0.59676954,0.025526473,0,
96,4.71E-07,1.06E-05,0.581603323,0.034068937,0,
97,4.19E-07,1.10E-05,1,0.035334381,0,
98,4.48E-07,1.17E-05,0.404141742,0,0,
99,4.24E-07,1.22E-05,0.480168482,0.00611112,0,
100,4.10E-07,1.28E-05,0.449857094,0.01170328,0,
101,4.12E-07,1.33E-05,0.203513154,0.031407555,0,
102,3.46E-07,1.39E-05,0.922488249,0.029981321,0,
103,3.59E-07,1.46E-05,0.509156925,0.033644265,0,
104,3.36E-07,1.53E-05,0.641379393,0.030219036,0,
105,3.24E-07,1.61E-05,0.626957913,0.025730081,0,
106,3.27E-07,1.69E-05,0.36398882,0.013110901,0,
107,3.17E-07,1.77E-05,0.313194934,0.018029027,0,
108,3.01E-07,1.86E-05,0.378339008,0.018302162,0,
109,2.85E-07,1.95E-05,0.448264125,0.018302162,0,
110,2.63E-07,2.04E-05,0.65752165,0.018302162,0,
111,2.84E-07,2.16E-05,0.072442585,0.018302162,0,
112,2.50E-07,2.25E-05,0.519530801,0.018302162,0,
113,2.37E-07,2.36E-05,0.57632152,0.018302162,0,
114,2.27E-07,2.47E-05,0.610629112,0.018302162,0,
115,2.28E-07,2.59E-05,0.377788766,0.018302162,0,
116,2.36E-07,2.72E-05,0.021817707,0.018302162,0,
117,2.07E-07,2.85E-05,0.467197614,0.018302162,0,
118,1.98E-07,2.98E-05,0.483211222,0.018302162,0,
119,1.76E-07,3.14E-05,0.867701851,0.018302162,0,
120,1.77E-07,3.28E-05,0.646105557,0.018302162,0,
121,1.75E-07,3.44E-05,0.515563523,0.018302162,0,
122,1.88E-07,3.60E-05,0,0.018302162,0,
123,1.76E-07,3.76E-05,0.128031371,0.018302162,0,
124,1.49E-07,3.95E-05,0.71838911,0.018302162,0,
125,1.54E-07,4.13E-05,0.382445131,0.018302162,0,
126,1.41E-07,4.31E-05,0.630462039,0.018302162,0,
127,1.60E-07,4.51E-05,0.630462039,0.018302162,0,
128,1.34E-07,4.51E-05,0.630462039,0.018302162,0,
1,2.62E-05,1.48E-07,0.080280177,0.460785509,2,patient 12
2,2.52E-05,1.55E-07,0.080280177,0.41008894,2,
3,2.41E-05,1.53E-07,0.080280177,0.583120655,2,
4,2.31E-05,1.66E-07,0.080280177,0.412465943,2,
5,2.21E-05,1.59E-07,0.080280177,0.679900102,2,
6,2.12E-05,1.73E-07,0.080280177,0.50987468,2,
7,2.02E-05,1.68E-07,0.080280177,0.733254595,2,
8,1.94E-05,1.71E-07,0.080280177,0.794994501,2,
9,1.85E-05,1.73E-07,0.080280177,0.878917496,2,
10,1.76E-05,2.12E-07,0.080280177,0.295944884,2,
11,1.68E-05,2.02E-07,0.080280177,0.600374865,2,
12,1.61E-05,2.26E-07,0.080280177,0.316537107,2,
13,1.54E-05,2.33E-07,0.080280177,0.340350727,2,
14,1.46E-05,2.11E-07,0.078652406,0.817736778,2,
15,1.39E-05,2.59E-07,0.077256298,0.210440893,2,
16,1.33E-05,2.48E-07,0.07323814,0.497129681,2,
17,1.26E-05,2.45E-07,0.080272695,0.672361646,2,
18,1.21E-05,2.64E-07,0.062692755,0.52836834,2,
19,1.15E-05,2.67E-07,0.073012211,0.618897133,2,
20,1.10E-05,2.55E-07,0.064146375,0.917737293,2,
21,1.05E-05,2.80E-07,0.078267886,0.703257,2,
22,9.93E-06,2.86E-07,0.101429778,0.773021841,2,
23,9.54E-06,3.05E-07,0.073899352,0.66594191,2,
24,9.05E-06,2.96E-07,0.101291448,0.919267321,2,
25,8.62E-06,3.31E-07,0.113078818,0.623719323,2,
26,8.21E-06,3.58E-07,0.129175954,0.460708444,2,
27,7.83E-06,3.31E-07,0.133977942,0.906522761,2,
28,7.49E-06,3.92E-07,0.131739721,0.398627146,2,
29,7.12E-06,3.58E-07,0.154971555,0.893833899,2,
30,6.81E-06,3.83E-07,0.150263305,0.77778752,2,
31,6.49E-06,3.99E-07,0.165279561,0.761326901,2,
32,6.16E-06,4.23E-07,0.199396448,0.674740586,2,
33,5.89E-06,4.23E-07,0.1957963,0.818822107,2,
34,5.70E-06,4.50E-07,0.14907519,0.722928127,2,
35,5.40E-06,4.49E-07,0.194543077,0.883677069,2,
36,5.17E-06,4.87E-07,0.190138172,0.70311903,2,
37,4.99E-06,4.70E-07,0.160102953,1,2,
38,4.75E-06,5.24E-07,0.179563868,0.708376377,2,
39,4.60E-06,5.43E-07,0.139265728,0.715779732,2,
40,4.39E-06,5.76E-07,0.147905542,0.628659476,2,
41,4.20E-06,5.96E-07,0.157092402,0.646151269,2,
42,4.03E-06,6.01E-07,0.151441061,0.767329581,2,
43,3.89E-06,6.32E-07,0.123961755,0.713543599,2,
44,3.73E-06,6.41E-07,0.125582035,0.819477124,2,
45,3.64E-06,6.99E-07,0.058724243,0.607475665,2,
46,3.49E-06,7.47E-07,0.063620352,0.481900119,2,
47,3.33E-06,7.42E-07,0.078828091,0.678333662,2,
48,3.20E-06,7.71E-07,0.071779622,0.680226378,2,
49,3.11E-06,8.36E-07,0.030894473,0.49132148,2,
50,2.99E-06,8.56E-07,0.018798822,0.558732887,2,
51,2.86E-06,9.10E-07,0.034042178,0.451635273,2,
52,2.73E-06,9.23E-07,0.058574823,0.563709951,2,
53,2.66E-06,9.84E-07,0,0.448013002,2,
54,2.54E-06,1.05E-06,0.018609374,0.333290525,2,
55,2.43E-06,1.09E-06,0.037985867,0.309107617,2,
56,2.34E-06,1.14E-06,0.025405044,0.285360054,2,
57,2.25E-06,1.17E-06,0.028442411,0.354640568,2,
58,2.15E-06,1.21E-06,0.045026766,0.36670031,2,
59,2.04E-06,1.26E-06,0.084194885,0.370233645,2,
60,1.95E-06,1.32E-06,0.096810335,0.331355816,2,
61,1.91E-06,1.41E-06,0.042047245,0.211756109,2,
62,1.81E-06,1.46E-06,0.083935817,0.234501087,2,
63,1.75E-06,1.52E-06,0.068352896,0.232633354,2,
64,1.69E-06,1.63E-06,0.053089722,0.079676644,2,
65,1.59E-06,1.66E-06,0.11324805,0.183764201,2,
66,1.55E-06,1.71E-06,0.087699746,0.234932782,2,
67,1.46E-06,1.83E-06,0.138458923,0.089089045,2,
68,1.39E-06,1.88E-06,0.174328247,0.159454773,2,
69,1.35E-06,1.98E-06,0.151771767,0.085816037,2,
70,1.29E-06,2.04E-06,0.157490243,0.127595645,2,
71,1.22E-06,2.10E-06,0.226652586,0.193417708,2,
72,1.17E-06,2.23E-06,0.216393348,0.078201574,2,
73,1.13E-06,2.32E-06,0.202290388,0.085184599,2,
74,1.10E-06,2.42E-06,0.180321665,0.081780704,2,
75,1.02E-06,2.49E-06,0.273568231,0.149921277,2,
76,9.87E-07,2.63E-06,0.268009719,0.072366119,2,
77,9.59E-07,2.74E-06,0.241550737,0.073493286,2,
78,9.26E-07,2.85E-06,0.233047708,0.067516209,2,
79,8.89E-07,3.01E-06,0.241108831,0,2,
80,8.38E-07,3.11E-06,0.298168141,0.046147043,2,
81,8.17E-07,3.23E-06,0.26350399,0.06605569,2,
82,7.79E-07,3.37E-06,0.288789523,0.060624696,2,
83,7.46E-07,3.51E-06,0.30561989,0.070183377,2,
84,6.97E-07,3.67E-06,0.387870355,0.052731288,2,
85,6.80E-07,3.81E-06,0.349111124,0.06828458,2,
86,6.44E-07,4.02E-06,0.394466153,0.06828458,2,
87,6.17E-07,4.19E-06,0.409227419,0.06828458,2,
88,6.01E-07,4.40E-06,0.37786323,0.06828458,2,
89,5.68E-07,4.58E-06,0.425787469,0.06828458,2,
90,5.48E-07,4.82E-06,0.424096153,0.06828458,2,
91,5.41E-07,5.06E-06,0.357265311,0.06828458,2,
92,5.02E-07,5.30E-06,0.457549682,0.06828458,2,
93,4.86E-07,5.56E-06,0.443173719,0.06828458,2,
94,4.89E-07,5.85E-06,0.33509291,0.06828458,2,
95,4.47E-07,6.12E-06,0.463443865,0.06828458,2,
96,4.41E-07,6.43E-06,0.408441655,0.06828458,2,
97,4.14E-07,6.73E-06,0.472749726,0.06828458,2,
98,3.89E-07,7.15E-06,0.535499829,0.06828458,2,
99,3.88E-07,7.48E-06,0.447392723,0.06828458,2,
100,3.70E-07,7.79E-06,0.472699009,0.06828458,2,
101,3.48E-07,8.26E-06,0.531384687,0.06828458,2,
102,3.38E-07,8.66E-06,0.518002141,0.06828458,2,
103,3.21E-07,9.13E-06,0.547013355,0.06828458,2,
104,3.07E-07,9.57E-06,0.564474629,0.06828458,2,
105,2.86E-07,1.00E-05,0.652489351,0.06828458,2,
106,3.01E-07,1.06E-05,0.440233088,0.06828458,2,
107,2.56E-07,1.11E-05,0.73534131,0.06828458,2,
108,2.60E-07,1.17E-05,0.609159334,0.06828458,2,
109,2.61E-07,1.23E-05,0.520646704,0.06828458,2,
110,2.40E-07,1.30E-05,0.6260452,0.06828458,2,
111,2.50E-07,1.37E-05,0.450933649,0.06828458,2,
112,2.29E-07,1.43E-05,0.573090014,0.06828458,2,
113,2.36E-07,1.51E-05,0.421564095,0.06828458,2,
114,2.16E-07,1.58E-05,0.532350753,0.06828458,2,
115,2.07E-07,1.66E-05,0.555832687,0.06828458,2,
116,2.02E-07,1.74E-05,0.529367402,0.06828458,2,
117,1.85E-07,1.84E-05,0.639289163,0.06828458,2,
118,2.14E-07,1.93E-05,0.243939903,0.06828458,2,
119,1.52E-07,2.03E-05,0.905919454,0.06828458,2,
120,1.79E-07,2.13E-05,0.473609304,0.06828458,2,
121,1.49E-07,2.23E-05,0.798953924,0.06828458,2,
122,1.60E-07,2.34E-05,0.571115675,0.06828458,2,
123,1.49E-07,2.46E-05,0.637473409,0.06828458,2,
124,1.41E-07,2.58E-05,0.686175798,0.06828458,2,
125,1.45E-07,2.70E-05,0.54409922,0.06828458,2,
126,1.26E-07,2.83E-05,0.761358653,0.06828458,2,
127,1.25E-07,2.97E-05,0.70851733,0.06828458,2,
128,1.05E-07,3.13E-05,1,0.06828458,2,
1,1.92E-05,0.05027148,1.16E-07,0.470363906,1,pateint 13
2,1.85E-05,0.05027148,1.44E-07,0,1,
3,1.77E-05,0.05027148,1.10E-07,0.822665324,1,
4,1.70E-05,0.05027148,1.43E-07,0.201223444,1,
5,1.63E-05,0.05027148,1.48E-07,0.190919957,1,
6,1.57E-05,0.05027148,1.46E-07,0.33109813,1,
7,1.49E-05,0.05027148,1.30E-07,0.748355459,1,
8,1.43E-05,0.05027148,1.55E-07,0.363407135,1,
9,1.37E-05,0.05027148,1.52E-07,0.51269407,1,
10,1.31E-05,0.05027148,1.59E-07,0.482641905,1,
11,1.26E-05,0.05027148,1.71E-07,0.377929623,1,
12,1.20E-05,0.05027148,1.55E-07,0.756869811,1,
13,1.15E-05,0.05027148,1.73E-07,0.540532128,1,
14,1.10E-05,0.05027148,1.89E-07,0.396479932,1,
15,1.05E-05,0.05027148,1.78E-07,0.675393827,1,
16,1.00E-05,0.05027148,1.89E-07,0.603466122,1,
17,9.63E-06,0.05027148,1.95E-07,0.61786549,1,
18,9.17E-06,0.05027148,2.14E-07,0.454342591,1,
19,8.75E-06,0.05027148,1.84E-07,1,1,
20,8.38E-06,0.05027148,2.13E-07,0.679345101,1,
21,8.03E-06,0.030181315,2.37E-07,0.46489017,1,
22,7.66E-06,0.030414827,2.36E-07,0.583752842,1,
23,7.31E-06,0.028233735,2.53E-07,0.486906883,1,
24,6.99E-06,0.022565679,2.51E-07,0.621513196,1,
25,6.67E-06,0.019754688,2.60E-07,0.633301453,1,
26,6.38E-06,0.01766788,2.66E-07,0.671653259,1,
27,6.06E-06,0.032425311,2.76E-07,0.676379839,1,
28,5.85E-06,0,2.89E-07,0.646155158,1,
29,5.55E-06,0.019071623,2.91E-07,0.740502941,1,
30,5.32E-06,0.012323354,3.19E-07,0.568673233,1,
31,5.07E-06,0.020631792,3.17E-07,0.697948849,1,
32,4.82E-06,0.036105725,3.37E-07,0.626256702,1,
33,4.62E-06,0.027191144,3.47E-07,0.655883285,1,
34,4.41E-06,0.030010053,3.63E-07,0.624066981,1,
35,4.19E-06,0.048947152,3.59E-07,0.781579833,1,
36,4.03E-06,0.0351759,4.03E-07,0.52806446,1,
37,3.85E-06,0.041639752,4.10E-07,0.596176529,1,
38,3.65E-06,0.062664317,4.35E-07,0.520458648,1,
39,3.56E-06,0.015071866,4.63E-07,0.443995898,1,
40,3.34E-06,0.06390558,4.43E-07,0.717680165,1,
41,3.20E-06,0.063586846,4.80E-07,0.571483278,1,
42,3.05E-06,0.075443821,5.15E-07,0.460228389,1,
43,2.92E-06,0.081317637,5.17E-07,0.578806665,1,
44,2.79E-06,0.088420975,5.44E-07,0.533611188,1,
45,2.67E-06,0.088375662,5.54E-07,0.602560942,1,
46,2.55E-06,0.09980008,5.93E-07,0.500360364,1,
47,2.43E-06,0.114189592,6.10E-07,0.534195004,1,
48,2.31E-06,0.129369216,6.22E-07,0.601022843,1,
49,2.20E-06,0.141655311,6.49E-07,0.583961503,1,
50,2.11E-06,0.146802737,6.78E-07,0.567115562,1,
51,2.04E-06,0.125348251,6.99E-07,0.593780103,1,
52,1.95E-06,0.127983772,7.47E-07,0.496042076,1,
53,1.84E-06,0.166823275,7.84E-07,0.458414675,1,
54,1.76E-06,0.169488444,7.88E-07,0.582689394,1,
55,1.67E-06,0.205227497,8.42E-07,0.482351195,1,
56,1.60E-06,0.203583868,8.77E-07,0.477155211,1,
57,1.54E-06,0.190986966,9.12E-07,0.476534054,1,
58,1.46E-06,0.227230966,9.48E-07,0.478734715,1,
59,1.43E-06,0.183422788,9.79E-07,0.50553196,1,
60,1.33E-06,0.245809707,1.01E-06,0.523361,1,
61,1.28E-06,0.247133129,1.08E-06,0.425680765,1,
62,1.23E-06,0.245986819,1.11E-06,0.473575904,1,
63,1.16E-06,0.28379248,1.19E-06,0.375433949,1,
64,1.13E-06,0.248297004,1.24E-06,0.355236563,1,
65,1.06E-06,0.294555752,1.29E-06,0.357701583,1,
66,1.03E-06,0.25930467,1.35E-06,0.327146806,1,
67,9.67E-07,0.316992369,1.41E-06,0.308777651,1,
68,9.38E-07,0.295417756,1.48E-06,0.272951206,1,
69,8.67E-07,0.377650409,1.52E-06,0.345112503,1,
70,8.34E-07,0.372549319,1.58E-06,0.355192592,1,
71,7.91E-07,0.398492978,1.66E-06,0.300708698,1,
72,7.58E-07,0.404277827,1.71E-06,0.346084839,1,
73,7.36E-07,0.381719731,1.80E-06,0.30384952,1,
74,6.91E-07,0.4276475,1.85E-06,0.357202539,1,
75,6.54E-07,0.45836091,1.94E-06,0.335381297,1,
76,6.19E-07,0.486557622,2.02E-06,0.330411037,1,
77,6.02E-07,0.462475626,2.13E-06,0.289532873,1,
78,5.54E-07,0.549508913,2.21E-06,0.315327866,1,
79,5.33E-07,0.544964342,2.32E-06,0.278477131,1,
80,5.14E-07,0.535850456,2.39E-06,0.329431948,1,
81,5.07E-07,0.487447213,2.51E-06,0.303944257,1,
82,4.72E-07,0.548464902,2.60E-06,0.303944257,1,
83,4.49E-07,0.566443406,2.70E-06,0.303944257,1,
84,3.99E-07,0.716288886,2.79E-06,0.303944257,1,
85,4.17E-07,0.553100369,2.96E-06,0.303944257,1,
86,3.79E-07,0.661171511,3.06E-06,0.303944257,1,
87,3.45E-07,0.759784043,3.15E-06,0.303944257,1,
88,3.50E-07,0.659525322,3.32E-06,0.303944257,1,
89,3.45E-07,0.611125498,3.49E-06,0.303944257,1,
90,3.20E-07,0.680702042,3.63E-06,0.303944257,1,
91,2.90E-07,0.782563156,3.76E-06,0.303944257,1,
92,3.01E-07,0.645648277,3.93E-06,0.303944257,1,
93,2.83E-07,0.687519236,4.13E-06,0.303944257,1,
94,2.67E-07,0.71599294,4.28E-06,0.303944257,1,
95,2.74E-07,0.603340194,4.45E-06,0.303944257,1,
96,2.28E-07,0.862476549,4.63E-06,0.303944257,1,
97,2.25E-07,0.808129186,4.85E-06,0.303944257,1,
98,2.35E-07,0.664425785,5.10E-06,0.303944257,1,
99,2.19E-07,0.723603953,5.33E-06,0.303944257,1,
100,2.07E-07,0.752140342,5.53E-06,0.303944257,1,
101,1.96E-07,0.774224033,5.82E-06,0.303944257,1,
102,1.98E-07,0.692705958,6.13E-06,0.303944257,1,
103,1.78E-07,0.807099867,6.40E-06,0.303944257,1,
104,1.61E-07,0.909431137,6.71E-06,0.303944257,1,
105,1.61E-07,0.839773052,7.04E-06,0.303944257,1,
106,1.63E-07,0.760622284,7.37E-06,0.303944257,1,
107,1.51E-07,0.817766752,7.72E-06,0.303944257,1,
108,1.54E-07,0.724412133,8.09E-06,0.303944257,1,
109,1.39E-07,0.827827236,8.55E-06,0.303944257,1,
110,1.30E-07,0.870979463,8.99E-06,0.303944257,1,
111,1.37E-07,0.725949508,9.45E-06,0.303944257,1,
112,1.18E-07,0.899164425,9.93E-06,0.303944257,1,
113,1.11E-07,0.935938942,1.05E-05,0.303944257,1,
114,1.13E-07,0.849881625,1.10E-05,0.303944257,1,
115,1.12E-07,0.807829506,1.16E-05,0.303944257,1,
116,1.33E-07,0.472262854,1.22E-05,0.303944257,1,
117,1.05E-07,0.785559811,1.29E-05,0.303944257,1,
118,8.80E-08,1,1.36E-05,0.303944257,1,
119,9.99E-08,0.74412327,1.44E-05,0.303944257,1,
120,9.07E-08,0.833556434,1.52E-05,0.303944257,1,
121,9.68E-08,0.675407493,1.60E-05,0.303944257,1,
122,9.45E-08,0.65588732,1.69E-05,0.303944257,1,
123,8.33E-08,0.789950815,1.78E-05,0.303944257,1,
124,8.70E-08,0.666850918,1.88E-05,0.303944257,1,
125,7.41E-08,0.850818251,1.98E-05,0.303944257,1,
126,9.68E-08,0.395751078,2.09E-05,0.303944257,1,
127,6.67E-08,0.895319929,2.19E-05,0.303944257,1,
128,6.43E-08,0.892597443,2.32E-05,0.303944257,1,
1,4.42E-05,7.31E-07,0.010845138,0.778471938,0,patient 14
2,4.26E-05,6.92E-07,0.010845138,1,0,
3,4.11E-05,7.39E-07,0.010845138,0.891919876,0,
4,3.97E-05,7.69E-07,0.010845138,0.85363427,0,
5,3.81E-05,7.93E-07,0.010845138,0.841680643,0,
6,3.64E-05,7.84E-07,0.010845138,0.949251639,0,
7,3.51E-05,8.20E-07,0.010845138,0.895505015,0,
8,3.36E-05,8.52E-07,0.010845138,0.862808047,0,
9,3.21E-05,8.70E-07,0.010845138,0.877780356,0,
10,3.09E-05,9.06E-07,0.010845138,0.841060767,0,
11,2.96E-05,9.00E-07,0.010845138,0.935281833,0,
12,2.83E-05,9.17E-07,0.010845138,0.957142623,0,
13,2.72E-05,9.57E-07,0.010845138,0.914416993,0,
14,2.60E-05,9.80E-07,0.010845138,0.923384855,0,
15,2.50E-05,9.96E-07,0.010845138,0.955340455,0,
16,2.39E-05,1.02E-06,0.010845138,0.9539087,0,
17,2.29E-05,1.06E-06,0.010845138,0.943622257,0,
18,2.21E-05,1.11E-06,0.010845138,0.886221444,0,
19,2.13E-05,1.14E-06,0.009148505,0.869961782,0,
20,2.04E-05,1.18E-06,0.03015863,0.848669772,0,
21,1.97E-05,1.22E-06,0,0.824848629,0,
22,1.87E-05,1.21E-06,0.06906774,0.946203367,0,
23,1.81E-05,1.24E-06,0.052111274,0.943116172,0,
24,1.73E-05,1.27E-06,0.079807403,0.97166862,0,
25,1.66E-05,1.33E-06,0.099178286,0.909138581,0,
26,1.59E-05,1.34E-06,0.117843884,0.973393556,0,
27,1.53E-05,1.40E-06,0.126515366,0.925619038,0,
28,1.47E-05,1.41E-06,0.139854233,0.988715628,0,
29,1.43E-05,1.52E-06,0.102871096,0.828892812,0,
30,1.37E-05,1.49E-06,0.129896894,0.996064761,0,
31,1.31E-05,1.58E-06,0.163178348,0.902535948,0,
32,1.26E-05,1.64E-06,0.185711992,0.866691476,0,
33,1.20E-05,1.65E-06,0.225254983,0.934779683,0,
34,1.16E-05,1.71E-06,0.219166394,0.909505513,0,
35,1.13E-05,1.77E-06,0.197749533,0.892775671,0,
36,1.08E-05,1.79E-06,0.217153706,0.939672173,0,
37,1.04E-05,1.85E-06,0.251222232,0.925706326,0,
38,1.00E-05,1.91E-06,0.254320717,0.929378072,0,
39,9.79E-06,2.02E-06,0.19146349,0.836676312,0,
40,9.18E-06,2.00E-06,0.317075397,0.96274875,0,
41,8.84E-06,2.07E-06,0.328867624,0.941180053,0,
42,8.45E-06,2.16E-06,0.37229655,0.887982203,0,
43,8.15E-06,2.19E-06,0.378089306,0.948062826,0,
44,7.83E-06,2.29E-06,0.39935264,0.899454972,0,
45,7.51E-06,2.30E-06,0.428387254,0.985138707,0,
46,7.26E-06,2.38E-06,0.424981038,0.963887434,0,
47,6.95E-06,2.44E-06,0.464785868,0.974827694,0,
48,6.70E-06,2.55E-06,0.47632642,0.936534747,0,
49,6.43E-06,2.65E-06,0.499743133,0.894979603,0,
50,6.16E-06,2.73E-06,0.534498712,0.896145123,0,
51,5.96E-06,2.82E-06,0.532529732,0.890346974,0,
52,5.76E-06,2.90E-06,0.532067831,0.897475465,0,
53,5.56E-06,2.97E-06,0.543665853,0.910875281,0,
54,5.33E-06,3.11E-06,0.572869607,0.852762065,0,
55,5.17E-06,3.25E-06,0.565995482,0.809102062,0,
56,4.98E-06,3.33E-06,0.579515229,0.82390436,0,
57,4.79E-06,3.43E-06,0.599035911,0.824947211,0,
58,4.63E-06,3.56E-06,0.603167338,0.800305281,0,
59,4.46E-06,3.70E-06,0.618060957,0.764849238,0,
60,4.28E-06,3.84E-06,0.652568676,0.742467789,0,
61,4.16E-06,3.96E-06,0.63591828,0.737816256,0,
62,3.96E-06,4.07E-06,0.68971307,0.759922665,0,
63,3.84E-06,4.32E-06,0.687139465,0.643795344,0,
64,3.69E-06,4.41E-06,0.706079695,0.6818343,0,
65,3.58E-06,4.60E-06,0.700085211,0.632311588,0,
66,3.36E-06,4.68E-06,0.80509214,0.687606245,0,
67,3.28E-06,4.91E-06,0.778654252,0.618272014,0,
68,3.19E-06,5.08E-06,0.762116265,0.610029377,0,
69,3.06E-06,5.22E-06,0.795532936,0.626423045,0,
70,2.90E-06,5.43E-06,0.866268592,0.592304561,0,
71,2.82E-06,5.57E-06,0.855439233,0.616687499,0,
72,2.70E-06,5.80E-06,0.891742616,0.577537684,0,
73,2.60E-06,6.04E-06,0.908041029,0.541200515,0,
74,2.54E-06,6.27E-06,0.88051456,0.512127915,0,
75,2.49E-06,6.51E-06,0.843978473,0.489948068,0,
76,2.34E-06,6.65E-06,0.94823738,0.537794643,0,
77,2.32E-06,6.98E-06,0.877199696,0.459912087,0,
78,2.17E-06,7.16E-06,0.97690312,0.490328335,0,
79,2.09E-06,7.45E-06,1,0.457047324,0,
80,2.04E-06,7.74E-06,0.984683019,0.428439077,0,
81,2.00E-06,7.99E-06,0.943359466,0.434806963,0,
82,1.91E-06,8.28E-06,0.989424673,0.417965421,0,
83,1.86E-06,8.54E-06,0.980578237,0.430834526,0,
84,1.85E-06,8.93E-06,0.892481855,0.37136506,0,
85,1.75E-06,9.27E-06,0.965150075,0.350723462,0,
86,1.71E-06,9.59E-06,0.942931086,0.350291646,0,
87,1.64E-06,9.85E-06,0.983909881,0.38038723,0,
88,1.63E-06,1.03E-05,0.914435442,0.349715604,0,
89,1.56E-06,1.07E-05,0.954207452,0.308287773,0,
90,1.54E-06,1.11E-05,0.888732005,0.290270735,0,
91,1.52E-06,1.15E-05,0.851150503,0.301177604,0,
92,1.44E-06,1.18E-05,0.922582283,0.327266503,0,
93,1.47E-06,1.23E-05,0.766266053,0.277333928,0,
94,1.37E-06,1.26E-05,0.889809631,0.330423943,0,
95,1.35E-06,1.32E-05,0.843189146,0.279655016,0,
96,1.30E-06,1.37E-05,0.873574326,0.277432675,0,
97,1.28E-06,1.42E-05,0.820425203,0.269384142,0,
98,1.23E-06,1.48E-05,0.846995052,0.245127434,0,
99,1.21E-06,1.54E-05,0.826717982,0.215863278,0,
100,1.16E-06,1.58E-05,0.842761883,0.272326045,0,
101,1.16E-06,1.64E-05,0.774174501,0.245895388,0,
102,1.13E-06,1.69E-05,0.760816723,0.268058637,0,
103,1.09E-06,1.77E-05,0.796591787,0.240732949,0,
104,1.06E-06,1.84E-05,0.791829913,0.230153668,0,
105,1.03E-06,1.91E-05,0.777859361,0.210911608,0,
106,1.04E-06,1.98E-05,0.677974455,0.212348419,0,
107,9.78E-07,2.08E-05,0.765381422,0.149449303,0,
108,9.59E-07,2.16E-05,0.743115776,0.154641498,0,
109,9.53E-07,2.25E-05,0.683791943,0.121836378,0,
110,9.16E-07,2.34E-05,0.713442837,0.121055288,0,
111,8.58E-07,2.43E-05,0.806167307,0.104102272,0,
112,8.73E-07,2.53E-05,0.690566919,0.106553423,0,
113,8.48E-07,2.63E-05,0.691701418,0.091358631,0,
114,8.41E-07,2.74E-05,0.643532837,0.085236192,0,
115,8.03E-07,2.85E-05,0.689248002,0.091069557,0,
116,8.28E-07,2.98E-05,0.543135234,0.049344371,0,
117,7.42E-07,3.11E-05,0.74436365,0.030797833,0,
118,7.58E-07,3.24E-05,0.624827625,0.034204815,0,
119,7.35E-07,3.38E-05,0.630515808,0.016165893,0,
120,7.26E-07,3.53E-05,0.59337007,0,0,
121,6.93E-07,3.67E-05,0.641199339,0,0,
122,6.64E-07,3.83E-05,0.675407611,0,0,
123,6.69E-07,4.01E-05,0.591191775,0,0,
124,6.61E-07,4.16E-05,0.555774027,0,0,
125,6.44E-07,4.33E-05,0.553759674,0,0,
126,5.80E-07,4.50E-05,0.733337637,0,0,
127,6.17E-07,4.67E-05,0.733337637,0,0,
128,5.89E-07,4.67E-05,0.733337637,0,0,
1,3.99E-05,2.71E-07,0.343205519,0.072639789,2,patient 15
2,3.80E-05,2.72E-07,0.289607105,0.262850314,2,
3,3.63E-05,2.62E-07,0.221822167,0.711910841,2,
4,3.46E-05,2.66E-07,0.14622663,0.820705201,2,
5,3.30E-05,2.90E-07,0.112194836,0.4873718,2,
6,3.15E-05,3.08E-07,0.048666084,0.313553071,2,
7,2.99E-05,3.08E-07,0.080810743,0.51392962,2,
8,2.85E-05,3.23E-07,0.041384248,0.41989938,2,
9,2.72E-05,3.28E-07,0.03686807,0.53768338,2,
10,2.58E-05,3.61E-07,0.075089055,0.125367174,2,
11,2.45E-05,3.62E-07,0.115473417,0.332908035,2,
12,2.33E-05,3.67E-07,0.136224122,0.451143628,2,
13,2.21E-05,3.52E-07,0.173441801,0.958295391,2,
14,2.11E-05,3.99E-07,0.136174423,0.348319153,2,
15,2.00E-05,3.93E-07,0.230970181,0.675380878,2,
16,1.90E-05,4.02E-07,0.281424596,0.759349952,2,
17,1.81E-05,4.29E-07,0.256569133,0.530613144,2,
18,1.72E-05,4.25E-07,0.291230075,0.83499225,2,
19,1.64E-05,4.71E-07,0.299947812,0.360039312,2,
20,1.56E-05,4.75E-07,0.363187276,0.533746682,2,
21,1.49E-05,5.30E-07,0.351014984,0,2,
22,1.43E-05,4.93E-07,0.336200235,0.744897644,2,
23,1.36E-05,5.33E-07,0.376198315,0.433163667,2,
24,1.30E-05,5.44E-07,0.383099457,0.535483986,2,
25,1.23E-05,5.84E-07,0.420319669,0.270390724,2,
26,1.18E-05,5.82E-07,0.448509995,0.536396094,2,
27,1.13E-05,6.08E-07,0.414204663,0.472170788,2,
28,1.08E-05,6.28E-07,0.419623491,0.487472295,2,
29,1.02E-05,6.07E-07,0.500502571,1,2,
30,9.91E-06,6.80E-07,0.392140234,0.408208263,2,
31,9.43E-06,7.00E-07,0.448959053,0.450313681,2,
32,9.05E-06,7.58E-07,0.428886199,0.106144356,2,
33,8.62E-06,7.70E-07,0.470156772,0.254460304,2,
34,8.29E-06,7.95E-07,0.430521192,0.26855583,2,
35,7.92E-06,7.92E-07,0.452974724,0.570364248,2,
36,7.60E-06,8.13E-07,0.447906669,0.635420947,2,
37,7.29E-06,9.01E-07,0.435979472,0.111582633,2,
38,6.95E-06,9.13E-07,0.47895224,0.279993921,2,
39,6.70E-06,9.15E-07,0.435382154,0.538216387,2,
40,6.40E-06,9.50E-07,0.461742451,0.521405805,2,
41,6.14E-06,1.01E-06,0.459738017,0.298891748,2,
42,5.82E-06,1.03E-06,0.55041381,0.470545155,2,
43,5.61E-06,1.06E-06,0.516620997,0.465580384,2,
44,5.39E-06,1.10E-06,0.501328977,0.476815034,2,
45,5.14E-06,1.11E-06,0.547304079,0.674952541,2,
46,4.94E-06,1.16E-06,0.544802076,0.604969156,2,
47,4.71E-06,1.20E-06,0.599224537,0.658613588,2,
48,4.49E-06,1.22E-06,0.657654783,0.788872667,2,
49,4.37E-06,1.32E-06,0.543109137,0.452521167,2,
50,4.13E-06,1.34E-06,0.66961987,0.659386418,2,
51,3.99E-06,1.41E-06,0.627410786,0.539544617,2,
52,3.79E-06,1.41E-06,0.707368549,0.800952226,2,
53,3.67E-06,1.50E-06,0.643328551,0.589639234,2,
54,3.52E-06,1.55E-06,0.657512063,0.660779409,2,
55,3.33E-06,1.63E-06,0.775786975,0.545794009,2,
56,3.21E-06,1.67E-06,0.740508992,0.649581338,2,
57,3.06E-06,1.69E-06,0.797372103,0.851094006,2,
58,2.98E-06,1.78E-06,0.710721366,0.739124373,2,
59,2.88E-06,1.89E-06,0.662933866,0.500082674,2,
60,2.72E-06,1.91E-06,0.798302563,0.771151773,2,
61,2.65E-06,2.00E-06,0.700510786,0.693549487,2,
62,2.52E-06,2.12E-06,0.790451896,0.480906971,2,
63,2.41E-06,2.19E-06,0.830473575,0.556339728,2,
64,2.32E-06,2.27E-06,0.812000454,0.547076781,2,
65,2.25E-06,2.34E-06,0.743825809,0.618499246,2,
66,2.19E-06,2.48E-06,0.683598132,0.428085255,2,
67,2.09E-06,2.51E-06,0.718998247,0.67793632,2,
68,2.00E-06,2.63E-06,0.784333187,0.592272579,2,
69,1.94E-06,2.72E-06,0.709789283,0.631452591,2,
70,1.88E-06,2.86E-06,0.663844944,0.52541604,2,
71,1.82E-06,2.96E-06,0.633504279,0.56299855,2,
72,1.75E-06,3.05E-06,0.624710077,0.649172264,2,
73,1.67E-06,3.20E-06,0.686265003,0.579009666,2,
74,1.60E-06,3.34E-06,0.751924873,0.525158953,2,
75,1.56E-06,3.48E-06,0.671628441,0.49525953,2,
76,1.48E-06,3.61E-06,0.756020772,0.5306703,2,
77,1.41E-06,3.71E-06,0.829733434,0.654937105,2,
78,1.36E-06,3.84E-06,0.830643672,0.712118813,2,
79,1.33E-06,4.04E-06,0.719460801,0.606098072,2,
80,1.28E-06,4.22E-06,0.710398326,0.566655834,2,
81,1.23E-06,4.40E-06,0.730621684,0.526765445,2,
82,1.18E-06,4.58E-06,0.765185014,0.543336027,2,
83,1.16E-06,4.80E-06,0.66391348,0.449706629,2,
84,1.11E-06,4.98E-06,0.716979996,0.499779813,2,
85,1.08E-06,5.17E-06,0.653435664,0.537085129,2,
86,1.05E-06,5.40E-06,0.607115219,0.512640701,2,
87,9.60E-07,5.61E-06,0.904043834,0.537291951,2,
88,9.54E-07,5.85E-06,0.722576287,0.531776475,2,
89,9.24E-07,6.12E-06,0.69638817,0.470124105,2,
90,9.12E-07,6.37E-06,0.559687251,0.493891574,2,
91,8.92E-07,6.71E-06,0.474171572,0.370687586,2,
92,8.32E-07,6.96E-06,0.670641019,0.430095804,2,
93,8.01E-07,7.23E-06,0.684433324,0.472880976,2,
94,7.83E-07,7.53E-06,0.608578158,0.492207593,2,
95,7.26E-07,7.88E-06,0.833493892,0.46002658,2,
96,7.03E-07,8.18E-06,0.814910411,0.516436707,2,
97,6.95E-07,8.64E-06,0.671881361,0.375359048,2,
98,7.02E-07,9.01E-06,0.418689567,0.379123712,2,
99,6.65E-07,9.40E-06,0.526726201,0.383655762,2,
100,6.43E-07,9.79E-06,0.511863869,0.427001427,2,
101,5.84E-07,1.03E-05,0.850813508,0.390023445,2,
102,5.84E-07,1.07E-05,0.656413305,0.364861885,2,
103,5.64E-07,1.11E-05,0.654346631,0.45176088,2,
104,5.43E-07,1.16E-05,0.666133437,0.453104249,2,
105,5.47E-07,1.23E-05,0.444454693,0.348291382,2,
106,5.45E-07,1.28E-05,0.278028012,0.388667551,2,
107,4.70E-07,1.33E-05,0.870849155,0.419499867,2,
108,4.93E-07,1.40E-05,0.443691458,0.398472696,2,
109,4.63E-07,1.47E-05,0.584612751,0.309747637,2,
110,4.31E-07,1.54E-05,0.77751789,0.34404092,2,
111,4.27E-07,1.62E-05,0.645011764,0.221710281,2,
112,4.14E-07,1.70E-05,0.630022427,0.263972002,2,
113,4.24E-07,1.78E-05,0.329893235,0.22038571,2,
114,4.15E-07,1.86E-05,0.260995798,0.242925535,2,
115,3.88E-07,1.96E-05,0.425555044,0.194720499,2,
116,3.70E-07,2.05E-05,0.501976784,0.24719614,2,
117,3.30E-07,2.16E-05,0.905793077,0.140001045,2,
118,3.50E-07,2.26E-05,0.429328303,0.206546047,2,
119,3.18E-07,2.38E-05,0.747087161,0.156871016,2,
120,2.92E-07,2.50E-05,1,0.126640576,2,
121,3.06E-07,2.62E-05,0.59995545,0.197633304,2,
122,3.18E-07,2.74E-05,0.245431802,0.219429253,2,
123,2.71E-07,2.88E-05,0.855465441,0.222108456,2,
124,3.09E-07,3.03E-05,0.05505776,0.2241323,2,
125,2.84E-07,3.18E-05,0.295767205,0.268144566,2,
126,2.54E-07,3.34E-05,0.669887995,0.305973852,2,
127,2.83E-07,3.50E-05,0,0.378023456,2,
128,2.26E-07,3.67E-05,0.917090488,0.47124721,2,
1,4.94E-05,2.05E-07,0,0.937384952,0,pateint 16
2,4.73E-05,2.13E-07,0,0.933939814,0,
3,4.51E-05,2.13E-07,0,1,0,
4,4.31E-05,2.38E-07,0,0.85323153,0,
5,4.13E-05,2.38E-07,0,0.925933279,0,
6,3.96E-05,2.65E-07,0,0.78757972,0,
7,3.77E-05,2.58E-07,0,0.90004178,0,
8,3.60E-05,2.68E-07,0,0.900229733,0,
9,3.45E-05,2.92E-07,0,0.802685955,0,
10,3.28E-05,2.95E-07,0,0.850746202,0,
11,3.13E-05,3.36E-07,0,0.665010938,0,
12,3.00E-05,3.07E-07,0,0.909349093,0,
13,2.87E-05,3.29E-07,0,0.840424468,0,
14,2.74E-05,3.39E-07,0,0.851379451,0,
15,2.62E-05,3.66E-07,0,0.773380313,0,
16,2.49E-05,3.50E-07,0,0.931870074,0,
17,2.39E-05,3.82E-07,0,0.829286302,0,
18,2.28E-05,4.00E-07,0,0.809445317,0,
19,2.17E-05,3.91E-07,0,0.926798363,0,
20,2.08E-05,4.44E-07,0,0.737899305,0,
21,1.99E-05,4.50E-07,0.005042394,0.786812922,0,
22,1.89E-05,4.54E-07,0.022308967,0.84027372,0,
23,1.80E-05,4.92E-07,0.032898816,0.748151649,0,
24,1.72E-05,5.07E-07,0.035804646,0.761928283,0,
25,1.64E-05,5.38E-07,0.040757195,0.709729797,0,
26,1.56E-05,5.14E-07,0.056300103,0.88679334,0,
27,1.49E-05,5.57E-07,0.068293719,0.791575826,0,
28,1.42E-05,5.95E-07,0.075994115,0.727977665,0,
29,1.36E-05,6.02E-07,0.085289174,0.781419775,0,
30,1.30E-05,6.22E-07,0.090531294,0.786569154,0,
31,1.24E-05,6.71E-07,0.106918625,0.701314899,0,
32,1.18E-05,6.65E-07,0.122877516,0.80226452,0,
33,1.12E-05,7.08E-07,0.131153969,0.743657094,0,
34,1.07E-05,7.44E-07,0.147374141,0.713690052,0,
35,1.03E-05,7.84E-07,0.14494048,0.677756577,0,
36,9.74E-06,8.10E-07,0.170638677,0.688245672,0,
37,9.36E-06,8.34E-07,0.167844643,0.705534896,0,
38,8.83E-06,8.58E-07,0.203623531,0.72512206,0,
39,8.52E-06,9.30E-07,0.191996323,0.62269286,0,
40,8.00E-06,9.35E-07,0.2347805,0.69671384,0,
41,7.68E-06,9.93E-07,0.236906786,0.642674867,0,
42,7.30E-06,1.03E-06,0.256496233,0.641674358,0,
43,6.93E-06,1.07E-06,0.277762718,0.647498142,0,
44,6.61E-06,1.07E-06,0.290878698,0.7208118,0,
45,6.34E-06,1.15E-06,0.292442607,0.653545115,0,
46,6.04E-06,1.17E-06,0.3092192,0.68440541,0,
47,5.80E-06,1.25E-06,0.309884999,0.632760349,0,
48,5.52E-06,1.29E-06,0.327364389,0.642484534,0,
49,5.27E-06,1.35E-06,0.338465551,0.611180475,0,
50,5.03E-06,1.39E-06,0.348447005,0.645903012,0,
51,4.87E-06,1.48E-06,0.336696937,0.577242176,0,
52,4.68E-06,1.50E-06,0.336801191,0.631927381,0,
53,4.48E-06,1.59E-06,0.346171079,0.590016742,0,
54,4.25E-06,1.67E-06,0.369818452,0.564429497,0,
55,4.05E-06,1.69E-06,0.383152518,0.620837967,0,
56,3.85E-06,1.77E-06,0.401737659,0.599778523,0,
57,3.73E-06,1.87E-06,0.388529562,0.564509961,0,
58,3.56E-06,1.92E-06,0.404647388,0.585962811,0,
59,3.41E-06,1.99E-06,0.410462451,0.599001591,0,
60,3.29E-06,2.09E-06,0.402857947,0.568641929,0,
61,3.10E-06,2.15E-06,0.437456553,0.593309565,0,
62,2.99E-06,2.24E-06,0.434355434,0.598345781,0,
63,2.88E-06,2.39E-06,0.430724225,0.526536934,0,
64,2.72E-06,2.44E-06,0.466047121,0.567473105,0,
65,2.64E-06,2.56E-06,0.448091793,0.543193477,0,
66,2.51E-06,2.64E-06,0.468381753,0.568796052,0,
67,2.41E-06,2.77E-06,0.475455255,0.546019852,0,
68,2.29E-06,2.82E-06,0.495581318,0.605313286,0,
69,2.15E-06,2.94E-06,0.533678596,0.596886895,0,
70,2.07E-06,3.12E-06,0.529578474,0.538970176,0,
71,1.97E-06,3.18E-06,0.546037551,0.601875999,0,
72,1.91E-06,3.38E-06,0.534767095,0.544506642,0,
73,1.83E-06,3.54E-06,0.5417347,0.523476751,0,
74,1.74E-06,3.67E-06,0.561780104,0.534435279,0,
75,1.67E-06,3.77E-06,0.56541253,0.576830948,0,
76,1.64E-06,3.96E-06,0.543372812,0.548754597,0,
77,1.50E-06,4.09E-06,0.61151761,0.575425899,0,
78,1.45E-06,4.25E-06,0.608179706,0.580708219,0,
79,1.42E-06,4.50E-06,0.59098601,0.531261854,0,
80,1.38E-06,4.67E-06,0.577068402,0.539364833,0,
81,1.27E-06,4.88E-06,0.640639794,0.536491721,0,
82,1.19E-06,5.12E-06,0.675342587,0.511417592,0,
83,1.21E-06,5.34E-06,0.601598823,0.509150058,0,
84,1.07E-06,5.57E-06,0.721880833,0.509721312,0,
85,1.07E-06,5.84E-06,0.666753132,0.486170003,0,
86,1.01E-06,6.09E-06,0.700893662,0.486174529,0,
87,9.64E-07,6.36E-06,0.710160323,0.482589643,0,
88,9.33E-07,6.69E-06,0.703436543,0.455769104,0,
89,9.23E-07,7.04E-06,0.667269242,0.425934058,0,
90,8.91E-07,7.35E-06,0.66586428,0.42156975,0,
91,8.28E-07,7.68E-06,0.71414549,0.414635625,0,
92,7.84E-07,8.03E-06,0.738275729,0.409791066,0,
93,7.73E-07,8.50E-06,0.70753143,0.360267057,0,
94,7.51E-07,8.82E-06,0.696522813,0.37999728,0,
95,6.97E-07,9.24E-06,0.746918014,0.368390682,0,
96,6.85E-07,9.72E-06,0.721013819,0.342093169,0,
97,6.33E-07,1.02E-05,0.775068372,0.331092615,0,
98,5.93E-07,1.08E-05,0.8132918,0.289881892,0,
99,6.31E-07,1.13E-05,0.686173138,0.263114441,0,
100,5.70E-07,1.18E-05,0.768810771,0.283197234,0,
101,6.01E-07,1.24E-05,0.655814576,0.237823415,0,
102,5.33E-07,1.31E-05,0.761520435,0.219430056,0,
103,5.20E-07,1.36E-05,0.746061313,0.227155929,0,
104,4.99E-07,1.44E-05,0.751755146,0.195404967,0,
105,4.91E-07,1.51E-05,0.727276713,0.166077002,0,
106,4.58E-07,1.59E-05,0.769818444,0.152690495,0,
107,4.81E-07,1.67E-05,0.664228038,0.127863169,0,
108,4.00E-07,1.75E-05,0.843759984,0.120115753,0,
109,4.19E-07,1.85E-05,0.743687678,0.074047031,0,
110,4.35E-07,1.94E-05,0.657270491,0.083736789,0,
111,3.97E-07,2.05E-05,0.724309583,0.043347891,0,
112,3.62E-07,2.14E-05,0.789705931,0.050142402,0,
113,3.85E-07,2.25E-05,0.675699766,0.027685365,0,
114,3.16E-07,2.35E-05,0.865563466,0.03947078,0,
115,3.28E-07,2.47E-05,0.780629905,0.027845517,0,
116,2.90E-07,2.59E-05,0.882390477,0.033007638,0,
117,3.18E-07,2.73E-05,0.733878888,0.019269147,0,
118,2.98E-07,2.87E-05,0.767617883,0,0,
119,3.20E-07,3.01E-05,0.646665789,0.01163764,0,
120,2.45E-07,3.15E-05,0.911682357,0.016275349,0,
121,2.47E-07,3.31E-05,0.858477873,0.016275349,0,
122,2.84E-07,3.47E-05,0.661020378,0.016275349,0,
123,2.54E-07,3.65E-05,0.750350676,0.016275349,0,
124,1.96E-07,3.83E-05,1,0.016275349,0,
125,2.48E-07,4.02E-05,0.69672295,0.016275349,0,
126,1.94E-07,4.22E-05,0.930566836,0.016275349,0,
127,1.85E-07,4.42E-05,0.930566836,0.016275349,0,
128,1.93E-07,4.42E-05,0.930566836,0.016275349,0,
1,4.14E-05,8.62E-07,0.462557522,0.095766817,0,pateint 17
2,3.99E-05,7.91E-07,0.462557522,1,0,
3,3.85E-05,8.29E-07,0.462557522,0.845486596,0,
4,3.74E-05,9.40E-07,0.462557522,0.044666043,0,
5,3.62E-05,9.43E-07,0.462557522,0.240295348,0,
6,3.50E-05,9.52E-07,0.462557522,0.389546418,0,
7,3.38E-05,9.47E-07,0.462557522,0.655827587,0,
8,3.26E-05,9.91E-07,0.462557522,0.50448141,0,
9,3.16E-05,1.07E-06,0.462557522,0.077445612,0,
10,3.03E-05,1.07E-06,0.462557522,0.298746248,0,
11,2.91E-05,1.08E-06,0.462557522,0.471271021,0,
12,2.82E-05,1.15E-06,0.462557522,0.188814176,0,
13,2.72E-05,1.15E-06,0.462557522,0.402405601,0,
14,2.63E-05,1.17E-06,0.462557522,0.473055913,0,
15,2.52E-05,1.26E-06,0.462557522,0.136913326,0,
16,2.43E-05,1.26E-06,0.462557522,0.34420279,0,
17,2.34E-05,1.32E-06,0.462557522,0.2040047,0,
18,2.24E-05,1.31E-06,0.462557522,0.523698156,0,
19,2.16E-05,1.35E-06,0.462557522,0.495460209,0,
20,2.08E-05,1.42E-06,0.462557522,0.291056794,0,
21,2.01E-05,1.46E-06,0.462557522,0.301418016,0,
22,1.93E-05,1.52E-06,0.462557522,0.19515025,0,
23,1.85E-05,1.56E-06,0.462557522,0.210850081,0,
24,1.78E-05,1.56E-06,0.462557522,0.417649865,0,
25,1.71E-05,1.62E-06,0.462557522,0.384729826,0,
26,1.64E-05,1.68E-06,0.462557522,0.288708925,0,
27,1.58E-05,1.78E-06,0.462557522,0.032424713,0,
28,1.53E-05,1.80E-06,0.462557522,0.193233971,0,
29,1.46E-05,1.84E-06,0.502404488,0.218054128,0,
30,1.41E-05,1.91E-06,0.478060993,0.147360291,0,
31,1.36E-05,1.95E-06,0.444208052,0.21554445,0,
32,1.29E-05,1.99E-06,0.535707111,0.312110292,0,
33,1.26E-05,2.09E-06,0.422063409,0.102441548,0,
34,1.20E-05,2.10E-06,0.453776793,0.359132005,0,
35,1.16E-05,2.22E-06,0.410256098,0.086645558,0,
36,1.12E-05,2.31E-06,0.436071508,0,0,
37,1.08E-05,2.33E-06,0.387343022,0.197396073,0,
38,1.03E-05,2.41E-06,0.474719902,0.148095012,0,
39,9.97E-06,2.49E-06,0.424849102,0.098952572,0,
40,9.59E-06,2.58E-06,0.438608574,0.06135177,0,
41,9.22E-06,2.61E-06,0.461819128,0.236809306,0,
42,8.87E-06,2.71E-06,0.472383614,0.14508271,0,
43,8.55E-06,2.82E-06,0.46371,0.064288538,0,
44,8.23E-06,2.86E-06,0.480709411,0.205284552,0,
45,7.93E-06,2.98E-06,0.47498741,0.083137267,0,
46,7.62E-06,3.02E-06,0.515669294,0.272983788,0,
47,7.29E-06,3.14E-06,0.587010047,0.176897836,0,
48,7.05E-06,3.21E-06,0.554208549,0.246929043,0,
49,6.76E-06,3.33E-06,0.616841147,0.194254961,0,
50,6.51E-06,3.46E-06,0.62904827,0.099089913,0,
51,6.24E-06,3.51E-06,0.701516095,0.274334377,0,
52,6.05E-06,3.65E-06,0.63382389,0.168461641,0,
53,5.84E-06,3.77E-06,0.629849754,0.150031107,0,
54,5.61E-06,3.89E-06,0.676799124,0.146195395,0,
55,5.41E-06,3.97E-06,0.689779779,0.261158021,0,
56,5.20E-06,4.16E-06,0.729946568,0.103738615,0,
57,5.03E-06,4.26E-06,0.712989631,0.166847958,0,
58,4.81E-06,4.43E-06,0.796274711,0.146195395,0,
59,4.65E-06,4.59E-06,0.789567373,0.146195395,0,
60,4.47E-06,4.71E-06,0.822961045,0.146195395,0,
61,4.29E-06,4.86E-06,0.874884625,0.146195395,0,
62,4.14E-06,5.09E-06,0.887520871,0.146195395,0,
63,3.96E-06,5.20E-06,0.977991654,0.146195395,0,
64,3.87E-06,5.44E-06,0.86395202,0.146195395,0,
65,3.75E-06,5.65E-06,0.837752575,0.146195395,0,
66,3.56E-06,5.76E-06,1,0.146195395,0,
67,3.46E-06,5.98E-06,0.951415131,0.146195395,0,
68,3.36E-06,6.18E-06,0.901238874,0.146195395,0,
69,3.29E-06,6.41E-06,0.789976069,0.146195395,0,
70,3.17E-06,6.64E-06,0.819465343,0.146195395,0,
71,3.06E-06,6.89E-06,0.842073761,0.146195395,0,
72,2.95E-06,7.13E-06,0.862853108,0.146195395,0,
73,2.92E-06,7.35E-06,0.666460209,0.146195395,0,
74,2.78E-06,7.66E-06,0.789427625,0.146195395,0,
75,2.71E-06,7.87E-06,0.726592118,0.146195395,0,
76,2.60E-06,8.10E-06,0.793828111,0.146195395,0,
77,2.49E-06,8.40E-06,0.873541674,0.146195395,0,
78,2.45E-06,8.61E-06,0.731675295,0.146195395,0,
79,2.40E-06,8.92E-06,0.633487801,0.146195395,0,
80,2.30E-06,9.23E-06,0.730152881,0.146195395,0,
81,2.23E-06,9.56E-06,0.685264541,0.146195395,0,
82,2.13E-06,9.86E-06,0.790809711,0.146195395,0,
83,2.11E-06,1.02E-05,0.632037089,0.146195395,0,
84,2.06E-06,1.06E-05,0.556262598,0.146195395,0,
85,1.98E-06,1.09E-05,0.601157697,0.146195395,0,
86,1.92E-06,1.12E-05,0.602957309,0.146195395,0,
87,1.87E-06,1.16E-05,0.546067419,0.146195395,0,
88,1.80E-06,1.19E-05,0.604311478,0.146195395,0,
89,1.74E-06,1.25E-05,0.603036024,0.146195395,0,
90,1.74E-06,1.29E-05,0.364722494,0.146195395,0,
91,1.66E-06,1.33E-05,0.486928383,0.146195395,0,
92,1.61E-06,1.38E-05,0.462679976,0.146195395,0,
93,1.55E-06,1.43E-05,0.554655951,0.146195395,0,
94,1.51E-06,1.48E-05,0.48135767,0.146195395,0,
95,1.46E-06,1.54E-05,0.502239743,0.146195395,0,
96,1.45E-06,1.60E-05,0.300104255,0.146195395,0,
97,1.41E-06,1.65E-05,0.296381571,0.146195395,0,
98,1.36E-06,1.72E-05,0.364532529,0.146195395,0,
99,1.27E-06,1.78E-05,0.63175706,0.146195395,0,
100,1.26E-06,1.84E-05,0.46489482,0.146195395,0,
101,1.23E-06,1.92E-05,0.411177973,0.146195395,0,
102,1.17E-06,1.98E-05,0.510665188,0.146195395,0,
103,1.17E-06,2.06E-05,0.31955557,0.146195395,0,
104,1.12E-06,2.13E-05,0.404632035,0.146195395,0,
105,1.09E-06,2.22E-05,0.388591575,0.146195395,0,
106,1.03E-06,2.31E-05,0.590490763,0.146195395,0,
107,1.03E-06,2.39E-05,0.371433282,0.146195395,0,
108,1.00E-06,2.49E-05,0.341481465,0.146195395,0,
109,9.59E-07,2.59E-05,0.426672977,0.146195395,0,
110,9.34E-07,2.68E-05,0.400305831,0.146195395,0,
111,9.17E-07,2.79E-05,0.322255724,0.146195395,0,
112,8.98E-07,2.91E-05,0.258491902,0.146195395,0,
113,8.92E-07,3.02E-05,0.103178,0.146195395,0,
114,8.53E-07,3.14E-05,0.203383317,0.146195395,0,
115,8.22E-07,3.25E-05,0.254252871,0.146195395,0,
116,7.79E-07,3.39E-05,0.408964172,0.146195395,0,
117,7.95E-07,3.53E-05,0.077098095,0.146195395,0,
118,7.77E-07,3.69E-05,0.034350886,0.146195395,0,
119,7.20E-07,3.83E-05,0.347072239,0.146195395,0,
120,7.18E-07,3.98E-05,0.173253035,0.146195395,0,
121,6.91E-07,4.13E-05,0.232434368,0.146195395,0,
122,6.88E-07,4.29E-05,0.062608188,0.146195395,0,
123,6.61E-07,4.46E-05,0.133157095,0.146195395,0,
124,6.31E-07,4.66E-05,0.249090322,0.146195395,0,
125,6.35E-07,4.83E-05,0.021904653,0.146195395,0,
126,6.19E-07,5.02E-05,0,0.146195395,0,
127,5.97E-07,5.20E-05,0.041030068,0.146195395,0,
128,5.77E-07,5.20E-05,0.075037846,0.146195395,0,
1,2.67E-05,1.39E-07,0.135984833,0.289703865,0,patient 18
2,2.58E-05,1.51E-07,0,0.212116893,0,
3,2.38E-05,1.67E-07,0.171344953,0.094002823,0,
4,2.26E-05,1.52E-07,0.157642911,0.322743931,0,
5,2.14E-05,1.72E-07,0.154687023,0.1682139,0,
6,2.03E-05,1.84E-07,0.149222574,0.106879896,0,
7,1.94E-05,1.65E-07,0.127776413,0.356786932,0,
8,1.84E-05,1.87E-07,0.130557823,0.202222844,0,
9,1.74E-05,2.05E-07,0.135818446,0.104502169,0,
10,1.64E-05,1.90E-07,0.180850026,0.296677652,0,
11,1.56E-05,2.15E-07,0.177555234,0.14012884,0,
12,1.48E-05,2.10E-07,0.207591804,0.247270061,0,
13,1.40E-05,2.25E-07,0.241530085,0.187686503,0,
14,1.32E-05,2.28E-07,0.258076551,0.232469062,0,
15,1.26E-05,2.68E-07,0.269819912,0,0,
16,1.19E-05,2.42E-07,0.30250004,0.252766871,0,
17,1.12E-05,2.65E-07,0.329294398,0.148460216,0,
18,1.06E-05,2.72E-07,0.370564243,0.166982,0,
19,1.01E-05,2.68E-07,0.361666303,0.261275983,0,
20,9.58E-06,2.96E-07,0.396189071,0.1435197,0,
21,9.11E-06,3.18E-07,0.40491271,0.074492362,0,
22,8.59E-06,3.18E-07,0.456255059,0.14192668,0,
23,8.19E-06,3.26E-07,0.454017504,0.162490966,0,
24,7.79E-06,3.63E-07,0.466609643,0.024712885,0,
25,7.32E-06,3.53E-07,0.530757357,0.14556953,0,
26,6.97E-06,3.65E-07,0.537214149,0.154502611,0,
27,6.63E-06,3.74E-07,0.555199361,0.176051323,0,
28,6.27E-06,4.09E-07,0.593677014,0.071194863,0,
29,5.93E-06,3.88E-07,0.629894268,0.246399034,0,
30,5.68E-06,4.40E-07,0.616915403,0.069182112,0,
31,5.40E-06,4.33E-07,0.632160405,0.176673828,0,
32,5.10E-06,4.50E-07,0.681388676,0.171176082,0,
33,4.88E-06,4.85E-07,0.668100384,0.094976573,0,
34,4.63E-06,4.97E-07,0.691326733,0.11575486,0,
35,4.40E-06,5.18E-07,0.712282815,0.107779296,0,
36,4.15E-06,5.16E-07,0.772539321,0.191495801,0,
37,3.97E-06,5.64E-07,0.768069427,0.083707333,0,
38,3.76E-06,5.43E-07,0.799026041,0.239689136,0,
39,3.66E-06,6.05E-07,0.720171939,0.090464611,0,
40,3.44E-06,6.19E-07,0.791220013,0.119863572,0,
41,3.26E-06,6.33E-07,0.826342868,0.15364322,0,
42,3.12E-06,6.68E-07,0.817606785,0.117899741,0,
43,2.96E-06,7.04E-07,0.84858106,0.084127924,0,
44,2.84E-06,6.99E-07,0.83928213,0.180074843,0,
45,2.68E-06,7.49E-07,0.884581653,0.112510644,0,
46,2.57E-06,7.77E-07,0.874890728,0.113663792,0,
47,2.46E-06,7.96E-07,0.885400827,0.144762912,0,
48,2.33E-06,8.21E-07,0.913985329,0.158990122,0,
49,2.24E-06,8.63E-07,0.895297361,0.131255746,0,
50,2.13E-06,8.85E-07,0.917648553,0.160768373,0,
51,2.06E-06,9.35E-07,0.881737563,0.122460825,0,
52,1.94E-06,9.60E-07,0.946601696,0.150345176,0,
53,1.87E-06,1.02E-06,0.917430698,0.104952397,0,
54,1.79E-06,1.04E-06,0.926735002,0.136572489,0,
55,1.73E-06,1.08E-06,0.898941181,0.141252666,0,
56,1.62E-06,1.11E-06,0.97071805,0.177482171,0,
57,1.58E-06,1.17E-06,0.896309744,0.127626733,0,
58,1.51E-06,1.20E-06,0.916909106,0.177228073,0,
59,1.45E-06,1.26E-06,0.896135558,0.1461257,0,
60,1.39E-06,1.33E-06,0.907707943,0.116612548,0,
61,1.31E-06,1.36E-06,0.954064554,0.142451594,0,
62,1.26E-06,1.40E-06,0.952492692,0.178001517,0,
63,1.22E-06,1.47E-06,0.92509506,0.159166658,0,
64,1.16E-06,1.53E-06,0.940656877,0.146941106,0,
65,1.11E-06,1.59E-06,0.956472546,0.161955363,0,
66,1.06E-06,1.66E-06,0.974777271,0.138670313,0,
67,1.03E-06,1.74E-06,0.922033035,0.133056263,0,
68,9.72E-07,1.77E-06,0.976555105,0.183265827,0,
69,9.25E-07,1.87E-06,1,0.147723513,0,
70,8.99E-07,1.93E-06,0.959614134,0.171307476,0,
71,8.63E-07,2.03E-06,0.957888242,0.149731678,0,
72,8.39E-07,2.10E-06,0.916323011,0.157066744,0,
73,8.04E-07,2.18E-06,0.920000133,0.174537625,0,
74,7.88E-07,2.28E-06,0.856678612,0.157101384,0,
75,7.41E-07,2.37E-06,0.921494972,0.168769718,0,
76,7.05E-07,2.48E-06,0.945306453,0.153023717,0,
77,6.85E-07,2.59E-06,0.911245591,0.144946877,0,
78,6.57E-07,2.68E-06,0.914876196,0.165028996,0,
79,6.32E-07,2.81E-06,0.910323544,0.146173779,0,
80,6.18E-07,2.92E-06,0.8581577,0.15803989,0,
81,5.85E-07,3.04E-06,0.897592377,0.165634129,0,
82,5.66E-07,3.18E-06,0.877906707,0.158114001,0,
83,5.56E-07,3.31E-06,0.811480519,0.16433199,0,
84,5.62E-07,3.48E-06,0.668732597,0.136721967,0,
85,4.92E-07,3.58E-06,0.933813033,0.182171455,0,
86,4.92E-07,3.78E-06,0.822731271,0.145402964,0,
87,4.64E-07,3.92E-06,0.879282328,0.167097867,0,
88,4.56E-07,4.09E-06,0.814084417,0.164913851,0,
89,4.51E-07,4.28E-06,0.737742452,0.158651885,0,
90,4.31E-07,4.47E-06,0.753035654,0.158915239,0,
91,4.06E-07,4.67E-06,0.810768435,0.155573036,0,
92,3.97E-07,4.88E-06,0.760754122,0.15195019,0,
93,3.81E-07,5.11E-06,0.7689293,0.148167953,0,
94,3.69E-07,5.32E-06,0.751357246,0.162539781,0,
95,3.54E-07,5.56E-06,0.762426505,0.158904387,0,
96,3.24E-07,5.80E-06,0.889990849,0.164673496,0,
97,3.36E-07,6.05E-06,0.69263948,0.174187158,0,
98,3.47E-07,6.37E-06,0.50427643,0.151948003,0,
99,3.02E-07,6.65E-06,0.770381548,0.160685403,0,
100,3.07E-07,6.91E-06,0.627412447,0.185188795,0,
101,3.14E-07,7.21E-06,0.46973962,0.185188795,0,
102,2.72E-07,7.50E-06,0.740854923,0.185188795,0,
103,2.62E-07,7.86E-06,0.739435486,0.185188795,0,
104,2.72E-07,8.24E-06,0.551032577,0.185188795,0,
105,2.49E-07,8.59E-06,0.679670672,0.185188795,0,
106,2.64E-07,8.98E-06,0.441025541,0.185188795,0,
107,2.04E-07,9.33E-06,0.986544001,0.185188795,0,
108,2.35E-07,9.85E-06,0.54039611,0.185188795,0,
109,2.44E-07,1.03E-05,0.353486362,0.185188795,0,
110,2.31E-07,1.07E-05,0.406106728,0.185188795,0,
111,2.05E-07,1.13E-05,0.607813959,0.185188795,0,
112,2.06E-07,1.17E-05,0.497636963,0.185188795,0,
113,2.18E-07,1.23E-05,0.270448469,0.185188795,0,
114,1.95E-07,1.29E-05,0.450702666,0.185188795,0,
115,1.88E-07,1.35E-05,0.451716418,0.185188795,0,
116,1.89E-07,1.42E-05,0.354228667,0.185188795,0,
117,1.79E-07,1.48E-05,0.397341742,0.185188795,0,
118,1.63E-07,1.55E-05,0.530407447,0.185188795,0,
119,1.67E-07,1.63E-05,0.391534757,0.185188795,0,
120,1.65E-07,1.70E-05,0.336645266,0.185188795,0,
121,1.66E-07,1.78E-05,0.235777942,0.185188795,0,
122,1.45E-07,1.86E-05,0.463166523,0.185188795,0,
123,1.48E-07,1.95E-05,0.341090895,0.185188795,0,
124,1.54E-07,2.04E-05,0.164736169,0.185188795,0,
125,1.56E-07,2.13E-05,0.060089622,0.185188795,0,
126,1.33E-07,2.23E-05,0.327151892,0.185188795,0,
127,1.26E-07,2.33E-05,0.369906409,0.185188795,0,
128,1.30E-07,2.33E-05,0.224827444,0.185188795,0,
1,2.16E-05,1.49E-07,0.00578358,0.880631149,2,patient 19
2,2.09E-05,2.07E-07,0.00578358,0,2,
3,2.01E-05,1.74E-07,0.00578358,0.623550639,2,
4,1.93E-05,1.70E-07,0.00578358,0.792898859,2,
5,1.85E-05,1.65E-07,0.00578358,1,2,
6,1.77E-05,2.06E-07,0.00578358,0.424359681,2,
7,1.69E-05,1.91E-07,0.00578358,0.751408662,2,
8,1.62E-05,2.11E-07,0.00578358,0.551742166,2,
9,1.55E-05,2.12E-07,0.00578358,0.640291422,2,
10,1.48E-05,2.30E-07,0.00578358,0.5013297,2,
11,1.42E-05,2.13E-07,0.00578358,0.848635496,2,
12,1.35E-05,2.26E-07,0.00578358,0.770833037,2,
13,1.30E-05,2.25E-07,0.00578358,0.890781077,2,
14,1.24E-05,2.49E-07,0.00578358,0.675821276,2,
15,1.19E-05,2.43E-07,0.00578358,0.877668246,2,
16,1.13E-05,2.50E-07,0.00578358,0.893748764,2,
17,1.09E-05,3.09E-07,0.00578358,0.310890895,2,
18,1.04E-05,2.88E-07,0.00578358,0.662604299,2,
19,9.97E-06,2.76E-07,0.00578358,0.916332497,2,
20,9.58E-06,3.10E-07,0.00578358,0.646928469,2,
21,9.15E-06,3.14E-07,0.010414518,0.724298959,2,
22,8.71E-06,3.32E-07,0.046310619,0.649180704,2,
23,8.31E-06,3.22E-07,0.065626533,0.870789454,2,
24,7.98E-06,3.49E-07,0.037281116,0.715669222,2,
25,7.64E-06,3.51E-07,0.033062483,0.818848709,2,
26,7.33E-06,3.62E-07,0.016114663,0.83411804,2,
27,6.94E-06,4.09E-07,0.104903229,0.534795844,2,
28,6.69E-06,4.14E-07,0.055918374,0.621236231,2,
29,6.46E-06,4.60E-07,0.001385246,0.372571245,2,
30,6.18E-06,4.27E-07,0.004641889,0.763133191,2,
31,5.87E-06,4.61E-07,0.06531376,0.613190875,2,
32,5.64E-06,4.81E-07,0.058039543,0.590606009,2,
33,5.37E-06,4.70E-07,0.101686611,0.803543316,2,
34,5.16E-06,5.22E-07,0.093167084,0.550436401,2,
35,4.97E-06,5.30E-07,0.053052647,0.625329903,2,
36,4.73E-06,5.51E-07,0.115281458,0.618988455,2,
37,4.57E-06,5.59E-07,0.061033772,0.698732026,2,
38,4.37E-06,5.98E-07,0.083949639,0.583245337,2,
39,4.25E-06,6.19E-07,0,0.589304369,2,
40,3.98E-06,6.27E-07,0.156075526,0.673554363,2,
41,3.83E-06,6.66E-07,0.14403085,0.5836551,2,
42,3.67E-06,6.87E-07,0.152632552,0.607571075,2,
43,3.50E-06,7.00E-07,0.209771929,0.676003012,2,
44,3.31E-06,6.83E-07,0.294913137,0.911347772,2,
45,3.23E-06,7.28E-07,0.197594713,0.807352781,2,
46,3.11E-06,7.88E-07,0.196503686,0.642930887,2,
47,2.98E-06,8.22E-07,0.213725891,0.619167426,2,
48,2.85E-06,8.62E-07,0.235091089,0.579636428,2,
49,2.73E-06,8.73E-07,0.245405503,0.676433447,2,
50,2.63E-06,9.03E-07,0.250221046,0.689320202,2,
51,2.51E-06,9.35E-07,0.279467167,0.699284481,2,
52,2.43E-06,9.71E-07,0.256639948,0.70158443,2,
53,2.34E-06,9.82E-07,0.229853843,0.806825417,2,
54,2.24E-06,1.03E-06,0.262448923,0.775403564,2,
55,2.16E-06,1.07E-06,0.245181662,0.757003689,2,
56,2.09E-06,1.11E-06,0.216454529,0.764619924,2,
57,2.00E-06,1.18E-06,0.253865673,0.672784199,2,
58,1.92E-06,1.21E-06,0.267197555,0.729341055,2,
59,1.84E-06,1.25E-06,0.291746252,0.762047384,2,
60,1.79E-06,1.29E-06,0.229618741,0.78098631,2,
61,1.72E-06,1.33E-06,0.241738037,0.817694738,2,
62,1.65E-06,1.40E-06,0.275140558,0.775026136,2,
63,1.60E-06,1.46E-06,0.229975694,0.740256895,2,
64,1.53E-06,1.52E-06,0.256666176,0.747246371,2,
65,1.47E-06,1.55E-06,0.263902859,0.817629668,2,
66,1.40E-06,1.61E-06,0.320297628,0.836139401,2,
67,1.33E-06,1.66E-06,0.412046125,0.879569308,2,
68,1.32E-06,1.76E-06,0.238296876,0.785780616,2,
69,1.24E-06,1.81E-06,0.364371011,0.855028229,2,
70,1.21E-06,1.87E-06,0.329923489,0.880608104,2,
71,1.15E-06,1.99E-06,0.374336888,0.771616989,2,
72,1.11E-06,2.05E-06,0.383953486,0.811607061,2,
73,1.07E-06,2.14E-06,0.371864275,0.799189788,2,
74,1.04E-06,2.20E-06,0.348940116,0.875068278,2,
75,9.97E-07,2.29E-06,0.367569362,0.874887912,2,
76,9.61E-07,2.39E-06,0.369040605,0.853893688,2,
77,9.16E-07,2.49E-06,0.425437832,0.862410276,2,
78,9.03E-07,2.61E-06,0.320300721,0.817394833,2,
79,8.52E-07,2.68E-06,0.422442143,0.88971618,2,
80,8.15E-07,2.81E-06,0.460068793,0.86945487,2,
81,7.86E-07,2.96E-06,0.460463072,0.812379612,2,
82,7.50E-07,3.08E-06,0.512655766,0.817053302,2,
83,7.02E-07,3.19E-06,0.646959559,0.85501459,2,
84,7.16E-07,3.40E-06,0.398810936,0.738410784,2,
85,7.01E-07,3.57E-06,0.333948204,0.707658795,2,
86,6.35E-07,3.68E-06,0.611355524,0.75661227,2,
87,6.33E-07,3.87E-06,0.469923597,0.721550593,2,
88,6.11E-07,3.99E-06,0.465812152,0.778686541,2,
89,5.91E-07,4.25E-06,0.460616517,0.667553134,2,
90,5.60E-07,4.43E-06,0.536083569,0.668034181,2,
91,5.14E-07,4.65E-06,0.758129464,0.647024699,2,
92,5.13E-07,4.86E-06,0.610183954,0.631113817,2,
93,5.12E-07,5.11E-06,0.472176504,0.591960386,2,
94,4.77E-07,5.31E-06,0.619389466,0.61499604,2,
95,4.51E-07,5.56E-06,0.704003998,0.607193272,2,
96,4.58E-07,5.85E-06,0.493477073,0.561005517,2,
97,4.73E-07,6.14E-06,0.220934753,0.535431512,2,
98,4.20E-07,6.45E-06,0.570903986,0.496636406,2,
99,4.17E-07,6.79E-06,0.456238901,0.454660888,2,
100,3.83E-07,6.99E-06,0.662625215,0.547172876,2,
101,3.62E-07,7.33E-06,0.75034531,0.524982328,2,
102,3.64E-07,7.69E-06,0.589970294,0.507473646,2,
103,3.26E-07,8.09E-06,0.884963016,0.471163094,2,
104,3.36E-07,8.54E-06,0.629180683,0.413483702,2,
105,3.32E-07,8.91E-06,0.543104693,0.428709033,2,
106,3.31E-07,9.38E-06,0.420001465,0.387100809,2,
107,3.10E-07,9.91E-06,0.537504527,0.325834081,2,
108,2.89E-07,1.05E-05,0.68346987,0.270568015,2,
109,2.88E-07,1.09E-05,0.56406697,0.293139999,2,
110,2.86E-07,1.15E-05,0.465063698,0.2459086,2,
111,2.70E-07,1.22E-05,0.5477696,0.183109728,2,
112,2.50E-07,1.28E-05,0.705182222,0.184145975,2,
113,2.53E-07,1.34E-05,0.535187648,0.185509925,2,
114,2.45E-07,1.40E-05,0.528282136,0.200282215,2,
115,2.22E-07,1.47E-05,0.77563279,0.186641519,2,
116,2.17E-07,1.55E-05,0.728728004,0.157857601,2,
117,2.08E-07,1.63E-05,0.774372012,0.11657131,2,
118,2.13E-07,1.71E-05,0.552845131,0.148343848,2,
119,2.04E-07,1.79E-05,0.586073393,0.151381099,2,
120,1.76E-07,1.88E-05,1,0.154344203,2,
121,2.05E-07,1.97E-05,0.328931529,0.154344203,2,
122,1.84E-07,2.08E-05,0.607628584,0.154344203,2,
123,1.64E-07,2.18E-05,0.891897288,0.154344203,2,
124,1.79E-07,2.28E-05,0.453884289,0.154344203,2,
125,1.66E-07,2.38E-05,0.604746117,0.154344203,2,
126,1.50E-07,2.49E-05,0.840796934,0.154344203,2,
127,1.49E-07,2.59E-05,0.756822438,0.154344203,2,
128,1.77E-07,2.72E-05,0.051969741,0.154344203,2,
1,4.73E-05,9.38E-07,0.113048824,0.288300193,1,patient 21
2,4.55E-05,9.37E-07,0.113048824,0.435014481,1,
3,4.40E-05,9.53E-07,0.113048824,0.47651286,1,
4,4.24E-05,1.02E-06,0.113048824,0.259814675,1,
5,4.10E-05,1.01E-06,0.113048824,0.408862157,1,
6,3.94E-05,9.86E-07,0.113048824,0.709303245,1,
7,3.80E-05,1.06E-06,0.113048824,0.449598903,1,
8,3.66E-05,9.86E-07,0.113048824,1,1,
9,3.53E-05,1.05E-06,0.113048824,0.793749214,1,
10,3.40E-05,1.11E-06,0.113048824,0.606226726,1,
11,3.28E-05,1.12E-06,0.113048824,0.72014036,1,
12,3.15E-05,1.21E-06,0.113048824,0.382139532,1,
13,3.02E-05,1.22E-06,0.113048824,0.515632834,1,
14,2.93E-05,1.26E-06,0.113048824,0.462443703,1,
15,2.82E-05,1.27E-06,0.113048824,0.568236115,1,
16,2.72E-05,1.33E-06,0.113048824,0.449308066,1,
17,2.62E-05,1.42E-06,0.113048824,0.186357795,1,
18,2.53E-05,1.42E-06,0.113048824,0.37586241,1,
19,2.43E-05,1.40E-06,0.113048824,0.603807999,1,
20,2.36E-05,1.50E-06,0.113048824,0.35241717,1,
21,2.27E-05,1.49E-06,0.113048824,0.54561167,1,
22,2.19E-05,1.43E-06,0.113048824,0.973191911,1,
23,2.11E-05,1.59E-06,0.113048824,0.458126043,1,
24,2.03E-05,1.66E-06,0.113048824,0.36782306,1,
25,1.97E-05,1.65E-06,0.113048824,0.545140167,1,
26,1.90E-05,1.69E-06,0.113048824,0.55644348,1,
27,1.83E-05,1.72E-06,0.113048824,0.639002532,1,
28,1.78E-05,1.81E-06,0.113048824,0.474127626,1,
29,1.72E-05,1.93E-06,0.113048824,0.219140168,1,
30,1.65E-05,1.94E-06,0.113048824,0.379258314,1,
31,1.61E-05,2.01E-06,0.113048824,0.318238409,1,
32,1.54E-05,2.06E-06,0.113048824,0.327961079,1,
33,1.49E-05,2.10E-06,0.113048824,0.357880987,1,
34,1.46E-05,2.16E-06,0.113048824,0.346147481,1,
35,1.39E-05,2.19E-06,0.113048824,0.450002409,1,
36,1.36E-05,2.27E-06,0.113048824,0.383343759,1,
37,1.30E-05,2.31E-06,0.113048824,0.454617583,1,
38,1.29E-05,2.52E-06,0.113048824,0.044001326,1,
39,1.22E-05,2.49E-06,0.113048824,0.309999361,1,
40,1.18E-05,2.56E-06,0.113048824,0.313235086,1,
41,1.15E-05,2.63E-06,0.113048824,0.317571422,1,
42,1.10E-05,2.75E-06,0.113048824,0.175040501,1,
43,1.07E-05,2.69E-06,0.113048824,0.534146711,1,
44,1.04E-05,2.87E-06,0.113048824,0.268832114,1,
45,1.00E-05,2.97E-06,0.113048824,0.216476762,1,
46,9.69E-06,3.07E-06,0.113048824,0.180234285,1,
47,9.40E-06,3.10E-06,0.113048824,0.30363877,1,
48,9.11E-06,3.09E-06,0.113048824,0.53424254,1,
49,8.83E-06,3.35E-06,0.113048824,0.148587244,1,
50,8.53E-06,3.40E-06,0.113048824,0.254259748,1,
51,8.30E-06,3.49E-06,0.113048824,0.25752076,1,
52,8.05E-06,3.59E-06,0.113048824,0.256835908,1,
53,7.77E-06,3.75E-06,0.113048824,0.149269707,1,
54,7.50E-06,3.81E-06,0.113048824,0.235673825,1,
55,7.26E-06,3.92E-06,0.113048824,0.251874291,1,
56,7.03E-06,4.08E-06,0.113048824,0.164543463,1,
57,6.89E-06,4.16E-06,0.113048824,0.234940382,1,
58,6.65E-06,4.31E-06,0.185445344,0.183486988,1,
59,6.40E-06,4.44E-06,0.296943587,0.164977665,1,
60,6.20E-06,4.62E-06,0.288628834,0.089171166,1,
61,6.06E-06,4.68E-06,0.149168127,0.219280145,1,
62,5.92E-06,4.87E-06,0.019952285,0.1242629,1,
63,5.67E-06,4.97E-06,0.216547193,0.190944997,1,
64,5.58E-06,5.18E-06,0,0.097720959,1,
65,5.35E-06,5.32E-06,0.177271384,0.126244723,1,
66,5.17E-06,5.50E-06,0.22112872,0.096729096,1,
67,4.96E-06,5.63E-06,0.392196096,0.147394362,1,
68,4.81E-06,5.81E-06,0.411548489,0.137237181,1,
69,4.70E-06,5.99E-06,0.274841752,0.133602158,1,
70,4.52E-06,6.24E-06,0.406341659,0.029473084,1,
71,4.40E-06,6.32E-06,0.364925244,0.190497883,1,
72,4.35E-06,6.65E-06,0.104051501,0,1,
73,4.19E-06,6.80E-06,0.20764681,0.075728445,1,
74,4.08E-06,7.03E-06,0.179420921,0.051589876,1,
75,3.93E-06,7.14E-06,0.287754982,0.184872673,1,
76,3.77E-06,7.47E-06,0.440865825,0.058000521,1,
77,3.69E-06,7.68E-06,0.320693311,0.086985704,1,
78,3.57E-06,8.00E-06,0.389820798,0.005059002,1,
79,3.45E-06,8.20E-06,0.447046326,0.06267965,1,
80,3.42E-06,8.49E-06,0.170027291,0.032052643,1,
81,3.30E-06,8.75E-06,0.241048834,0.032052643,1,
82,3.15E-06,9.01E-06,0.49593846,0.032052643,1,
83,3.07E-06,9.26E-06,0.438272597,0.032052643,1,
84,3.03E-06,9.63E-06,0.250275875,0.032052643,1,
85,2.89E-06,9.78E-06,0.507366147,0.032052643,1,
86,2.78E-06,1.01E-05,0.631108037,0.032052643,1,
87,2.75E-06,1.05E-05,0.380907039,0.032052643,1,
88,2.65E-06,1.09E-05,0.479236437,0.032052643,1,
89,2.59E-06,1.14E-05,0.419131931,0.032052643,1,
90,2.49E-06,1.17E-05,0.581212409,0.032052643,1,
91,2.41E-06,1.20E-05,0.608766827,0.032052643,1,
92,2.36E-06,1.25E-05,0.526263334,0.032052643,1,
93,2.27E-06,1.27E-05,0.689926083,0.032052643,1,
94,2.24E-06,1.32E-05,0.477067164,0.032052643,1,
95,2.15E-06,1.38E-05,0.617569952,0.032052643,1,
96,2.10E-06,1.42E-05,0.569581781,0.032052643,1,
97,2.08E-06,1.48E-05,0.356103321,0.032052643,1,
98,1.98E-06,1.52E-05,0.605744282,0.032052643,1,
99,1.91E-06,1.56E-05,0.747293201,0.032052643,1,
100,1.87E-06,1.61E-05,0.652509048,0.032052643,1,
101,1.78E-06,1.67E-05,0.889252275,0.032052643,1,
102,1.78E-06,1.73E-05,0.581889421,0.032052643,1,
103,1.70E-06,1.78E-05,0.779077052,0.032052643,1,
104,1.65E-06,1.85E-05,0.834657321,0.032052643,1,
105,1.62E-06,1.91E-05,0.713092776,0.032052643,1,
106,1.59E-06,1.99E-05,0.639100663,0.032052643,1,
107,1.55E-06,2.06E-05,0.596401832,0.032052643,1,
108,1.48E-06,2.15E-05,0.787024414,0.032052643,1,
109,1.45E-06,2.20E-05,0.70044459,0.032052643,1,
110,1.43E-06,2.29E-05,0.548846773,0.032052643,1,
111,1.40E-06,2.36E-05,0.513312387,0.032052643,1,
112,1.31E-06,2.46E-05,1,0.032052643,1,
113,1.28E-06,2.54E-05,0.890726697,0.032052643,1,
114,1.24E-06,2.63E-05,0.946056046,0.032052643,1,
115,1.23E-06,2.72E-05,0.798043723,0.032052643,1,
116,1.22E-06,2.84E-05,0.602704598,0.032052643,1,
117,1.16E-06,2.93E-05,0.795276923,0.032052643,1,
118,1.15E-06,3.04E-05,0.616678941,0.032052643,1,
119,1.12E-06,3.15E-05,0.652917369,0.032052643,1,
120,1.08E-06,3.28E-05,0.691279044,0.032052643,1,
121,1.10E-06,3.41E-05,0.229342686,0.032052643,1,
122,1.02E-06,3.54E-05,0.824801245,0.032052643,1,
123,9.91E-07,3.65E-05,0.808624485,0.032052643,1,
124,1.00E-06,3.78E-05,0.42452043,0.032052643,1,
125,9.64E-07,3.92E-05,0.547980043,0.032052643,1,
126,9.48E-07,4.06E-05,0.450588096,0.032052643,1,
127,9.20E-07,4.22E-05,0.494787267,0.032052643,1,
128,0,4.22E-05,0.494787267,0.032052643,1,
1,6.36E-05,1.24E-06,0.505726527,0.374570337,0,pateint 22
2,6.15E-05,1.29E-06,0.505726527,0.218056035,0,
3,5.94E-05,1.28E-06,0.505726527,0.597839452,0,
4,5.75E-05,1.33E-06,0.505726527,0.428542193,0,
5,5.53E-05,1.41E-06,0.505726527,0.099227141,0,
6,5.30E-05,1.44E-06,0.505726527,0.08867977,0,
7,5.09E-05,1.47E-06,0.505726527,0.16550002,0,
8,4.90E-05,1.53E-06,0.505726527,0.018452349,0,
9,4.69E-05,1.54E-06,0.505726527,0.299411227,0,
10,4.51E-05,1.55E-06,0.505726527,0.520824864,0,
11,4.34E-05,1.66E-06,0.505726527,0,0,
12,4.16E-05,1.66E-06,0.505726527,0.290622687,0,
13,3.99E-05,1.64E-06,0.505726527,0.801891435,0,
14,3.83E-05,1.77E-06,0.505726527,0.163725967,0,
15,3.67E-05,1.80E-06,0.505726527,0.307209986,0,
16,3.52E-05,1.78E-06,0.505726527,0.769924545,0,
17,3.38E-05,1.80E-06,0.505726527,1,0,
18,3.26E-05,1.92E-06,0.505726527,0.553742485,0,
19,3.13E-05,2.05E-06,0.505726527,0.059142317,0,
20,3.01E-05,2.01E-06,0.505726527,0.621597167,0,
21,2.90E-05,2.16E-06,0.505726527,0.066083739,0,
22,2.77E-05,2.15E-06,0.505726527,0.44905838,0,
23,2.66E-05,2.17E-06,0.505726527,0.681410521,0,
24,2.57E-05,2.29E-06,0.505726527,0.351515949,0,
25,2.46E-05,2.28E-06,0.505726527,0.771897664,0,
26,2.38E-05,2.46E-06,0.505726527,0.128550523,0,
27,2.29E-05,2.45E-06,0.505726527,0.559357554,0,
28,2.21E-05,2.53E-06,0.505726527,0.498642524,0,
29,2.13E-05,2.57E-06,0.505726527,0.662564797,0,
30,2.06E-05,2.77E-06,0.505726527,0.040138187,0,
31,1.96E-05,2.72E-06,0.505726527,0.671773186,0,
32,1.90E-05,2.92E-06,0.505726527,0.081417953,0,
33,1.82E-05,2.94E-06,0.505726527,0.348009923,0,
34,1.75E-05,3.00E-06,0.505726527,0.454145081,0,
35,1.71E-05,3.13E-06,0.505726527,0.261375621,0,
36,1.62E-05,3.15E-06,0.505726527,0.574853106,0,
37,1.58E-05,3.33E-06,0.505726527,0.201839703,0,
38,1.52E-05,3.37E-06,0.505726527,0.423302143,0,
39,1.51E-05,3.54E-06,0.505726527,0.129891913,0,
40,1.41E-05,3.56E-06,0.505726527,0.478727828,0,
41,1.36E-05,3.66E-06,0.507195618,0.469172424,0,
42,1.31E-05,3.72E-06,0.527684666,0.643855179,0,
43,1.27E-05,3.88E-06,0.492594608,0.471667218,0,
44,1.22E-05,3.95E-06,0.557629793,0.653139011,0,
45,1.18E-05,4.07E-06,0.550658622,0.627183418,0,
46,1.14E-05,4.22E-06,0.587741455,0.506375391,0,
47,1.10E-05,4.41E-06,0.522061755,0.283052076,0,
48,1.06E-05,4.47E-06,0.594087071,0.526734583,0,
49,1.03E-05,4.70E-06,0.524235187,0.202492292,0,
50,1.01E-05,4.85E-06,0.369996029,0.188940537,0,
51,9.67E-06,4.86E-06,0.491078592,0.599295701,0,
52,9.30E-06,5.02E-06,0.564814094,0.561423034,0,
53,9.02E-06,5.16E-06,0.527903109,0.599736846,0,
54,8.74E-06,5.33E-06,0.51221228,0.569707071,0,
55,8.46E-06,5.55E-06,0.499054435,0.406691205,0,
56,8.16E-06,5.66E-06,0.535433619,0.574023746,0,
57,7.86E-06,5.80E-06,0.598483992,0.665484657,0,
58,7.67E-06,6.08E-06,0.504557292,0.386887039,0,
59,7.42E-06,6.23E-06,0.515259876,0.479994913,0,
60,7.21E-06,6.44E-06,0.474600458,0.448153601,0,
61,6.92E-06,6.63E-06,0.572007676,0.471538703,0,
62,6.75E-06,6.88E-06,0.491475592,0.36806661,0,
63,6.66E-06,7.14E-06,0.265469252,0.256580968,0,
64,6.34E-06,7.29E-06,0.471310555,0.435950895,0,
65,6.15E-06,7.51E-06,0.46713747,0.455643967,0,
66,5.98E-06,7.73E-06,0.42726055,0.500226452,0,
67,5.78E-06,8.04E-06,0.457540192,0.356278482,0,
68,5.51E-06,8.25E-06,0.634563133,0.458969339,0,
69,5.43E-06,8.51E-06,0.449230162,0.478641478,0,
70,5.25E-06,8.78E-06,0.487699422,0.480820038,0,
71,5.05E-06,9.18E-06,0.558769068,0.256016091,0,
72,4.92E-06,9.31E-06,0.518915963,0.576229505,0,
73,4.80E-06,9.69E-06,0.434338936,0.435750029,0,
74,4.62E-06,1.00E-05,0.531186897,0.449236358,0,
75,4.44E-06,1.03E-05,0.613184956,0.565852425,0,
76,4.38E-06,1.06E-05,0.438390434,0.647708282,0,
77,4.21E-06,1.09E-05,0.544052664,0.584985592,0,
78,4.14E-06,1.13E-05,0.40078944,0.520794582,0,
79,3.97E-06,1.18E-05,0.516518545,0.421851801,0,
80,3.91E-06,1.21E-05,0.362079088,0.639745228,0,
81,3.81E-06,1.25E-05,0.336040535,0.581530944,0,
82,3.67E-06,1.29E-05,0.412670289,0.605328192,0,
83,3.56E-06,1.33E-05,0.414078525,0.684653652,0,
84,3.44E-06,1.39E-05,0.446741221,0.532236345,0,
85,3.41E-06,1.45E-05,0.240424967,0.275021361,0,
86,3.27E-06,1.49E-05,0.384633352,0.381753161,0,
87,3.19E-06,1.54E-05,0.339922777,0.46281762,0,
88,3.10E-06,1.59E-05,0.321858563,0.48889712,0,
89,3.00E-06,1.65E-05,0.339679356,0.514798779,0,
90,2.99E-06,1.73E-05,0.121993727,0.217563552,0,
91,2.84E-06,1.78E-05,0.311819876,0.313062038,0,
92,2.76E-06,1.84E-05,0.333586066,0.359422947,0,
93,2.60E-06,1.92E-05,0.613320795,0.188541495,0,
94,2.50E-06,1.97E-05,0.689644572,0.385010462,0,
95,2.43E-06,2.04E-05,0.680995217,0.448343723,0,
96,2.44E-06,2.13E-05,0.385951692,0.240592037,0,
97,2.48E-06,2.20E-05,0,0.240592037,0,
98,2.29E-06,2.31E-05,0.460040344,0.240592037,0,
99,2.21E-06,2.40E-05,0.535095541,0.240592037,0,
100,2.21E-06,2.48E-05,0.267801093,0.240592037,0,
101,2.09E-06,2.56E-05,0.517168426,0.240592037,0,
102,2.08E-06,2.66E-05,0.30592718,0.240592037,0,
103,1.99E-06,2.78E-05,0.459667496,0.240592037,0,
104,1.97E-06,2.88E-05,0.26546604,0.240592037,0,
105,1.88E-06,2.98E-05,0.457475573,0.240592037,0,
106,1.79E-06,3.11E-05,0.635055182,0.240592037,0,
107,1.78E-06,3.25E-05,0.444933494,0.240592037,0,
108,1.78E-06,3.40E-05,0.204742648,0.240592037,0,
109,1.65E-06,3.52E-05,0.5994403,0.240592037,0,
110,1.63E-06,3.66E-05,0.456739227,0.240592037,0,
111,1.61E-06,3.82E-05,0.368378366,0.240592037,0,
112,1.63E-06,3.98E-05,0.003402821,0.240592037,0,
113,1.51E-06,4.13E-05,0.443728145,0.240592037,0,
114,1.41E-06,4.27E-05,0.734653205,0.240592037,0,
115,1.46E-06,4.46E-05,0.246764808,0.240592037,0,
116,1.37E-06,4.64E-05,0.568015005,0.240592037,0,
117,1.34E-06,4.83E-05,0.520372162,0.240592037,0,
118,1.31E-06,5.02E-05,0.454933557,0.240592037,0,
119,1.31E-06,5.22E-05,0.234546927,0.240592037,0,
120,1.21E-06,5.42E-05,0.63761604,0.240592037,0,
121,1.23E-06,5.63E-05,0.331794672,0.240592037,0,
122,1.15E-06,5.89E-05,0.605080359,0.240592037,0,
123,1.16E-06,6.11E-05,0.357080863,0.240592037,0,
124,1.08E-06,6.34E-05,0.684010249,0.240592037,0,
125,1.01E-06,6.57E-05,1,0.240592037,0,
126,1.04E-06,6.78E-05,0.557176571,0.240592037,0,
127,1.05E-06,7.04E-05,0.276857112,0.240592037,0,
128,1.02E-06,7.04E-05,0.325322596,0.240592037,0,
1,5.57E-05,5.96E-07,0.091428045,0.870004278,2,patient 26
2,5.36E-05,6.55E-07,0.091428045,0.361322084,2,
3,5.15E-05,6.59E-07,0.091428045,0.532085758,2,
4,4.97E-05,6.77E-07,0.091428045,0.534608796,2,
5,4.79E-05,6.93E-07,0.091428045,0.576465257,2,
6,4.59E-05,7.35E-07,0.091428045,0.334741512,2,
7,4.42E-05,7.60E-07,0.063232889,0.290585371,2,
8,4.24E-05,7.64E-07,0.062244467,0.466185521,2,
9,4.08E-05,7.63E-07,0.050470487,0.705752378,2,
10,3.90E-05,7.75E-07,0.069240834,0.802385031,2,
11,3.76E-05,8.05E-07,0.048021226,0.723782731,2,
12,3.61E-05,8.04E-07,0.046431149,0.969308406,2,
13,3.47E-05,9.03E-07,0.033757356,0.252866374,2,
14,3.34E-05,8.96E-07,0.02972222,0.551574622,2,
15,3.20E-05,9.30E-07,0.053177754,0.474288766,2,
16,3.09E-05,9.72E-07,0.03121162,0.34511903,2,
17,2.95E-05,9.94E-07,0.066317684,0.395507614,2,
18,2.84E-05,1.01E-06,0.060474437,0.530421205,2,
19,2.73E-05,1.03E-06,0.066082072,0.577883715,2,
20,2.64E-05,1.01E-06,0.046573506,1,2,
21,2.52E-05,1.08E-06,0.091067079,0.677626679,2,
22,2.44E-05,1.14E-06,0.076781205,0.45990548,2,
23,2.34E-05,1.17E-06,0.095496785,0.500573786,2,
24,2.26E-05,1.18E-06,0.072394653,0.665660533,2,
25,2.17E-05,1.23E-06,0.107347541,0.563230713,2,
26,2.10E-05,1.28E-06,0.08813189,0.428940469,2,
27,2.02E-05,1.31E-06,0.089929128,0.531491828,2,
28,1.95E-05,1.32E-06,0.084357244,0.687928365,2,
29,1.89E-05,1.41E-06,0.053842032,0.388017702,2,
30,1.82E-05,1.39E-06,0.077899988,0.766025616,2,
31,1.76E-05,1.48E-06,0.066507697,0.446522137,2,
32,1.70E-05,1.50E-06,0.065615246,0.612724153,2,
33,1.64E-05,1.56E-06,0.068585509,0.559079781,2,
34,1.59E-05,1.61E-06,0.039871463,0.504138047,2,
35,1.53E-05,1.64E-06,0.066074322,0.613283709,2,
36,1.49E-05,1.72E-06,0.027980771,0.436144789,2,
37,1.43E-05,1.74E-06,0.069026186,0.606079165,2,
38,1.40E-05,1.83E-06,0.021667056,0.447244365,2,
39,1.34E-05,1.87E-06,0.045429319,0.503240974,2,
40,1.30E-05,1.97E-06,0.045800954,0.301751962,2,
41,1.26E-05,2.00E-06,0.022032025,0.442991942,2,
42,1.22E-05,2.08E-06,0.038699633,0.391149848,2,
43,1.18E-05,2.16E-06,0.025368928,0.318101507,2,
44,1.15E-05,2.19E-06,0.003866455,0.467806662,2,
45,1.11E-05,2.27E-06,0.014291489,0.421512648,2,
46,1.07E-05,2.35E-06,0.035718174,0.390620936,2,
47,1.03E-05,2.40E-06,0.050102992,0.478463183,2,
48,1.00E-05,2.48E-06,0.03408194,0.455622156,2,
49,9.69E-06,2.54E-06,0.037852467,0.538218328,2,
50,9.44E-06,2.64E-06,0.015976504,0.429671992,2,
51,9.11E-06,2.70E-06,0.029728042,0.543845078,2,
52,8.90E-06,2.81E-06,0,0.439556268,2,
53,8.57E-06,2.88E-06,0.023905553,0.53234676,2,
54,8.23E-06,3.00E-06,0.057827291,0.423989217,2,
55,8.04E-06,3.15E-06,0.028858618,0.23840707,2,
56,7.79E-06,3.20E-06,0.032088691,0.397236897,2,
57,7.46E-06,3.32E-06,0.077168463,0.348176914,2,
58,7.30E-06,3.44E-06,0.042161736,0.322608905,2,
59,7.08E-06,3.57E-06,0.039650921,0.240291072,2,
60,6.84E-06,3.67E-06,0.053325735,0.308159123,2,
61,6.71E-06,3.82E-06,0.014990244,0.224090929,2,
62,6.35E-06,3.91E-06,0.105123441,0.309171954,2,
63,6.29E-06,4.08E-06,0.031442828,0.182545744,2,
64,6.06E-06,4.22E-06,0.054265388,0.182132002,2,
65,5.84E-06,4.39E-06,0.079149337,0.104346207,2,
66,5.63E-06,4.50E-06,0.103214164,0.191510812,2,
67,5.53E-06,4.68E-06,0.060543077,0.12496629,2,
68,5.35E-06,4.84E-06,0.071919188,0.098530306,2,
69,5.22E-06,5.02E-06,0.059858109,0.057773604,2,
70,5.03E-06,5.18E-06,0.08669883,0.080155141,2,
71,4.87E-06,5.37E-06,0.096452641,0.046623395,2,
72,4.68E-06,5.56E-06,0.127099121,0.037178395,2,
73,4.55E-06,5.73E-06,0.125311505,0.072491311,2,
74,4.37E-06,5.92E-06,0.162054416,0.073793388,2,
75,4.26E-06,6.12E-06,0.14955602,0.082773206,2,
76,4.04E-06,6.36E-06,0.224102764,0.027171261,2,
77,3.99E-06,6.60E-06,0.17623717,0,2,
78,3.80E-06,6.75E-06,0.237462585,0.131724051,2,
79,3.74E-06,7.02E-06,0.191998312,0.06653485,2,
80,3.56E-06,7.29E-06,0.26197279,0.027924626,2,
81,3.51E-06,7.54E-06,0.210601576,0.037348815,2,
82,3.37E-06,7.72E-06,0.255228297,0.18683554,2,
83,3.25E-06,8.06E-06,0.275286476,0.07807071,2,
84,3.08E-06,8.33E-06,0.354245908,0.102715914,2,
85,3.04E-06,8.63E-06,0.309438238,0.10178185,2,
86,2.92E-06,8.92E-06,0.335383617,0.131814368,2,
87,2.82E-06,9.19E-06,0.362497522,0.21452867,2,
88,2.68E-06,9.57E-06,0.427798417,0.154164606,2,
89,2.60E-06,9.97E-06,0.433819939,0.084740192,2,
90,2.52E-06,1.03E-05,0.439516772,0.182422867,2,
91,2.38E-06,1.06E-05,0.516878253,0.228892032,2,
92,2.34E-06,1.11E-05,0.489576292,0.145853473,2,
93,2.26E-06,1.14E-05,0.507504128,0.243037648,2,
94,2.20E-06,1.18E-05,0.510617374,0.238545878,2,
95,2.08E-06,1.22E-05,0.585740468,0.321852372,2,
96,2.06E-06,1.27E-05,0.531312666,0.289958735,2,
97,1.97E-06,1.31E-05,0.574591148,0.343322523,2,
98,1.91E-06,1.37E-05,0.584597007,0.301700675,2,
99,1.86E-06,1.41E-05,0.583555955,0.400836289,2,
100,1.74E-06,1.47E-05,0.692328736,0.401050033,2,
101,1.72E-06,1.52E-05,0.644536244,0.41635708,2,
102,1.64E-06,1.59E-05,0.704511782,0.383858661,2,
103,1.58E-06,1.64E-05,0.721003794,0.461627736,2,
104,1.55E-06,1.70E-05,0.694961571,0.509682897,2,
105,1.46E-06,1.78E-05,0.777366981,0.476758442,2,
106,1.47E-06,1.85E-05,0.68547835,0.432998963,2,
107,1.38E-06,1.92E-05,0.786522755,0.462126737,2,
108,1.37E-06,2.01E-05,0.737628201,0.401277099,2,
109,1.31E-06,2.09E-05,0.785134059,0.397121975,2,
110,1.30E-06,2.19E-05,0.71601672,0.310674261,2,
111,1.24E-06,2.27E-05,0.776973219,0.395728469,2,
112,1.17E-06,2.39E-05,0.862916895,0.259385303,2,
113,1.13E-06,2.48E-05,0.867997529,0.296742799,2,
114,1.10E-06,2.59E-05,0.879779895,0.302080447,2,
115,1.07E-06,2.70E-05,0.876515033,0.280631414,2,
116,1.02E-06,2.83E-05,0.909319685,0.169535619,2,
117,9.94E-07,2.97E-05,0.915464762,0.127217725,2,
118,9.73E-07,3.09E-05,0.902385098,0.127217725,2,
119,9.55E-07,3.23E-05,0.881117411,0.127217725,2,
120,9.41E-07,3.36E-05,0.851292355,0.127217725,2,
121,8.96E-07,3.51E-05,0.902712663,0.127217725,2,
122,8.38E-07,3.65E-05,1,0.127217725,2,
123,8.37E-07,3.81E-05,0.937348986,0.127217725,2,
124,8.01E-07,3.97E-05,0.977200753,0.127217725,2,
125,7.73E-07,4.13E-05,0.99535462,0.127217725,2,
126,7.73E-07,4.30E-05,0.93143995,0.127217725,2,
127,7.32E-07,4.49E-05,0.93143995,0.127217725,2,
128,0,4.49E-05,0.93143995,0.127217725,2,
1,4.15E-05,4.64E-07,0.013663233,0.78636641,0,patient 29
2,3.97E-05,4.75E-07,0.013663233,0.789562855,0,
3,3.80E-05,4.59E-07,0.013663233,1,0,
4,3.62E-05,4.92E-07,0.013663233,0.845881868,0,
5,3.46E-05,5.22E-07,0.013663233,0.72982276,0,
6,3.31E-05,5.30E-07,0.013663233,0.769403215,0,
7,3.15E-05,5.27E-07,0.013663233,0.883028837,0,
8,3.01E-05,5.66E-07,0.013663233,0.718392346,0,
9,2.86E-05,5.72E-07,0.013663233,0.77146752,0,
10,2.72E-05,5.93E-07,0.013663233,0.739916341,0,
11,2.60E-05,6.08E-07,0.013663233,0.743588955,0,
12,2.47E-05,6.42E-07,0.013663233,0.639177519,0,
13,2.36E-05,6.35E-07,0.013663233,0.770991613,0,
14,2.26E-05,6.76E-07,0.013663233,0.638910047,0,
15,2.15E-05,7.02E-07,0.013663233,0.596504063,0,
16,2.06E-05,7.06E-07,0.013663233,0.669988745,0,
17,1.97E-05,7.38E-07,0.013663233,0.604898186,0,
18,1.87E-05,7.34E-07,0.013663233,0.723260057,0,
19,1.79E-05,7.88E-07,0.013663233,0.55385833,0,
20,1.71E-05,7.82E-07,0.013663233,0.687474963,0,
21,1.64E-05,8.37E-07,0.013663233,0.526490198,0,
22,1.57E-05,8.50E-07,0.013663233,0.568099958,0,
23,1.51E-05,8.82E-07,0.013663233,0.526190565,0,
24,1.44E-05,9.15E-07,0.013663233,0.487484027,0,
25,1.38E-05,9.64E-07,0.013663233,0.385657882,0,
26,1.32E-05,9.64E-07,0.013663233,0.489972594,0,
27,1.27E-05,9.80E-07,0.013663233,0.53350277,0,
28,1.22E-05,1.03E-06,0.013663233,0.432805705,0,
29,1.17E-05,1.04E-06,0.013663233,0.494711734,0,
30,1.12E-05,1.07E-06,0.013663233,0.51669381,0,
31,1.08E-05,1.13E-06,0.013663233,0.379928495,0,
32,1.03E-05,1.16E-06,0.013663233,0.396724731,0,
33,9.94E-06,1.18E-06,0.013663233,0.443530684,0,
34,9.56E-06,1.24E-06,0.013663233,0.355580513,0,
35,9.12E-06,1.26E-06,0.013663233,0.401681124,0,
36,8.86E-06,1.31E-06,0,0.340829082,0,
37,8.49E-06,1.34E-06,0.043902647,0.357485243,0,
38,8.28E-06,1.40E-06,0.013310768,0.298010376,0,
39,7.88E-06,1.43E-06,0.083268301,0.315042462,0,
40,7.59E-06,1.47E-06,0.106829781,0.303038715,0,
41,7.27E-06,1.51E-06,0.149325603,0.315098601,0,
42,7.07E-06,1.58E-06,0.134879234,0.237941582,0,
43,6.77E-06,1.61E-06,0.183465185,0.270880711,0,
44,6.50E-06,1.66E-06,0.219257414,0.267949423,0,
45,6.27E-06,1.71E-06,0.234615333,0.241699341,0,
46,6.04E-06,1.75E-06,0.257004914,0.265859416,0,
47,5.84E-06,1.80E-06,0.270728972,0.275533845,0,
48,5.68E-06,1.86E-06,0.258019324,0.245040106,0,
49,5.46E-06,1.93E-06,0.287285169,0.207573807,0,
50,5.28E-06,2.01E-06,0.300507232,0.156938696,0,
51,5.06E-06,2.05E-06,0.340862283,0.200869147,0,
52,4.90E-06,2.11E-06,0.346575212,0.195168453,0,
53,4.74E-06,2.15E-06,0.35918483,0.244168945,0,
54,4.54E-06,2.21E-06,0.40229239,0.236837396,0,
55,4.40E-06,2.29E-06,0.408320926,0.215962137,0,
56,4.23E-06,2.36E-06,0.432996678,0.213729248,0,
57,4.10E-06,2.45E-06,0.438052315,0.167598552,0,
58,3.96E-06,2.53E-06,0.456825422,0.142518903,0,
59,3.75E-06,2.56E-06,0.535743113,0.239721258,0,
60,3.72E-06,2.67E-06,0.462208059,0.168663636,0,
61,3.57E-06,2.72E-06,0.501856458,0.218173278,0,
62,3.44E-06,2.80E-06,0.52728994,0.229289251,0,
63,3.35E-06,2.91E-06,0.521569486,0.186905683,0,
64,3.28E-06,2.99E-06,0.491152591,0.195241664,0,
65,3.13E-06,3.05E-06,0.54508589,0.234577739,0,
66,3.01E-06,3.17E-06,0.57589107,0.203108903,0,
67,2.94E-06,3.24E-06,0.559405717,0.23480192,0,
68,2.82E-06,3.35E-06,0.597693878,0.228058519,0,
69,2.74E-06,3.44E-06,0.600178696,0.243765577,0,
70,2.67E-06,3.55E-06,0.59496391,0.242005787,0,
71,2.56E-06,3.66E-06,0.636229107,0.232465663,0,
72,2.52E-06,3.78E-06,0.591166276,0.23029862,0,
73,2.44E-06,3.90E-06,0.603334503,0.226682354,0,
74,2.36E-06,4.02E-06,0.612557104,0.235700522,0,
75,2.29E-06,4.14E-06,0.616619678,0.245658674,0,
76,2.22E-06,4.31E-06,0.6265208,0.182048,0,
77,2.16E-06,4.43E-06,0.622004142,0.204805529,0,
78,2.08E-06,4.58E-06,0.65409437,0.205213082,0,
79,1.99E-06,4.72E-06,0.708454935,0.20302471,0,
80,1.96E-06,4.88E-06,0.671021521,0.19351045,0,
81,1.89E-06,5.07E-06,0.685679174,0.162874108,0,
82,1.84E-06,5.26E-06,0.684710942,0.136136586,0,
83,1.82E-06,5.43E-06,0.64458604,0.138156634,0,
84,1.71E-06,5.61E-06,0.743017245,0.13452679,0,
85,1.65E-06,5.81E-06,0.754669169,0.118661919,0,
86,1.61E-06,6.04E-06,0.747035718,0.07899401,0,
87,1.61E-06,6.25E-06,0.670699708,0.072469613,0,
88,1.59E-06,6.46E-06,0.629923407,0.062926344,0,
89,1.54E-06,6.74E-06,0.645520355,0.007640065,0,
90,1.42E-06,6.90E-06,0.793558781,0.063872523,0,
91,1.43E-06,7.16E-06,0.700835852,0.040899488,0,
92,1.36E-06,7.45E-06,0.757290586,0,0,
93,1.36E-06,7.66E-06,0.693484827,0.03993532,0,
94,1.33E-06,7.95E-06,0.680061168,0.019609455,0,
95,1.29E-06,8.20E-06,0.69007694,0.039877883,0,
96,1.21E-06,8.49E-06,0.783215487,0.0381626,0,
97,1.17E-06,8.77E-06,0.79917543,0.04984551,0,
98,1.13E-06,9.07E-06,0.81479264,0.04984551,0,
99,1.13E-06,9.36E-06,0.760654896,0.04984551,0,
100,1.14E-06,9.75E-06,0.670291079,0.04984551,0,
101,1.08E-06,1.00E-05,0.729407986,0.04984551,0,
102,1.04E-06,1.04E-05,0.747614465,0.04984551,0,
103,9.92E-07,1.07E-05,0.809823419,0.04984551,0,
104,9.77E-07,1.11E-05,0.781931318,0.04984551,0,
105,9.54E-07,1.15E-05,0.777258511,0.04984551,0,
106,9.20E-07,1.18E-05,0.802815293,0.04984551,0,
107,8.87E-07,1.23E-05,0.827706461,0.04984551,0,
108,9.24E-07,1.28E-05,0.664170864,0.04984551,0,
109,8.35E-07,1.32E-05,0.845642157,0.04984551,0,
110,8.59E-07,1.37E-05,0.713925579,0.04984551,0,
111,8.10E-07,1.41E-05,0.793591151,0.04984551,0,
112,7.90E-07,1.46E-05,0.791538048,0.04984551,0,
113,7.61E-07,1.52E-05,0.819859595,0.04984551,0,
114,7.22E-07,1.56E-05,0.88154834,0.04984551,0,
115,7.38E-07,1.63E-05,0.76843032,0.04984551,0,
116,7.11E-07,1.69E-05,0.796080406,0.04984551,0,
117,6.48E-07,1.75E-05,0.950937537,0.04984551,0,
118,6.68E-07,1.82E-05,0.821571372,0.04984551,0,
119,6.03E-07,1.89E-05,1,0.04984551,0,
120,6.17E-07,1.95E-05,0.887838529,0.04984551,0,
121,6.08E-07,2.02E-05,0.864359489,0.04984551,0,
122,5.71E-07,2.09E-05,0.946307434,0.04984551,0,
123,5.77E-07,2.17E-05,0.866766116,0.04984551,0,
124,5.47E-07,2.26E-05,0.929337463,0.04984551,0,
125,5.47E-07,2.34E-05,0.873024681,0.04984551,0,
126,5.60E-07,2.42E-05,0.763376575,0.04984551,0,
127,5.36E-07,2.51E-05,0.763376575,0.04984551,0,
128,0,2.51E-05,0.763376575,0.04984551,0,
1,3.60E-05,6.63E-07,0.016768327,0.139937562,1,patient 30
2,3.48E-05,6.73E-07,0.016768327,0.163133295,1,
3,3.36E-05,6.84E-07,0.016768327,0.183458114,1,
4,3.24E-05,7.15E-07,0.016768327,0.145909459,1,
5,3.12E-05,7.27E-07,0.016768327,0.163331981,1,
6,3.01E-05,7.54E-07,0.016768327,0.144375866,1,
7,2.90E-05,7.69E-07,0.016768327,0.155818324,1,
8,2.80E-05,7.79E-07,0.016768327,0.184764205,1,
9,2.70E-05,7.92E-07,0.016768327,0.206329171,1,
10,2.60E-05,8.39E-07,0.016768327,0.139046015,1,
11,2.50E-05,8.45E-07,0.016768327,0.181729427,1,
12,2.42E-05,8.80E-07,0.016768327,0.150994869,1,
13,2.33E-05,9.05E-07,0.016768327,0.149555856,1,
14,2.24E-05,9.16E-07,0.016768327,0.181366379,1,
15,2.17E-05,9.77E-07,0.016768327,0.099308516,1,
16,2.09E-05,9.55E-07,0.016768327,0.206400282,1,
17,2.01E-05,9.95E-07,0.016768327,0.175032525,1,
18,1.94E-05,1.05E-06,0.016768327,0.115943263,1,
19,1.88E-05,1.05E-06,0.016768327,0.172190172,1,
20,1.82E-05,1.08E-06,0.016768327,0.163971699,1,
21,1.75E-05,1.15E-06,0.016768327,0.091167214,1,
22,1.69E-05,1.18E-06,0.016768327,0.106233355,1,
23,1.63E-05,1.20E-06,0.016768327,0.127211677,1,
24,1.57E-05,1.20E-06,0.016768327,0.185248846,1,
25,1.52E-05,1.23E-06,0.016768327,0.185096599,1,
26,1.47E-05,1.30E-06,0.016768327,0.123881117,1,
27,1.41E-05,1.27E-06,0.016768327,0.239145431,1,
28,1.37E-05,1.33E-06,0.016768327,0.195700462,1,
29,1.31E-05,1.37E-06,0.016768327,0.190122229,1,
30,1.28E-05,1.42E-06,0.016768327,0.176515464,1,
31,1.22E-05,1.43E-06,0.016768327,0.235189115,1,
32,1.19E-05,1.54E-06,0.016768327,0.122389092,1,
33,1.15E-05,1.57E-06,0.016768327,0.130256763,1,
34,1.11E-05,1.59E-06,0.016768327,0.174215083,1,
35,1.06E-05,1.61E-06,0.041327873,0.209857137,1,
36,1.04E-05,1.69E-06,0,0.162353945,1,
37,9.95E-06,1.73E-06,0.027987248,0.170000188,1,
38,9.64E-06,1.81E-06,0.011837948,0.131065,1,
39,9.29E-06,1.87E-06,0.0262884,0.124266638,1,
40,8.99E-06,1.93E-06,0.015929883,0.112763377,1,
41,8.65E-06,1.94E-06,0.039491851,0.180761242,1,
42,8.35E-06,2.02E-06,0.043244692,0.146283235,1,
43,8.08E-06,2.10E-06,0.040392249,0.120492303,1,
44,7.86E-06,2.16E-06,0.009384555,0.11660858,1,
45,7.57E-06,2.21E-06,0.025758288,0.141880364,1,
46,7.31E-06,2.29E-06,0.036015271,0.12191307,1,
47,7.00E-06,2.33E-06,0.080220635,0.154957912,1,
48,6.82E-06,2.42E-06,0.046116966,0.129481807,1,
49,6.58E-06,2.50E-06,0.061192227,0.119590042,1,
50,6.40E-06,2.62E-06,0.037311921,0.076429599,1,
51,6.12E-06,2.64E-06,0.091315128,0.128666966,1,
52,5.96E-06,2.76E-06,0.062969937,0.085393726,1,
53,5.69E-06,2.81E-06,0.120784771,0.126022484,1,
54,5.53E-06,2.95E-06,0.103733965,0.06966137,1,
55,5.36E-06,3.02E-06,0.100384579,0.083210831,1,
56,5.24E-06,3.14E-06,0.059973967,0.058649259,1,
57,5.06E-06,3.21E-06,0.077035281,0.085308801,1,
58,4.88E-06,3.31E-06,0.091028252,0.08409257,1,
59,4.74E-06,3.45E-06,0.085251637,0.046243674,1,
60,4.59E-06,3.54E-06,0.082667874,0.063575049,1,
61,4.45E-06,3.68E-06,0.087155221,0.039103648,1,
62,4.30E-06,3.78E-06,0.097381284,0.046335982,1,
63,4.16E-06,3.93E-06,0.106112984,0.025620652,1,
64,4.01E-06,4.02E-06,0.123697765,0.048777114,1,
65,3.92E-06,4.14E-06,0.09307328,0.051846798,1,
66,3.79E-06,4.28E-06,0.101593592,0.044894035,1,
67,3.67E-06,4.44E-06,0.113966339,0.025416841,1,
68,3.65E-06,4.58E-06,0.014190827,0.02371547,1,
69,3.45E-06,4.74E-06,0.113447974,0.014152475,1,
70,3.36E-06,4.88E-06,0.102417113,0.020143404,1,
71,3.25E-06,5.03E-06,0.105781395,0.02391703,1,
72,3.17E-06,5.18E-06,0.088249488,0.034008327,1,
73,3.10E-06,5.40E-06,0.061441923,0,1,
74,2.96E-06,5.54E-06,0.117533091,0.022137283,1,
75,2.87E-06,5.75E-06,0.119279169,0.003762937,1,
76,2.77E-06,5.92E-06,0.142677642,0.014761887,1,
77,2.71E-06,6.10E-06,0.113779993,0.022758365,1,
78,2.65E-06,6.33E-06,0.089634776,0.007962139,1,
79,2.56E-06,6.54E-06,0.11264016,0.005712867,1,
80,2.48E-06,6.70E-06,0.117099866,0.005712867,1,
81,2.41E-06,6.95E-06,0.111962291,0.005712867,1,
82,2.34E-06,7.14E-06,0.11965552,0.005712867,1,
83,2.23E-06,7.39E-06,0.177117521,0.005712867,1,
84,2.16E-06,7.60E-06,0.182901428,0.005712867,1,
85,2.11E-06,7.91E-06,0.171649799,0.005712867,1,
86,2.05E-06,8.18E-06,0.173924496,0.005712867,1,
87,2.02E-06,8.50E-06,0.118850421,0.005712867,1,
88,1.93E-06,8.74E-06,0.183911206,0.005712867,1,
89,1.91E-06,9.09E-06,0.125039589,0.005712867,1,
90,1.80E-06,9.41E-06,0.209317029,0.005712867,1,
91,1.77E-06,9.64E-06,0.171428508,0.005712867,1,
92,1.73E-06,1.01E-05,0.165568795,0.005712867,1,
93,1.65E-06,1.04E-05,0.219479533,0.005712867,1,
94,1.61E-06,1.08E-05,0.215286548,0.005712867,1,
95,1.56E-06,1.11E-05,0.219831347,0.005712867,1,
96,1.50E-06,1.15E-05,0.242518818,0.005712867,1,
97,1.44E-06,1.20E-05,0.279635971,0.005712867,1,
98,1.41E-06,1.24E-05,0.258350039,0.005712867,1,
99,1.35E-06,1.27E-05,0.303212559,0.005712867,1,
100,1.33E-06,1.33E-05,0.272649389,0.005712867,1,
101,1.33E-06,1.38E-05,0.180548412,0.005712867,1,
102,1.25E-06,1.43E-05,0.284322148,0.005712867,1,
103,1.23E-06,1.48E-05,0.257775059,0.005712867,1,
104,1.19E-06,1.53E-05,0.264597417,0.005712867,1,
105,1.18E-06,1.59E-05,0.218520963,0.005712867,1,
106,1.12E-06,1.65E-05,0.296416742,0.005712867,1,
107,1.10E-06,1.72E-05,0.259853462,0.005712867,1,
108,1.08E-06,1.77E-05,0.234372995,0.005712867,1,
109,1.01E-06,1.84E-05,0.359172828,0.005712867,1,
110,1.04E-06,1.93E-05,0.177663307,0.005712867,1,
111,1.00E-06,1.99E-05,0.22028036,0.005712867,1,
112,9.48E-07,2.06E-05,0.293315752,0.005712867,1,
113,9.29E-07,2.14E-05,0.275608647,0.005712867,1,
114,8.95E-07,2.21E-05,0.303261787,0.005712867,1,
115,8.66E-07,2.30E-05,0.318865833,0.005712867,1,
116,8.63E-07,2.39E-05,0.255531835,0.005712867,1,
117,8.61E-07,2.47E-05,0.187199225,0.005712867,1,
118,8.06E-07,2.56E-05,0.295328699,0.005712867,1,
119,8.28E-07,2.67E-05,0.152330861,0.005712867,1,
120,7.79E-07,2.75E-05,0.24161868,0.005712867,1,
121,7.75E-07,2.84E-05,0.186499863,0.005712867,1,
122,7.48E-07,2.95E-05,0.210197587,0.005712867,1,
123,7.27E-07,3.06E-05,0.214597893,0.005712867,1,
124,6.85E-07,3.17E-05,0.29837514,0.005712867,1,
125,6.91E-07,3.28E-05,0.208947145,0.005712867,1,
126,6.91E-07,3.39E-05,0.141645017,0.005712867,1,
127,6.80E-07,3.50E-05,0.114886462,0.005712867,1,
128,6.80E-07,3.50E-05,0.049036861,0.005712867,1,
1,5.47E-05,5.50E-07,0.031293184,0.124396043,1,patient 31
2,5.29E-05,5.70E-07,0.031293184,0.09609402,1,
3,5.11E-05,5.80E-07,0.031293184,0.121786931,1,
4,4.95E-05,6.14E-07,0.031293184,0.04012462,1,
5,4.77E-05,6.06E-07,0.031293184,0.148169009,1,
6,4.61E-05,6.49E-07,0.031293184,0.034536799,1,
7,4.45E-05,6.57E-07,0.031293184,0.070833099,1,
8,4.30E-05,6.58E-07,0.031293184,0.140992008,1,
9,4.13E-05,6.89E-07,0.031293184,0.088676933,1,
10,4.00E-05,6.91E-07,0.031293184,0.151616634,1,
11,3.85E-05,7.01E-07,0.031293184,0.187977858,1,
12,3.72E-05,7.58E-07,0.031293184,0.045755263,1,
13,3.58E-05,7.63E-07,0.031293184,0.101199807,1,
14,3.46E-05,7.89E-07,0.031293184,0.082554273,1,
15,3.33E-05,8.02E-07,0.031293184,0.113532624,1,
16,3.21E-05,7.95E-07,0.031293184,0.213476981,1,
17,3.11E-05,8.46E-07,0.031293184,0.115516057,1,
18,3.00E-05,8.80E-07,0.031293184,0.082109777,1,
19,2.89E-05,9.00E-07,0.031293184,0.093485978,1,
20,2.79E-05,9.21E-07,0.031293184,0.106727312,1,
21,2.71E-05,9.36E-07,0.031293184,0.138387352,1,
22,2.61E-05,9.72E-07,0.031293184,0.111124683,1,
23,2.52E-05,1.00E-06,0.031293184,0.103311565,1,
24,2.44E-05,1.01E-06,0.031293184,0.174543004,1,
25,2.35E-05,1.06E-06,0.031293184,0.088327092,1,
26,2.28E-05,1.07E-06,0.031293184,0.140416412,1,
27,2.18E-05,1.10E-06,0.031293184,0.164095324,1,
28,2.13E-05,1.15E-06,0.031293184,0.092356045,1,
29,2.05E-05,1.18E-06,0.031293184,0.109607117,1,
30,1.98E-05,1.20E-06,0.031293184,0.145177413,1,
31,1.92E-05,1.25E-06,0.031293184,0.113910417,1,
32,1.86E-05,1.27E-06,0.031293184,0.150516394,1,
33,1.80E-05,1.31E-06,0.031293184,0.144813926,1,
34,1.74E-05,1.36E-06,0.031293184,0.105999683,1,
35,1.68E-05,1.38E-06,0.031293184,0.159387459,1,
36,1.62E-05,1.44E-06,0.031293184,0.112935732,1,
37,1.57E-05,1.46E-06,0.031293184,0.147196087,1,
38,1.52E-05,1.52E-06,0.031293184,0.128025917,1,
39,1.46E-05,1.55E-06,0.031293184,0.148345393,1,
40,1.42E-05,1.59E-06,0.031293184,0.157616346,1,
41,1.38E-05,1.66E-06,0.031293184,0.109618581,1,
42,1.33E-05,1.71E-06,0.031293184,0.114697506,1,
43,1.29E-05,1.77E-06,0.031293184,0.091225202,1,
44,1.25E-05,1.81E-06,0.031293184,0.118312469,1,
45,1.21E-05,1.87E-06,0.031293184,0.108613124,1,
46,1.17E-05,1.93E-06,0.031293184,0.105342855,1,
47,1.12E-05,1.97E-06,0.031293184,0.121149177,1,
48,1.10E-05,2.06E-06,0.031293184,0.075416235,1,
49,1.05E-05,2.10E-06,0.031293184,0.114250565,1,
50,1.03E-05,2.21E-06,0.031293184,0.034693439,1,
51,9.97E-06,2.26E-06,0.031293184,0.066338999,1,
52,9.63E-06,2.34E-06,0.031293184,0.039882916,1,
53,9.34E-06,2.41E-06,0.031293184,0.047410536,1,
54,9.09E-06,2.47E-06,0.031293184,0.059669616,1,
55,8.75E-06,2.54E-06,0.037807415,0.067357493,1,
56,8.45E-06,2.66E-06,0.040998288,0.014720737,1,
57,8.26E-06,2.75E-06,0.02080807,0,1,
58,7.97E-06,2.80E-06,0.023940566,0.047843865,1,
59,7.73E-06,2.91E-06,0.019530038,0.023109266,1,
60,7.48E-06,2.99E-06,0.018230975,0.027499361,1,
61,7.19E-06,3.08E-06,0.027954596,0.030970627,1,
62,6.94E-06,3.17E-06,0.032162039,0.047217688,1,
63,6.78E-06,3.25E-06,0.015395558,0.063641659,1,
64,6.54E-06,3.41E-06,0.020521763,0.003699446,1,
65,6.31E-06,3.49E-06,0.025713808,0.036606979,1,
66,6.15E-06,3.62E-06,0.014321201,0.005826571,1,
67,5.96E-06,3.72E-06,0.014138598,0.028445751,1,
68,5.82E-06,3.85E-06,0,0.015487285,1,
69,5.60E-06,3.95E-06,0.009979358,0.036824683,1,
70,5.39E-06,4.07E-06,0.017591091,0.047889107,1,
71,5.19E-06,4.20E-06,0.026335775,0.044789266,1,
72,5.09E-06,4.33E-06,0.007103209,0.058667093,1,
73,4.95E-06,4.50E-06,0.000128767,0.032947192,1,
74,4.72E-06,4.60E-06,0.02781976,0.069901735,1,
75,4.62E-06,4.78E-06,0.010034371,0.050336183,1,
76,4.42E-06,4.91E-06,0.029154533,0.071369765,1,
77,4.33E-06,5.09E-06,0.012957578,0.061216447,1,
78,4.21E-06,5.27E-06,0.00673528,0.051866531,1,
79,4.04E-06,5.44E-06,0.024931326,0.052930411,1,
80,3.88E-06,5.61E-06,0.036326631,0.070624787,1,
81,3.76E-06,5.77E-06,0.03598319,0.086823324,1,
82,3.67E-06,6.00E-06,0.027961305,0.063690657,1,
83,3.54E-06,6.17E-06,0.033388632,0.093101265,1,
84,3.41E-06,6.36E-06,0.041904059,0.109757765,1,
85,3.36E-06,6.60E-06,0.021621656,0.091474235,1,
86,3.23E-06,6.84E-06,0.031176756,0.088862213,1,
87,3.15E-06,7.08E-06,0.024467339,0.087893528,1,
88,3.05E-06,7.37E-06,0.027365161,0.059414719,1,
89,2.94E-06,7.57E-06,0.035084522,0.095228376,1,
90,2.85E-06,7.87E-06,0.039500141,0.080951429,1,
91,2.77E-06,8.16E-06,0.034492379,0.071176372,1,
92,2.67E-06,8.46E-06,0.046460397,0.06898774,1,
93,2.57E-06,8.74E-06,0.057464596,0.08173453,1,
94,2.50E-06,9.10E-06,0.05051632,0.058027647,1,
95,2.42E-06,9.44E-06,0.057468838,0.052564247,1,
96,2.40E-06,9.77E-06,0.026851595,0.060642086,1,
97,2.35E-06,1.02E-05,0.016315497,0.043682683,1,
98,2.25E-06,1.05E-05,0.034164341,0.043279588,1,
99,2.15E-06,1.09E-05,0.05622833,0.074382281,1,
100,2.10E-06,1.12E-05,0.047616971,0.095931678,1,
101,1.99E-06,1.17E-05,0.075874948,0.054628788,1,
102,2.00E-06,1.22E-05,0.034389368,0.044180143,1,
103,1.94E-06,1.26E-05,0.033679442,0.062741224,1,
104,1.85E-06,1.31E-05,0.053246811,0.07249045,1,
105,1.81E-06,1.36E-05,0.048669429,0.061458526,1,
106,1.75E-06,1.41E-05,0.054793827,0.095954329,1,
107,1.71E-06,1.47E-05,0.043245665,0.056838508,1,
108,1.69E-06,1.53E-05,0.024572268,0.083331687,1,
109,1.62E-06,1.58E-05,0.0413866,0.093569293,1,
110,1.54E-06,1.65E-05,0.070434671,0.087926828,1,
111,1.57E-06,1.71E-05,0.011181348,0.087926828,1,
112,1.50E-06,1.78E-05,0.03141424,0.087926828,1,
113,1.43E-06,1.85E-05,0.054922044,0.087926828,1,
114,1.39E-06,1.92E-05,0.052390959,0.087926828,1,
115,1.39E-06,1.99E-05,0.015451186,0.087926828,1,
116,1.32E-06,2.07E-05,0.041583962,0.087926828,1,
117,1.25E-06,2.15E-05,0.071584136,0.087926828,1,
118,1.24E-06,2.24E-05,0.048736038,0.087926828,1,
119,1.21E-06,2.32E-05,0.050429998,0.087926828,1,
120,1.17E-06,2.42E-05,0.05324906,0.087926828,1,
121,1.15E-06,2.51E-05,0.036691901,0.087926828,1,
122,1.08E-06,2.60E-05,0.074707174,0.087926828,1,
123,1.06E-06,2.71E-05,0.073162269,0.087926828,1,
124,1.05E-06,2.81E-05,0.050262431,0.087926828,1,
125,9.88E-07,2.92E-05,0.083938016,0.087926828,1,
126,9.91E-07,3.02E-05,0.048720469,0.087926828,1,
127,8.83E-07,3.14E-05,0.146825292,0.087926828,1,
128,8.83E-07,3.14E-05,0.115034837,0.087926828,1,
